{"type":"FeatureCollection","features":[{"type":"Feature","properties":{"geoKey":"40430+41560","codes":["40430","41560"]},"geometry":{"type":"MultiPolygon","coordinates":[[[[137.5388,-34.0104],[137.5391,-34.0121],[137.5376,-34.0138],[137.5372,-34.0107],[137.5388,-34.0104]]],[[[137.5398,-34.0103],[137.54,-34.0098],[137.541,-34.0098],[137.5398,-34.0103]]],[[[137.537,-34.0083],[137.5372,-34.0091],[137.5367,-34.0089],[137.537,-34.0083]]],[[[137.5137,-34.008],[137.5189,-34.0068],[137.5134,-34.0092],[137.5107,-34.0095],[137.5079,-34.009],[137.5095,-34.0078],[137.5126,-34.0073],[137.5137,-34.008]]],[[[137.5228,-34.0057],[137.5245,-34.0047],[137.5242,-34.0056],[137.5228,-34.0057]]],[[[137.5459,-33.9858],[137.5486,-33.9876],[137.5464,-33.9874],[137.5459,-33.9858]]],[[[137.542,-33.9846],[137.5371,-33.9836],[137.5351,-33.9841],[137.5326,-33.9825],[137.5321,-33.9805],[137.5358,-33.9815],[137.542,-33.9846]]],[[[137.5444,-34.0764],[137.5451,-34.0751],[137.548,-34.0744],[137.5489,-34.0752],[137.5514,-34.0742],[137.5541,-34.0691],[137.5552,-34.0689],[137.5559,-34.0661],[137.5575,-34.0651],[137.5583,-34.0593],[137.5607,-34.0571],[137.5609,-34.0544],[137.563,-34.0534],[137.5645,-34.0497],[137.5661,-34.0473],[137.5674,-34.0436],[137.5672,-34.0399],[137.5657,-34.0337],[137.5637,-34.0287],[137.5593,-34.0221],[137.5523,-34.0144],[137.5477,-34.0107],[137.5446,-34.0089],[137.5415,-34.0082],[137.5408,-34.007],[137.538,-34.0082],[137.5364,-34.0067],[137.532,-34.0045],[137.5329,-34.003],[137.531,-34.0021],[137.5286,-34.004],[137.5318,-34.0035],[137.5309,-34.0045],[137.5271,-34.0044],[137.5309,-34.0012],[137.5354,-34.0],[137.5369,-33.9986],[137.5391,-33.9941],[137.5388,-33.9924],[137.5431,-33.9916],[137.5436,-33.9925],[137.5478,-33.9934],[137.5512,-33.9934],[137.5585,-33.9889],[137.5608,-33.986],[137.5611,-33.9841],[137.5599,-33.978],[137.562,-33.9757],[137.5637,-33.9716],[137.5673,-33.9696],[137.575,-33.9678],[137.5776,-33.9641],[137.5783,-33.9589],[137.5823,-33.9551],[137.5839,-33.9529],[137.5864,-33.9508],[137.5894,-33.9461],[137.593,-33.9423],[137.5954,-33.9408],[137.6003,-33.9363],[137.6017,-33.9355],[137.6046,-33.9361],[137.6092,-33.9331],[137.6108,-33.9328],[137.613,-33.9305],[137.6186,-33.929],[137.621,-33.9277],[137.6233,-33.9273],[137.6237,-33.9256],[137.6253,-33.9262],[137.6276,-33.9229],[137.6298,-33.9228],[137.6306,-33.9218],[137.6312,-33.9189],[137.6313,-33.9132],[137.6307,-33.9078],[137.6293,-33.9024],[137.6276,-33.9017],[137.627,-33.8977],[137.6255,-33.8952],[137.6229,-33.8949],[137.618,-33.8912],[137.6156,-33.8913],[137.6095,-33.8852],[137.606,-33.8839],[137.6055,-33.8831],[137.601,-33.88],[137.6003,-33.877],[137.6037,-33.8751],[137.6052,-33.8735],[137.6086,-33.8719],[137.6096,-33.8696],[137.612,-33.8688],[137.6162,-33.8658],[137.6184,-33.8614],[137.6204,-33.8596],[137.6261,-33.8512],[137.6315,-33.8465],[137.6331,-33.8439],[137.6391,-33.8378],[137.6422,-33.8321],[137.6438,-33.8304],[137.646,-33.8299],[137.6511,-33.8267],[137.6536,-33.8238],[137.6592,-33.8198],[137.6619,-33.8193],[137.6626,-33.8179],[137.6665,-33.8162],[137.6682,-33.8138],[137.6727,-33.8103],[137.6776,-33.8046],[137.6807,-33.8019],[137.6838,-33.8002],[137.6859,-33.7975],[137.6912,-33.7947],[137.6968,-33.7904],[137.7013,-33.7881],[137.7036,-33.7871],[137.7102,-33.7821],[137.7157,-33.7786],[137.7205,-33.7748],[137.7235,-33.7712],[137.7266,-33.7684],[137.7284,-33.7644],[137.7313,-33.7563],[137.7332,-33.752],[137.7347,-33.7419],[137.7365,-33.7377],[137.7383,-33.737],[137.7406,-33.7339],[137.7422,-33.7332],[137.7448,-33.73],[137.7502,-33.7204],[137.7551,-33.7142],[137.7577,-33.712],[137.761,-33.7105],[137.7637,-33.707],[137.7695,-33.7021],[137.7734,-33.6973],[137.7763,-33.695],[137.7797,-33.6932],[137.7839,-33.692],[137.7853,-33.6903],[137.7891,-33.6873],[137.7934,-33.6852],[137.797,-33.6851],[137.7968,-33.6862],[137.8034,-33.6803],[137.8062,-33.6764],[137.807,-33.672],[137.8083,-33.6718],[137.8095,-33.6699],[137.809,-33.669],[137.8129,-33.6684],[137.8146,-33.666],[137.813,-33.6647],[137.8154,-33.6625],[137.819,-33.6624],[137.8197,-33.6619],[137.8188,-33.6579],[137.8228,-33.6562],[137.8257,-33.6559],[137.8272,-33.6501],[137.8287,-33.6477],[137.8315,-33.6466],[137.8345,-33.6425],[137.8378,-33.6407],[137.8413,-33.6415],[137.8474,-33.6391],[137.8499,-33.6361],[137.851,-33.6361],[137.8573,-33.6313],[137.8615,-33.6272],[137.8636,-33.6235],[137.8654,-33.6217],[137.8668,-33.6178],[137.8692,-33.6136],[137.8723,-33.6066],[137.8735,-33.6054],[137.8761,-33.6048],[137.8763,-33.6],[137.879,-33.5968],[137.8821,-33.5952],[137.8854,-33.5944],[137.8883,-33.5921],[137.8904,-33.5912],[137.8925,-33.5879],[137.9,-33.587],[137.9049,-33.5859],[137.9105,-33.5865],[137.9141,-33.5862],[137.9191,-33.5871],[137.9208,-33.5903],[137.921,-33.5921],[137.9241,-33.597],[137.9195,-33.6039],[137.9186,-33.6045],[137.9156,-33.6102],[137.9119,-33.615],[137.9098,-33.6163],[137.9046,-33.6159],[137.9036,-33.6145],[137.9034,-33.6124],[137.9044,-33.6088],[137.9035,-33.6083],[137.9029,-33.602],[137.9051,-33.5969],[137.901,-33.6004],[137.9004,-33.6068],[137.8988,-33.6113],[137.8987,-33.6131],[137.8972,-33.6148],[137.8975,-33.6166],[137.8938,-33.6213],[137.8938,-33.6243],[137.8959,-33.6258],[137.8936,-33.6254],[137.8942,-33.6266],[137.8969,-33.6269],[137.8995,-33.6288],[137.9051,-33.6285],[137.9102,-33.6273],[137.9117,-33.6258],[137.9163,-33.6254],[137.9195,-33.624],[137.9223,-33.6208],[137.9255,-33.6153],[137.926,-33.612],[137.9275,-33.6115],[137.9273,-33.6088],[137.9262,-33.6074],[137.9283,-33.6043],[137.9302,-33.5939],[137.9292,-33.5913],[137.9305,-33.5905],[137.9326,-33.5856],[137.9354,-33.581],[137.9366,-33.5735],[137.936,-33.5661],[137.9352,-33.562],[137.9349,-33.5562],[137.9369,-33.5535],[137.9366,-33.5526],[137.9456,-33.554],[137.9469,-33.5556],[137.9438,-33.5553],[137.9441,-33.5567],[137.9483,-33.5585],[137.9491,-33.5596],[137.9483,-33.5619],[137.9491,-33.5666],[137.95,-33.5684],[137.95,-33.5719],[137.9528,-33.5731],[137.9544,-33.5717],[137.9595,-33.5723],[137.9611,-33.5717],[137.9648,-33.5743],[137.9666,-33.5728],[137.9677,-33.5707],[137.968,-33.5677],[137.9703,-33.5679],[137.9715,-33.567],[137.9714,-33.5648],[137.9705,-33.5643],[137.9717,-33.561],[137.9732,-33.5601],[137.9768,-33.5598],[137.9772,-33.5569],[137.9752,-33.5552],[137.9786,-33.5536],[137.9738,-33.553],[137.9763,-33.5497],[137.9703,-33.5452],[137.9697,-33.5438],[137.97,-33.5405],[137.9681,-33.545],[137.9675,-33.5476],[137.9663,-33.549],[137.9624,-33.5509],[137.9571,-33.5497],[137.9518,-33.5492],[137.9443,-33.5505],[137.9402,-33.5488],[137.9394,-33.5465],[137.9371,-33.5432],[137.9388,-33.5429],[137.9398,-33.5401],[137.9406,-33.5306],[137.9403,-33.5256],[137.9414,-33.5181],[137.9428,-33.5161],[137.9478,-33.5152],[137.9491,-33.5124],[137.9458,-33.5138],[137.9454,-33.5125],[137.9432,-33.5123],[137.9424,-33.5104],[137.945,-33.5076],[137.9412,-33.5057],[137.9415,-33.5073],[137.9391,-33.5064],[137.9346,-33.5022],[137.9329,-33.4997],[137.9294,-33.4914],[137.929,-33.4891],[137.9297,-33.4826],[137.9305,-33.4817],[137.9282,-33.4775],[137.925,-33.4737],[137.9233,-33.4695],[137.922,-33.4681],[138.0291,-33.4697],[138.0291,-33.4699],[138.0637,-33.4704],[138.0686,-33.4703],[138.0685,-33.4918],[138.0684,-33.492],[138.0683,-33.5147],[138.0727,-33.5164],[138.0853,-33.5182],[138.0852,-33.568],[138.085,-33.5679],[138.0849,-33.6091],[138.0849,-33.6262],[138.0851,-33.628],[138.0851,-33.7037],[138.0851,-33.745],[138.085,-33.7451],[138.0848,-33.8214],[138.0847,-33.8398],[138.0846,-33.9042],[138.0844,-33.9911],[138.1101,-33.9911],[138.1107,-33.9912],[138.1447,-33.9912],[138.1447,-34.0328],[138.1449,-34.0329],[138.1449,-34.078],[138.1448,-34.0928],[138.1184,-34.0929],[138.1184,-34.095],[138.1157,-34.0931],[138.0902,-34.093],[138.0868,-34.0877],[138.0842,-34.0859],[138.0812,-34.085],[138.0782,-34.0852],[138.0746,-34.0865],[138.0703,-34.0895],[138.0611,-34.0938],[138.0573,-34.0948],[138.0528,-34.0951],[138.0514,-34.096],[138.0464,-34.1018],[138.0442,-34.1054],[138.0421,-34.1079],[138.0412,-34.1105],[138.0388,-34.1116],[138.035,-34.1112],[138.0343,-34.1132],[138.0361,-34.1182],[138.0359,-34.1208],[138.0334,-34.1216],[138.0303,-34.1184],[138.0283,-34.1175],[138.0258,-34.114],[138.0249,-34.1082],[138.0222,-34.1062],[138.0213,-34.1037],[138.0216,-34.0997],[138.0202,-34.0969],[138.0137,-34.0933],[138.0099,-34.0928],[138.0077,-34.0932],[138.0001,-34.0964],[137.9968,-34.0956],[137.9929,-34.0929],[137.984,-34.0929],[137.9526,-34.0929],[137.9425,-34.0927],[137.9364,-34.0932],[137.9324,-34.093],[137.9186,-34.0929],[137.8727,-34.0928],[137.8153,-34.0946],[137.724,-34.0973],[137.6018,-34.0971],[137.6014,-34.097],[137.5682,-34.0969],[137.5643,-34.0976],[137.5585,-34.0969],[137.5385,-34.0968],[137.5414,-34.0926],[137.5432,-34.0886],[137.5445,-34.0836],[137.5447,-34.0788],[137.5444,-34.0764]]]]}},{"type":"Feature","properties":{"geoKey":"40910+47700","codes":["40910","47700"]},"geometry":{"type":"Polygon","coordinates":[[[138.6471,-34.8761],[138.6483,-34.8744],[138.6535,-34.8731],[138.6563,-34.8713],[138.6552,-34.8702],[138.6576,-34.868],[138.6561,-34.8667],[138.6574,-34.8653],[138.6605,-34.8648],[138.6639,-34.8668],[138.6675,-34.8683],[138.6684,-34.8679],[138.6676,-34.8574],[138.6661,-34.8575],[138.6658,-34.854],[138.6651,-34.8528],[138.6636,-34.8536],[138.6601,-34.8483],[138.6597,-34.8455],[138.6695,-34.845],[138.669,-34.8398],[138.6663,-34.8082],[138.6731,-34.8078],[138.6718,-34.7921],[138.6849,-34.7915],[138.6845,-34.7861],[138.6908,-34.7858],[138.69,-34.7755],[138.6874,-34.7719],[138.6918,-34.7669],[138.6918,-34.7656],[138.6939,-34.7659],[138.6933,-34.7634],[138.6977,-34.7596],[138.6976,-34.7576],[138.6993,-34.7548],[138.7007,-34.7563],[138.7034,-34.7533],[138.705,-34.7527],[138.7078,-34.7556],[138.7097,-34.7536],[138.7117,-34.7555],[138.7151,-34.756],[138.7201,-34.7554],[138.7225,-34.7517],[138.7223,-34.7463],[138.7241,-34.7443],[138.7286,-34.7406],[138.7308,-34.7368],[138.7321,-34.7361],[138.7364,-34.7357],[138.7382,-34.7381],[138.7372,-34.7403],[138.7391,-34.7422],[138.7441,-34.7414],[138.7466,-34.743],[138.7501,-34.7435],[138.7513,-34.7453],[138.7518,-34.7491],[138.7562,-34.7487],[138.7556,-34.7449],[138.7612,-34.7445],[138.7623,-34.7431],[138.766,-34.7435],[138.7662,-34.7418],[138.7699,-34.7354],[138.7714,-34.7343],[138.7758,-34.7348],[138.7753,-34.7363],[138.7717,-34.7395],[138.7703,-34.7431],[138.7714,-34.7459],[138.7685,-34.7535],[138.769,-34.7568],[138.7713,-34.7592],[138.7739,-34.7597],[138.7757,-34.7621],[138.7788,-34.7644],[138.7802,-34.767],[138.7801,-34.7682],[138.775,-34.7687],[138.7717,-34.7715],[138.7729,-34.7735],[138.7712,-34.7769],[138.7687,-34.78],[138.7684,-34.7813],[138.7661,-34.7782],[138.7635,-34.7786],[138.7547,-34.7833],[138.7538,-34.7842],[138.7576,-34.7854],[138.7592,-34.7846],[138.7587,-34.7865],[138.7618,-34.7932],[138.7612,-34.7953],[138.7599,-34.7961],[138.7584,-34.801],[138.7551,-34.8034],[138.7533,-34.8041],[138.7509,-34.807],[138.7503,-34.8112],[138.749,-34.8145],[138.7535,-34.8175],[138.7528,-34.8196],[138.7541,-34.8209],[138.7561,-34.8211],[138.7538,-34.823],[138.7504,-34.8286],[138.7486,-34.834],[138.7462,-34.837],[138.7465,-34.8396],[138.7477,-34.8418],[138.7464,-34.8447],[138.7462,-34.8471],[138.7449,-34.8496],[138.7474,-34.8519],[138.7477,-34.8556],[138.7485,-34.8568],[138.7515,-34.858],[138.7527,-34.8613],[138.7565,-34.8656],[138.7545,-34.8688],[138.753,-34.869],[138.7519,-34.866],[138.7487,-34.8653],[138.745,-34.8632],[138.7475,-34.8626],[138.7464,-34.8612],[138.7424,-34.8621],[138.7404,-34.8591],[138.7387,-34.8607],[138.7373,-34.8594],[138.7324,-34.8588],[138.7313,-34.8559],[138.7306,-34.8561],[138.7296,-34.859],[138.7269,-34.86],[138.7227,-34.8592],[138.7238,-34.8643],[138.719,-34.8701],[138.7198,-34.874],[138.7128,-34.8743],[138.7132,-34.8816],[138.707,-34.8819],[138.7079,-34.8941],[138.7015,-34.8943],[138.7014,-34.8936],[138.6907,-34.894],[138.6911,-34.9001],[138.6842,-34.9004],[138.6851,-34.9129],[138.6825,-34.9127],[138.6583,-34.9139],[138.6565,-34.8894],[138.6558,-34.8882],[138.6478,-34.883],[138.649,-34.879],[138.6471,-34.8761]]]}},{"type":"Feature","properties":{"geoKey":"41010+41750+43710+47490+48640","codes":["41010","41750","43710","47490","48640"]},"geometry":{"type":"MultiPolygon","coordinates":[[[[135.0317,-34.7782],[135.0319,-34.7796],[135.0312,-34.7797],[135.0317,-34.7782]]],[[[135.0286,-34.7758],[135.028,-34.7742],[135.0299,-34.7705],[135.0295,-34.7681],[135.0308,-34.7668],[135.0323,-34.7714],[135.0316,-34.7731],[135.0319,-34.7756],[135.0312,-34.7771],[135.0286,-34.7758]]],[[[134.2447,-33.9967],[134.2448,-33.998],[134.2473,-34.0005],[134.2495,-34.0015],[134.2467,-34.0039],[134.2496,-34.0058],[134.251,-34.006],[134.2485,-34.0077],[134.2419,-34.0095],[134.2415,-34.0082],[134.2438,-34.0034],[134.241,-34.0025],[134.2411,-34.0001],[134.24,-33.9979],[134.2421,-33.9965],[134.2447,-33.9967]]],[[[134.2576,-33.9831],[134.2629,-33.982],[134.2648,-33.9827],[134.2665,-33.9847],[134.2655,-33.9854],[134.2639,-33.9841],[134.2587,-33.9839],[134.2576,-33.9831]]],[[[134.2643,-33.9788],[134.2633,-33.9768],[134.2641,-33.9764],[134.2633,-33.9738],[134.265,-33.973],[134.2675,-33.9768],[134.2655,-33.9792],[134.2643,-33.9788]]],[[[134.2609,-33.9572],[134.2603,-33.9561],[134.2651,-33.9542],[134.2666,-33.9517],[134.2623,-33.9486],[134.2614,-33.9455],[134.2592,-33.9424],[134.2599,-33.9405],[134.2621,-33.9378],[134.2657,-33.9371],[134.2669,-33.9418],[134.271,-33.9416],[134.2739,-33.9407],[134.2769,-33.9442],[134.2756,-33.9464],[134.2758,-33.9481],[134.2772,-33.9499],[134.2734,-33.9511],[134.2715,-33.9526],[134.2683,-33.9535],[134.2653,-33.9557],[134.2643,-33.9579],[134.2655,-33.9597],[134.2689,-33.9618],[134.2723,-33.9629],[134.274,-33.9659],[134.2708,-33.9665],[134.2672,-33.9646],[134.2656,-33.9622],[134.2623,-33.9617],[134.2605,-33.9632],[134.2599,-33.9625],[134.2642,-33.9596],[134.2609,-33.9572]]],[[[134.2824,-33.7417],[134.2822,-33.7387],[134.2842,-33.7391],[134.286,-33.7427],[134.2885,-33.7437],[134.2865,-33.7453],[134.2843,-33.7446],[134.2824,-33.7417]]],[[[134.4571,-33.7463],[134.4541,-33.7427],[134.454,-33.7403],[134.4572,-33.7394],[134.46,-33.7405],[134.4629,-33.7392],[134.4653,-33.7372],[134.4678,-33.7334],[134.4683,-33.7289],[134.4674,-33.7266],[134.4654,-33.7248],[134.4667,-33.7225],[134.4653,-33.7218],[134.4668,-33.7209],[134.4684,-33.7179],[134.4687,-33.7156],[134.468,-33.7118],[134.4661,-33.7074],[134.4661,-33.7052],[134.4679,-33.7034],[134.471,-33.7016],[134.4717,-33.6971],[134.4688,-33.6941],[134.472,-33.6904],[134.4743,-33.6911],[134.4748,-33.6932],[134.4766,-33.6943],[134.4834,-33.694],[134.4869,-33.693],[134.4914,-33.6908],[134.4955,-33.6874],[134.4967,-33.6854],[134.4982,-33.6849],[134.4994,-33.6865],[134.5012,-33.6869],[134.5037,-33.6852],[134.5125,-33.6836],[134.5143,-33.6829],[134.5184,-33.6799],[134.5215,-33.6784],[134.5278,-33.6779],[134.5291,-33.6853],[134.5314,-33.6882],[134.5314,-33.6926],[134.5331,-33.6941],[134.5329,-33.6955],[134.5357,-33.6993],[134.5347,-33.7029],[134.5353,-33.7064],[134.5378,-33.7126],[134.5392,-33.7141],[134.544,-33.7164],[134.5472,-33.7189],[134.5477,-33.721],[134.5471,-33.7243],[134.5457,-33.7246],[134.5414,-33.7221],[134.5404,-33.7194],[134.5358,-33.7184],[134.5318,-33.7195],[134.531,-33.7231],[134.5311,-33.7253],[134.53,-33.7247],[134.5298,-33.7227],[134.5267,-33.7201],[134.5232,-33.722],[134.5209,-33.7212],[134.5192,-33.7183],[134.5175,-33.718],[134.5151,-33.7195],[134.5148,-33.7206],[134.5103,-33.7241],[134.507,-33.7229],[134.5038,-33.7258],[134.5038,-33.7288],[134.5072,-33.7293],[134.5069,-33.7315],[134.5048,-33.7324],[134.5045,-33.7344],[134.5024,-33.7353],[134.4998,-33.7392],[134.4978,-33.7403],[134.4964,-33.7423],[134.4936,-33.7437],[134.4962,-33.7457],[134.4943,-33.7458],[134.4906,-33.7477],[134.4879,-33.7477],[134.486,-33.7505],[134.482,-33.7533],[134.4797,-33.7541],[134.478,-33.7564],[134.4763,-33.7569],[134.4719,-33.7597],[134.4702,-33.7621],[134.4673,-33.7648],[134.4649,-33.7661],[134.4637,-33.7677],[134.4612,-33.7671],[134.4582,-33.7695],[134.455,-33.7707],[134.4518,-33.7734],[134.4476,-33.7733],[134.4469,-33.7718],[134.4504,-33.7661],[134.4511,-33.7631],[134.4509,-33.7602],[134.4518,-33.7585],[134.4541,-33.7572],[134.4545,-33.7557],[134.4562,-33.7547],[134.4581,-33.7507],[134.4571,-33.7463]]],[[[134.6256,-33.7241],[134.6241,-33.7253],[134.6239,-33.7238],[134.6256,-33.7241]]],[[[134.6245,-33.7198],[134.625,-33.7204],[134.624,-33.72],[134.6245,-33.7198]]],[[[134.6176,-33.7168],[134.6181,-33.7166],[134.6181,-33.7174],[134.6176,-33.7168]]],[[[134.6095,-33.7134],[134.6102,-33.7121],[134.6124,-33.7122],[134.6165,-33.7158],[134.6144,-33.7157],[134.6128,-33.717],[134.6095,-33.7134]]],[[[134.7979,-33.6042],[134.7931,-33.6035],[134.7906,-33.6018],[134.7897,-33.6003],[134.7864,-33.5991],[134.7854,-33.6002],[134.7832,-33.5999],[134.7799,-33.6005],[134.7766,-33.598],[134.7764,-33.5946],[134.7813,-33.594],[134.7814,-33.5925],[134.7836,-33.5918],[134.7875,-33.5936],[134.7908,-33.5923],[134.7937,-33.5931],[134.7958,-33.5928],[134.7983,-33.5943],[134.8056,-33.5954],[134.8088,-33.5923],[134.8094,-33.5909],[134.8114,-33.5918],[134.8129,-33.5939],[134.8127,-33.595],[134.8105,-33.5965],[134.8086,-33.5986],[134.8078,-33.6025],[134.8067,-33.6036],[134.8066,-33.6055],[134.8088,-33.6062],[134.8096,-33.6078],[134.8069,-33.6104],[134.8038,-33.609],[134.8045,-33.6082],[134.8024,-33.6064],[134.8001,-33.6063],[134.7979,-33.6042]]],[[[134.7521,-33.5936],[134.757,-33.5924],[134.7637,-33.5939],[134.7666,-33.5952],[134.7619,-33.5966],[134.7562,-33.5953],[134.7521,-33.5936]]],[[[134.7034,-33.2175],[134.704,-33.2176],[134.7035,-33.2181],[134.7034,-33.2175]]],[[[134.6978,-33.2149],[134.6996,-33.2151],[134.6969,-33.2163],[134.6978,-33.2149]]],[[[134.673,-33.2021],[134.6742,-33.203],[134.6787,-33.2044],[134.6798,-33.2066],[134.6803,-33.2095],[134.6818,-33.2081],[134.6817,-33.2096],[134.6796,-33.2128],[134.6763,-33.2156],[134.6789,-33.2143],[134.6774,-33.2166],[134.6761,-33.2172],[134.6706,-33.2173],[134.6673,-33.2162],[134.6662,-33.2128],[134.6673,-33.2103],[134.6698,-33.2086],[134.67,-33.2097],[134.6728,-33.209],[134.6732,-33.2066],[134.6708,-33.2024],[134.673,-33.2021]]],[[[134.3652,-33.1841],[134.3669,-33.1823],[134.3681,-33.183],[134.3677,-33.1855],[134.3661,-33.1871],[134.3641,-33.1875],[134.3652,-33.1841]]],[[[134.6147,-33.1803],[134.6131,-33.183],[134.6123,-33.1826],[134.6131,-33.1799],[134.6147,-33.1803]]],[[[134.6271,-33.1802],[134.6283,-33.1821],[134.6241,-33.1827],[134.6229,-33.1793],[134.6243,-33.1789],[134.6271,-33.1802]]],[[[134.6094,-33.1704],[134.6028,-33.171],[134.5996,-33.17],[134.6018,-33.1686],[134.6061,-33.1687],[134.6094,-33.1704]]],[[[134.2824,-33.0797],[134.2867,-33.0791],[134.2857,-33.0806],[134.2859,-33.0831],[134.2833,-33.0833],[134.2818,-33.0821],[134.2824,-33.0797]]],[[[134.5785,-33.1518],[134.5731,-33.1539],[134.5713,-33.1555],[134.5671,-33.1573],[134.5632,-33.1582],[134.5583,-33.1614],[134.5583,-33.1634],[134.5597,-33.1666],[134.5638,-33.1706],[134.5697,-33.1786],[134.5741,-33.1816],[134.5747,-33.1825],[134.5737,-33.1847],[134.574,-33.1863],[134.5764,-33.1893],[134.5799,-33.1907],[134.5877,-33.1924],[134.5932,-33.1948],[134.5981,-33.1965],[134.6061,-33.1975],[134.6091,-33.1957],[134.6125,-33.1895],[134.6145,-33.1892],[134.618,-33.1915],[134.6194,-33.1933],[134.6238,-33.1954],[134.6281,-33.1936],[134.6313,-33.1903],[134.6343,-33.1891],[134.6362,-33.1863],[134.6362,-33.1817],[134.6376,-33.1809],[134.6408,-33.1827],[134.641,-33.1905],[134.6429,-33.1936],[134.6447,-33.1946],[134.6427,-33.1964],[134.6398,-33.1969],[134.6359,-33.1989],[134.63,-33.1961],[134.6284,-33.1948],[134.6256,-33.1956],[134.6237,-33.1969],[134.6233,-33.1989],[134.6262,-33.2012],[134.6275,-33.2058],[134.6289,-33.2064],[134.6314,-33.2099],[134.6309,-33.213],[134.6331,-33.2163],[134.6344,-33.2164],[134.6349,-33.2181],[134.6383,-33.2194],[134.6419,-33.2214],[134.6459,-33.2195],[134.6514,-33.2175],[134.654,-33.2181],[134.6519,-33.2187],[134.6532,-33.2194],[134.6589,-33.219],[134.6622,-33.2191],[134.6636,-33.2211],[134.663,-33.2247],[134.6601,-33.2271],[134.6583,-33.2268],[134.6573,-33.2246],[134.6529,-33.2232],[134.6488,-33.2228],[134.6441,-33.2235],[134.6405,-33.2263],[134.6414,-33.2291],[134.6406,-33.2318],[134.6382,-33.2323],[134.6363,-33.2345],[134.635,-33.2339],[134.6338,-33.2366],[134.6348,-33.2395],[134.6332,-33.2413],[134.6323,-33.2441],[134.6305,-33.2451],[134.629,-33.2431],[134.6295,-33.2406],[134.6271,-33.2385],[134.6233,-33.233],[134.6216,-33.2331],[134.6214,-33.2314],[134.6185,-33.2304],[134.6174,-33.2285],[134.6184,-33.2274],[134.6154,-33.226],[134.6136,-33.2243],[134.6129,-33.2224],[134.6109,-33.2225],[134.6119,-33.2213],[134.6091,-33.2206],[134.6085,-33.2173],[134.6055,-33.2175],[134.6036,-33.2157],[134.6033,-33.2139],[134.6015,-33.2139],[134.6002,-33.212],[134.5971,-33.211],[134.5964,-33.21],[134.5988,-33.2078],[134.5988,-33.2065],[134.5965,-33.2068],[134.5958,-33.2034],[134.5932,-33.2035],[134.5907,-33.205],[134.5883,-33.2041],[134.5869,-33.2013],[134.5845,-33.2009],[134.5826,-33.1995],[134.5808,-33.1961],[134.577,-33.1954],[134.5737,-33.1921],[134.5683,-33.1918],[134.5655,-33.1925],[134.5638,-33.1944],[134.5623,-33.1944],[134.5604,-33.1924],[134.5542,-33.1918],[134.5517,-33.1908],[134.552,-33.1893],[134.5501,-33.1889],[134.5474,-33.1897],[134.5471,-33.1875],[134.5439,-33.1868],[134.5452,-33.1857],[134.5441,-33.1831],[134.5415,-33.1808],[134.5387,-33.1809],[134.5369,-33.1817],[134.5367,-33.1797],[134.5347,-33.1809],[134.5341,-33.1775],[134.5309,-33.1765],[134.5291,-33.1746],[134.5263,-33.1756],[134.5234,-33.174],[134.5223,-33.1726],[134.52,-33.1725],[134.5167,-33.1701],[134.5143,-33.1701],[134.5141,-33.1678],[134.5125,-33.1674],[134.5119,-33.1657],[134.5097,-33.165],[134.5097,-33.1637],[134.5078,-33.163],[134.5062,-33.1614],[134.5034,-33.1611],[134.5011,-33.1594],[134.4967,-33.1599],[134.4957,-33.1573],[134.491,-33.1571],[134.4882,-33.1552],[134.4844,-33.1549],[134.4841,-33.1542],[134.4805,-33.154],[134.4785,-33.1529],[134.4755,-33.1543],[134.4718,-33.1552],[134.4687,-33.154],[134.4673,-33.1515],[134.4634,-33.1495],[134.4578,-33.1472],[134.4527,-33.1461],[134.4499,-33.1446],[134.4472,-33.1469],[134.4432,-33.1459],[134.4405,-33.1461],[134.4353,-33.1454],[134.427,-33.1476],[134.4199,-33.1475],[134.415,-33.1491],[134.4138,-33.1512],[134.4111,-33.1528],[134.4103,-33.1558],[134.407,-33.1594],[134.4017,-33.1601],[134.395,-33.1635],[134.3943,-33.1648],[134.3919,-33.1661],[134.3899,-33.1693],[134.3918,-33.1735],[134.3886,-33.1751],[134.3879,-33.1769],[134.386,-33.1731],[134.3846,-33.1731],[134.3752,-33.1751],[134.3687,-33.1756],[134.3681,-33.1709],[134.3686,-33.1703],[134.3672,-33.1659],[134.3669,-33.1611],[134.3659,-33.1572],[134.3634,-33.1525],[134.362,-33.1468],[134.3619,-33.1419],[134.3608,-33.1362],[134.3608,-33.1343],[134.3596,-33.1273],[134.3583,-33.1251],[134.3517,-33.1232],[134.3471,-33.12],[134.3466,-33.1185],[134.3429,-33.1159],[134.3421,-33.1137],[134.3396,-33.1125],[134.3381,-33.1098],[134.3364,-33.1034],[134.3341,-33.0994],[134.3315,-33.0961],[134.3276,-33.0942],[134.3244,-33.0906],[134.3217,-33.0894],[134.3136,-33.089],[134.3108,-33.0899],[134.3065,-33.0886],[134.3054,-33.0868],[134.3023,-33.0843],[134.2992,-33.0801],[134.2946,-33.0769],[134.2926,-33.0759],[134.294,-33.0726],[134.293,-33.0681],[134.29,-33.0638],[134.2898,-33.0613],[134.2914,-33.0576],[134.295,-33.055],[134.2978,-33.0548],[134.2999,-33.0527],[134.3,-33.0505],[134.2989,-33.0477],[134.2967,-33.045],[134.2959,-33.0423],[134.2933,-33.04],[134.2899,-33.0383],[134.2859,-33.0383],[134.2838,-33.0398],[134.2821,-33.0398],[134.2814,-33.0373],[134.2849,-33.0357],[134.2852,-33.0327],[134.2841,-33.0285],[134.2807,-33.0249],[134.2776,-33.0244],[134.2732,-33.0257],[134.273,-33.0272],[134.2698,-33.0273],[134.2681,-33.028],[134.2642,-33.0313],[134.2653,-33.0354],[134.2686,-33.0363],[134.2713,-33.0352],[134.2721,-33.0339],[134.2747,-33.034],[134.2785,-33.0362],[134.2779,-33.038],[134.2747,-33.0389],[134.2724,-33.0404],[134.2716,-33.0427],[134.2729,-33.0445],[134.274,-33.0444],[134.2741,-33.0473],[134.2766,-33.0497],[134.2817,-33.0504],[134.2799,-33.0516],[134.2796,-33.0533],[134.2759,-33.0541],[134.2739,-33.0553],[134.2733,-33.0577],[134.2703,-33.0569],[134.2675,-33.0572],[134.2635,-33.0589],[134.2622,-33.0604],[134.2629,-33.0651],[134.261,-33.0727],[134.2618,-33.0747],[134.2615,-33.078],[134.2631,-33.0821],[134.2628,-33.0834],[134.2661,-33.088],[134.2748,-33.0954],[134.2801,-33.1007],[134.2841,-33.1003],[134.2819,-33.1015],[134.2797,-33.1038],[134.2788,-33.1074],[134.2826,-33.1104],[134.285,-33.1136],[134.2872,-33.1135],[134.2928,-33.1175],[134.2923,-33.1186],[134.2955,-33.1182],[134.2993,-33.1156],[134.3022,-33.1149],[134.3054,-33.1129],[134.3126,-33.112],[134.3145,-33.1161],[134.3166,-33.1183],[134.3188,-33.1181],[134.3179,-33.1167],[134.3216,-33.1183],[134.3203,-33.1212],[134.3177,-33.1226],[134.3163,-33.125],[134.318,-33.1255],[134.3209,-33.1276],[134.3237,-33.1279],[134.3248,-33.1308],[134.3269,-33.1323],[134.3349,-33.1352],[134.3374,-33.1376],[134.3479,-33.1402],[134.351,-33.1389],[134.3541,-33.1418],[134.3549,-33.1436],[134.3584,-33.1481],[134.3586,-33.1504],[134.3522,-33.1545],[134.3515,-33.1557],[134.3476,-33.158],[134.3458,-33.1603],[134.3504,-33.157],[134.3526,-33.158],[134.3465,-33.1607],[134.3449,-33.1628],[134.3465,-33.1638],[134.347,-33.167],[134.3446,-33.1726],[134.3457,-33.175],[134.3451,-33.1779],[134.3479,-33.1801],[134.349,-33.1855],[134.3514,-33.1877],[134.3511,-33.1905],[134.3493,-33.1907],[134.3418,-33.1943],[134.3404,-33.1963],[134.3359,-33.1982],[134.3329,-33.1982],[134.3284,-33.1995],[134.3274,-33.1991],[134.3256,-33.1958],[134.3224,-33.1956],[134.317,-33.194],[134.3163,-33.1918],[134.3183,-33.1891],[134.3174,-33.1871],[134.3097,-33.1822],[134.304,-33.1821],[134.3029,-33.1804],[134.2978,-33.1781],[134.2978,-33.1755],[134.2956,-33.1751],[134.2952,-33.1761],[134.2935,-33.1742],[134.2912,-33.1733],[134.2901,-33.172],[134.2903,-33.1698],[134.2884,-33.168],[134.2812,-33.1644],[134.2781,-33.1651],[134.2779,-33.1632],[134.2766,-33.163],[134.2727,-33.1639],[134.2709,-33.1628],[134.2684,-33.1597],[134.2675,-33.1576],[134.263,-33.1537],[134.2602,-33.1526],[134.261,-33.1504],[134.261,-33.147],[134.2641,-33.1459],[134.2651,-33.1431],[134.2638,-33.1414],[134.2668,-33.1385],[134.2651,-33.1329],[134.2644,-33.1284],[134.2648,-33.1261],[134.2645,-33.1219],[134.2632,-33.118],[134.2613,-33.1148],[134.2613,-33.1121],[134.2597,-33.1104],[134.262,-33.109],[134.2627,-33.1043],[134.2611,-33.0976],[134.2603,-33.096],[134.258,-33.0942],[134.2529,-33.0943],[134.2525,-33.0926],[134.2535,-33.0905],[134.25,-33.0898],[134.2506,-33.0877],[134.2472,-33.0873],[134.2497,-33.086],[134.2499,-33.0839],[134.2476,-33.0816],[134.2477,-33.0789],[134.246,-33.0784],[134.2459,-33.0765],[134.2413,-33.0734],[134.2416,-33.0706],[134.2403,-33.0698],[134.2394,-33.0678],[134.2418,-33.0653],[134.2421,-33.0634],[134.2401,-33.0595],[134.2373,-33.0586],[134.2376,-33.0578],[134.2373,-33.0513],[134.2344,-33.0479],[134.2324,-33.0465],[134.231,-33.044],[134.2276,-33.0416],[134.2232,-33.0397],[134.2202,-33.0408],[134.2162,-33.0405],[134.2127,-33.0389],[134.2093,-33.0396],[134.2085,-33.0382],[134.2041,-33.0369],[134.203,-33.0358],[134.2006,-33.036],[134.1998,-33.0349],[134.1962,-33.0347],[134.192,-33.0352],[134.187,-33.0373],[134.1865,-33.0391],[134.183,-33.0413],[134.184,-33.0431],[134.1854,-33.0433],[134.1863,-33.0452],[134.1837,-33.0483],[134.1805,-33.0494],[134.1766,-33.0479],[134.1763,-33.0468],[134.1736,-33.0469],[134.1716,-33.048],[134.1728,-33.0504],[134.1693,-33.0553],[134.1679,-33.0555],[134.1681,-33.0512],[134.1693,-33.0507],[134.1674,-33.047],[134.1658,-33.0469],[134.1661,-33.0451],[134.1649,-33.0434],[134.1657,-33.042],[134.1644,-33.0404],[134.1609,-33.0412],[134.1598,-33.038],[134.1579,-33.0349],[134.1549,-33.0353],[134.1535,-33.0327],[134.1507,-33.0321],[134.151,-33.0306],[134.1469,-33.0289],[134.1485,-33.0259],[134.1463,-33.0258],[134.1442,-33.024],[134.1429,-33.0249],[134.1424,-33.0231],[134.1434,-33.0222],[134.1385,-33.0184],[134.1407,-33.0157],[134.1451,-33.0145],[134.1487,-33.016],[134.1519,-33.0154],[134.155,-33.0142],[134.1595,-33.0111],[134.1614,-33.0119],[134.1673,-33.0093],[134.1717,-33.0112],[134.1809,-33.0125],[134.1851,-33.0138],[134.1864,-33.0149],[134.1902,-33.0157],[134.1935,-33.0135],[134.2008,-33.0068],[134.2023,-33.0043],[134.2038,-33.0001],[134.2048,-32.9953],[134.2057,-32.988],[134.2053,-32.9769],[134.2037,-32.9696],[134.2019,-32.9638],[134.1983,-32.9564],[134.1966,-32.9535],[134.1901,-32.9438],[134.1877,-32.9409],[134.1836,-32.9372],[134.179,-32.9322],[134.1748,-32.9297],[134.1682,-32.9274],[134.1674,-32.9268],[134.1615,-32.9249],[134.1565,-32.9245],[134.1538,-32.9254],[134.1503,-32.9258],[134.1456,-32.9272],[134.1432,-32.9288],[134.1405,-32.9329],[134.1401,-32.9355],[134.1418,-32.9388],[134.1452,-32.9383],[134.1457,-32.9408],[134.1432,-32.9436],[134.1414,-32.9443],[134.1388,-32.9435],[134.1357,-32.9412],[134.1361,-32.94],[134.1339,-32.9362],[134.1314,-32.9367],[134.1317,-32.935],[134.1294,-32.9351],[134.1238,-32.9318],[134.1262,-32.9324],[134.1295,-32.9305],[134.1298,-32.9287],[134.1291,-32.9258],[134.1237,-32.9199],[134.1211,-32.9159],[134.1192,-32.9146],[134.1122,-32.9124],[134.1095,-32.912],[134.1065,-32.9124],[134.1014,-32.9153],[134.1006,-32.9165],[134.0968,-32.9186],[134.0971,-32.9211],[134.0935,-32.9227],[134.0931,-32.9245],[134.0913,-32.9263],[134.0873,-32.9263],[134.084,-32.9252],[134.0809,-32.9265],[134.0793,-32.9254],[134.0788,-32.9227],[134.0811,-32.9216],[134.0817,-32.9195],[134.0796,-32.9185],[134.0732,-32.9169],[134.0724,-32.9133],[134.0686,-32.912],[134.064,-32.911],[134.0605,-32.9079],[134.0601,-32.9062],[134.0621,-32.9071],[134.0666,-32.9079],[134.0696,-32.9094],[134.0714,-32.9078],[134.0754,-32.906],[134.0752,-32.904],[134.0763,-32.9034],[134.0764,-32.9003],[134.0783,-32.8995],[134.0795,-32.8954],[134.0768,-32.8887],[134.0755,-32.8869],[134.0717,-32.8863],[134.0715,-32.8838],[134.0743,-32.8823],[134.0773,-32.8825],[134.0805,-32.8806],[134.0889,-32.8776],[134.0916,-32.8792],[134.0938,-32.8794],[134.097,-32.878],[134.0993,-32.8755],[134.0981,-32.8718],[134.099,-32.8709],[134.0982,-32.8692],[134.0996,-32.8671],[134.1012,-32.869],[134.1053,-32.8694],[134.1081,-32.8686],[134.1106,-32.8697],[134.1161,-32.8685],[134.1187,-32.8667],[134.1205,-32.8641],[134.1224,-32.8628],[134.1255,-32.8589],[134.1318,-32.8566],[134.1321,-32.855],[134.1336,-32.8539],[134.1334,-32.8518],[134.135,-32.8451],[134.1344,-32.8431],[134.1369,-32.8428],[134.1385,-32.8397],[134.1379,-32.8383],[134.1384,-32.8322],[134.1374,-32.831],[134.1368,-32.8266],[134.1353,-32.8245],[134.1352,-32.8216],[134.134,-32.8195],[134.1347,-32.8175],[134.1333,-32.8157],[134.1336,-32.8141],[134.1319,-32.8112],[134.1294,-32.8048],[134.1293,-32.8032],[134.1275,-32.8012],[134.1266,-32.7981],[134.1199,-32.785],[134.1161,-32.7792],[134.1118,-32.7737],[134.1081,-32.7685],[134.103,-32.763],[134.0977,-32.7565],[134.0909,-32.7504],[134.0862,-32.7473],[134.083,-32.7467],[134.0806,-32.7445],[134.0812,-32.7429],[134.0771,-32.7426],[134.0768,-32.7413],[134.0732,-32.74],[134.0723,-32.7382],[134.0727,-32.7363],[134.0706,-32.7362],[134.0692,-32.7341],[134.0705,-32.7336],[134.0701,-32.7314],[134.0684,-32.7301],[134.0646,-32.7304],[134.0656,-32.7267],[134.0617,-32.7271],[134.0628,-32.7249],[134.0606,-32.7237],[134.0603,-32.7225],[134.0642,-32.7192],[134.0632,-32.7178],[134.0655,-32.7166],[134.0651,-32.7149],[134.0673,-32.7157],[134.0713,-32.714],[134.0703,-32.7128],[134.0724,-32.712],[134.0744,-32.7131],[134.0762,-32.7131],[134.0795,-32.7114],[134.0806,-32.7096],[134.0833,-32.7109],[134.0855,-32.7105],[134.0901,-32.7117],[134.0934,-32.7145],[134.0962,-32.7144],[134.0976,-32.7175],[134.1024,-32.7198],[134.1047,-32.7196],[134.1072,-32.7213],[134.1093,-32.7208],[134.1142,-32.721],[134.1198,-32.7197],[134.1213,-32.7221],[134.1266,-32.7212],[134.13,-32.7202],[134.1333,-32.7204],[134.1382,-32.7197],[134.1452,-32.7197],[134.1517,-32.7212],[134.1587,-32.7214],[134.1644,-32.7205],[134.172,-32.7181],[134.1743,-32.7179],[134.1783,-32.7187],[134.1814,-32.7201],[134.1846,-32.7227],[134.1919,-32.7242],[134.2015,-32.7253],[134.2049,-32.7252],[134.2068,-32.7278],[134.2151,-32.7308],[134.2114,-32.7305],[134.2006,-32.7289],[134.1942,-32.7271],[134.186,-32.7267],[134.1844,-32.7259],[134.1854,-32.7238],[134.1831,-32.7253],[134.1799,-32.7244],[134.1775,-32.7264],[134.1805,-32.7261],[134.1839,-32.7274],[134.1742,-32.7283],[134.1692,-32.7268],[134.1713,-32.7264],[134.1675,-32.7247],[134.1653,-32.7248],[134.1629,-32.7265],[134.1589,-32.7266],[134.1552,-32.7257],[134.1557,-32.7241],[134.1528,-32.724],[134.1543,-32.7251],[134.1551,-32.7283],[134.1575,-32.7307],[134.1584,-32.7308],[134.1605,-32.7342],[134.1646,-32.737],[134.1687,-32.7381],[134.1766,-32.7395],[134.1738,-32.7405],[134.1764,-32.7418],[134.1774,-32.74],[134.1798,-32.742],[134.1826,-32.743],[134.1876,-32.7432],[134.1896,-32.7421],[134.1927,-32.746],[134.1903,-32.7449],[134.1891,-32.7451],[134.1904,-32.7471],[134.1935,-32.7489],[134.1991,-32.7493],[134.1992,-32.746],[134.2014,-32.7492],[134.2004,-32.7508],[134.1962,-32.7528],[134.1957,-32.7548],[134.1972,-32.7559],[134.1947,-32.7578],[134.1952,-32.7598],[134.1901,-32.7651],[134.1892,-32.7702],[134.1907,-32.7742],[134.1938,-32.7779],[134.1941,-32.7816],[134.193,-32.7849],[134.1935,-32.7881],[134.1931,-32.7908],[134.1961,-32.7929],[134.1969,-32.7955],[134.2002,-32.7966],[134.204,-32.7969],[134.2082,-32.7952],[134.212,-32.7952],[134.2156,-32.7942],[134.216,-32.7928],[134.2219,-32.7898],[134.2232,-32.7859],[134.2223,-32.784],[134.223,-32.7832],[134.2256,-32.7838],[134.2288,-32.7827],[134.231,-32.781],[134.2326,-32.7773],[134.2325,-32.7708],[134.2305,-32.7663],[134.2306,-32.7644],[134.2322,-32.7625],[134.2362,-32.7612],[134.24,-32.7591],[134.2413,-32.7567],[134.2413,-32.7529],[134.2405,-32.7494],[134.2427,-32.7466],[134.2481,-32.7445],[134.2571,-32.7383],[134.2605,-32.7348],[134.2642,-32.7299],[134.2673,-32.7245],[134.2721,-32.7149],[134.2728,-32.7123],[134.2724,-32.7101],[134.2745,-32.709],[134.2764,-32.7066],[134.2793,-32.7076],[134.2812,-32.7059],[134.2822,-32.7028],[134.282,-32.7008],[134.2833,-32.7001],[134.285,-32.7007],[134.2874,-32.7002],[134.2897,-32.6957],[134.2904,-32.6909],[134.2896,-32.6882],[134.2883,-32.6866],[134.2844,-32.6879],[134.2837,-32.6853],[134.2852,-32.6815],[134.2848,-32.6796],[134.2875,-32.6781],[134.2913,-32.6742],[134.2933,-32.6696],[134.2942,-32.6661],[134.2943,-32.662],[134.2931,-32.6594],[134.2896,-32.6558],[134.2868,-32.6562],[134.2855,-32.6541],[134.2824,-32.6537],[134.2827,-32.6528],[134.28,-32.6495],[134.279,-32.6465],[134.2798,-32.6409],[134.2781,-32.6348],[134.2791,-32.6339],[134.2789,-32.6206],[134.2784,-32.6174],[134.2779,-32.6091],[134.2744,-32.5947],[134.272,-32.5872],[134.2681,-32.5775],[134.2663,-32.5738],[134.2583,-32.5602],[134.2502,-32.5504],[134.2421,-32.5432],[134.2371,-32.5373],[134.2336,-32.5349],[134.2291,-32.5302],[134.2256,-32.5278],[134.2226,-32.5246],[134.2206,-32.5205],[134.2169,-32.5143],[134.2139,-32.5109],[134.2113,-32.5092],[134.2075,-32.5077],[134.2071,-32.5067],[134.2012,-32.5009],[134.1981,-32.4961],[134.1964,-32.4952],[134.1877,-32.4861],[134.1831,-32.4823],[134.1701,-32.4745],[134.1686,-32.473],[134.1655,-32.4713],[134.163,-32.469],[134.1588,-32.4691],[134.1549,-32.4671],[134.1505,-32.4642],[134.1462,-32.4629],[134.1411,-32.46],[134.1358,-32.4576],[134.132,-32.4563],[134.12,-32.4539],[134.1166,-32.4541],[134.1108,-32.4553],[134.1082,-32.4565],[134.1038,-32.4573],[134.099,-32.4573],[134.0941,-32.4583],[134.0972,-32.4569],[134.0993,-32.4551],[134.1007,-32.4523],[134.104,-32.4512],[134.1029,-32.4501],[134.0998,-32.4512],[134.0995,-32.4535],[134.0964,-32.4528],[134.0937,-32.4546],[134.0917,-32.4551],[134.0916,-32.4565],[134.0886,-32.4574],[134.0862,-32.4572],[134.0846,-32.4588],[134.0863,-32.4587],[134.083,-32.4621],[134.0831,-32.4656],[134.0819,-32.4653],[134.0794,-32.4625],[134.0754,-32.4621],[134.0739,-32.4605],[134.0795,-32.4591],[134.0814,-32.4596],[134.0823,-32.4584],[134.08,-32.4573],[134.0749,-32.459],[134.0726,-32.4588],[134.0689,-32.4567],[134.0644,-32.4564],[134.0625,-32.4553],[134.0622,-32.4523],[134.0629,-32.4477],[134.0612,-32.443],[134.0587,-32.4409],[134.0583,-32.4414],[134.0614,-32.4447],[134.062,-32.4485],[134.0612,-32.4539],[134.0615,-32.4558],[134.0629,-32.4572],[134.0673,-32.4574],[134.0707,-32.4588],[134.0754,-32.4631],[134.0787,-32.4636],[134.0823,-32.4665],[134.0842,-32.4666],[134.0852,-32.4655],[134.0867,-32.4659],[134.0869,-32.4687],[134.0864,-32.4705],[134.0839,-32.471],[134.0785,-32.4696],[134.0737,-32.4671],[134.0691,-32.4657],[134.0568,-32.461],[134.0496,-32.4596],[134.0416,-32.4592],[134.037,-32.4598],[134.0348,-32.4607],[134.0332,-32.4635],[134.031,-32.4649],[134.0237,-32.4665],[134.0129,-32.4725],[134.0087,-32.4738],[134.0069,-32.4752],[134.0032,-32.4796],[133.9951,-32.4845],[133.9916,-32.4885],[133.9936,-32.4944],[133.9929,-32.4962],[133.9948,-32.4986],[133.9957,-32.501],[133.9934,-32.5021],[133.9916,-32.5054],[133.9908,-32.5048],[133.9863,-32.5045],[133.9822,-32.5033],[133.9754,-32.5025],[133.9685,-32.4994],[133.9643,-32.4967],[133.9554,-32.4945],[133.945,-32.4933],[133.9351,-32.495],[133.9312,-32.495],[133.9263,-32.4943],[133.9208,-32.4954],[133.9193,-32.4962],[133.9154,-32.4998],[133.9116,-32.505],[133.9074,-32.5088],[133.9053,-32.513],[133.9076,-32.517],[133.9,-32.5202],[133.8962,-32.5233],[133.8957,-32.5257],[133.8938,-32.5279],[133.893,-32.5316],[133.8934,-32.5349],[133.8954,-32.5367],[133.8937,-32.5388],[133.8937,-32.5412],[133.8911,-32.5412],[133.8888,-32.539],[133.8823,-32.5367],[133.8814,-32.537],[133.8772,-32.533],[133.8746,-32.5329],[133.8723,-32.5348],[133.8714,-32.5339],[133.8688,-32.5365],[133.8671,-32.5372],[133.8647,-32.5354],[133.8639,-32.5335],[133.8611,-32.5319],[133.8579,-32.5321],[133.8558,-32.5338],[133.8555,-32.5361],[133.8543,-32.5389],[133.8524,-32.5401],[133.8526,-32.5421],[133.8506,-32.5425],[133.849,-32.5417],[133.8492,-32.5385],[133.8486,-32.5357],[133.8509,-32.5322],[133.854,-32.5321],[133.8567,-32.5288],[133.8565,-32.5245],[133.8571,-32.5227],[133.8568,-32.5176],[133.854,-32.5132],[133.8543,-32.5113],[133.8532,-32.5091],[133.8508,-32.5081],[133.8474,-32.5079],[133.8465,-32.5068],[133.8471,-32.5034],[133.8483,-32.5035],[133.8513,-32.501],[133.8526,-32.4975],[133.8509,-32.4954],[133.8507,-32.4931],[133.8522,-32.4926],[133.855,-32.49],[133.8593,-32.4899],[133.8605,-32.4887],[133.8624,-32.483],[133.8609,-32.4801],[133.8592,-32.4783],[133.8573,-32.4749],[133.8578,-32.4741],[133.8538,-32.4686],[133.8547,-32.4676],[133.8507,-32.4619],[133.8527,-32.4604],[133.8537,-32.4584],[133.855,-32.4538],[133.8535,-32.4516],[133.8563,-32.4471],[133.8557,-32.4458],[133.8572,-32.4451],[133.8599,-32.4419],[133.8615,-32.4373],[133.8626,-32.4367],[133.8625,-32.4293],[133.8644,-32.4282],[133.8651,-32.4255],[133.8675,-32.4204],[133.8682,-32.4132],[133.8678,-32.4078],[133.8663,-32.4013],[133.8671,-32.3988],[133.8685,-32.398],[133.8729,-32.3983],[133.876,-32.4003],[133.8777,-32.4003],[133.8882,-32.398],[133.8905,-32.3979],[133.8935,-32.3989],[133.8949,-32.4006],[133.8918,-32.399],[133.8896,-32.3988],[133.8904,-32.4],[133.8927,-32.4003],[133.8939,-32.4034],[133.8923,-32.4015],[133.8883,-32.402],[133.8872,-32.4037],[133.8886,-32.4038],[133.8895,-32.4066],[133.8936,-32.4088],[133.8909,-32.4103],[133.8882,-32.4095],[133.889,-32.4115],[133.8912,-32.4133],[133.8945,-32.4141],[133.8969,-32.4129],[133.8949,-32.4129],[133.8912,-32.4113],[133.8936,-32.4113],[133.8933,-32.4098],[133.8987,-32.4102],[133.9058,-32.4123],[133.9042,-32.415],[133.9043,-32.4131],[133.9018,-32.4125],[133.8973,-32.4134],[133.8993,-32.4149],[133.899,-32.416],[133.897,-32.4152],[133.8953,-32.416],[133.8918,-32.4161],[133.8937,-32.4182],[133.8928,-32.4193],[133.8906,-32.4192],[133.8891,-32.4215],[133.8873,-32.4228],[133.8908,-32.4251],[133.8915,-32.4268],[133.8934,-32.4267],[133.8938,-32.4288],[133.8984,-32.428],[133.9009,-32.428],[133.901,-32.4257],[133.9028,-32.4228],[133.9042,-32.4247],[133.9035,-32.4277],[133.9082,-32.4244],[133.9096,-32.4259],[133.9105,-32.425],[133.9131,-32.4272],[133.9167,-32.4282],[133.9177,-32.427],[133.9203,-32.4264],[133.9239,-32.4266],[133.9251,-32.424],[133.9288,-32.4234],[133.9309,-32.4217],[133.931,-32.4229],[133.9333,-32.4214],[133.9342,-32.4198],[133.9386,-32.4206],[133.9382,-32.4193],[133.9407,-32.4175],[133.9419,-32.4153],[133.9414,-32.413],[133.9425,-32.412],[133.9445,-32.4129],[133.9469,-32.4116],[133.949,-32.4081],[133.9489,-32.4049],[133.948,-32.4034],[133.9499,-32.4028],[133.9519,-32.3989],[133.9523,-32.3916],[133.9497,-32.3862],[133.9477,-32.384],[133.9476,-32.3825],[133.9458,-32.3825],[133.9445,-32.3813],[133.941,-32.38],[133.938,-32.3802],[133.9341,-32.3818],[133.9327,-32.3799],[133.9344,-32.3741],[133.9335,-32.3687],[133.931,-32.3618],[133.9289,-32.3601],[133.9262,-32.3595],[133.9233,-32.3565],[133.9228,-32.3536],[133.9215,-32.3511],[133.9182,-32.3481],[133.9168,-32.3445],[133.912,-32.3382],[133.912,-32.3351],[133.911,-32.3326],[133.9073,-32.3269],[133.9063,-32.3239],[133.902,-32.3182],[133.8985,-32.3153],[133.8972,-32.3154],[133.8952,-32.3132],[133.8941,-32.3132],[133.8899,-32.3106],[133.8858,-32.3094],[133.8853,-32.3101],[133.883,-32.3067],[133.8801,-32.3061],[133.8804,-32.3031],[133.8783,-32.2961],[133.8766,-32.2914],[133.8716,-32.283],[133.8675,-32.2792],[133.8647,-32.2792],[133.8598,-32.2784],[133.8584,-32.2766],[133.8583,-32.2745],[133.8552,-32.2695],[133.8519,-32.2656],[133.8499,-32.2646],[133.8456,-32.2602],[133.8444,-32.2575],[133.8393,-32.2547],[133.8355,-32.254],[133.8312,-32.2546],[133.829,-32.2561],[133.8293,-32.2546],[133.8279,-32.2525],[133.8259,-32.2514],[133.8264,-32.2494],[133.8241,-32.2475],[133.8182,-32.2473],[133.818,-32.246],[133.8211,-32.2442],[133.8238,-32.2441],[133.8272,-32.2428],[133.8257,-32.2378],[133.8226,-32.2348],[133.8206,-32.2336],[133.8143,-32.2315],[133.8119,-32.2323],[133.809,-32.2321],[133.8072,-32.2311],[133.8082,-32.233],[133.807,-32.2336],[133.8061,-32.2361],[133.8067,-32.2379],[133.8047,-32.2402],[133.8084,-32.2425],[133.8082,-32.2432],[133.8049,-32.2434],[133.8005,-32.245],[133.8012,-32.2467],[133.7988,-32.2485],[133.7995,-32.2495],[133.7971,-32.2527],[133.7944,-32.2537],[133.7897,-32.254],[133.7863,-32.2533],[133.7824,-32.2539],[133.7762,-32.2573],[133.7734,-32.2624],[133.7736,-32.2633],[133.7708,-32.2639],[133.7689,-32.2632],[133.7684,-32.262],[133.7653,-32.261],[133.7656,-32.2586],[133.7629,-32.2566],[133.7625,-32.2543],[133.7643,-32.2523],[133.7643,-32.2491],[133.7626,-32.2474],[133.7614,-32.2451],[133.7574,-32.2413],[133.7568,-32.2385],[133.7554,-32.2353],[133.7561,-32.2317],[133.7579,-32.2319],[133.76,-32.2296],[133.7622,-32.2249],[133.761,-32.2191],[133.7592,-32.2162],[133.7597,-32.2104],[133.7576,-32.2067],[133.7531,-32.2038],[133.749,-32.2021],[133.7451,-32.2016],[133.7448,-32.2027],[133.7427,-32.2032],[133.7421,-32.2044],[133.7379,-32.2073],[133.736,-32.2076],[133.7376,-32.2058],[133.738,-32.2038],[133.7332,-32.1987],[133.7279,-32.1975],[133.726,-32.1983],[133.7245,-32.1968],[133.7149,-32.195],[133.7123,-32.1951],[133.7024,-32.1967],[133.6995,-32.1987],[133.6939,-32.1983],[133.6876,-32.1994],[133.6856,-32.2008],[133.6821,-32.2014],[133.6804,-32.203],[133.679,-32.2026],[133.6782,-32.1996],[133.6795,-32.1977],[133.6789,-32.1962],[133.6812,-32.1948],[133.6814,-32.1934],[133.683,-32.1929],[133.6837,-32.1898],[133.6832,-32.1883],[133.6838,-32.1849],[133.6856,-32.1838],[133.6882,-32.1778],[133.687,-32.1754],[133.6869,-32.1708],[133.6878,-32.1704],[133.689,-32.1663],[133.6912,-32.1656],[133.6926,-32.1627],[133.6946,-32.1614],[133.6946,-32.1597],[133.6934,-32.1561],[133.6892,-32.1515],[133.6841,-32.1477],[133.6747,-32.1426],[133.6698,-32.1426],[133.6641,-32.145],[133.6618,-32.1474],[133.6596,-32.1474],[133.658,-32.1488],[133.6527,-32.1501],[133.6514,-32.1516],[133.6478,-32.1522],[133.6452,-32.1508],[133.6435,-32.1487],[133.6441,-32.1475],[133.6428,-32.1441],[133.6441,-32.1425],[133.646,-32.1427],[133.6476,-32.1413],[133.6555,-32.1432],[133.6605,-32.1405],[133.6616,-32.1408],[133.6669,-32.1386],[133.6693,-32.1354],[133.6705,-32.135],[133.6716,-32.1326],[133.6721,-32.1298],[133.672,-32.1254],[133.6713,-32.1224],[133.6702,-32.1209],[133.6715,-32.1195],[133.6712,-32.1177],[133.6721,-32.1162],[133.6714,-32.1142],[133.6725,-32.1118],[133.671,-32.1094],[133.6717,-32.1074],[133.6659,-32.1038],[133.6634,-32.1044],[133.662,-32.1057],[133.6604,-32.1056],[133.6579,-32.1039],[133.6527,-32.1034],[133.6538,-32.1021],[133.6514,-32.0987],[133.6475,-32.0968],[133.6438,-32.0959],[133.6408,-32.0964],[133.6402,-32.0976],[133.6365,-32.099],[133.6366,-32.1006],[133.6301,-32.0989],[133.6321,-32.098],[133.6329,-32.0954],[133.6319,-32.0941],[133.6307,-32.0946],[133.628,-32.0938],[133.6282,-32.0906],[133.6258,-32.0905],[133.6226,-32.0922],[133.6208,-32.0921],[133.6176,-32.0896],[133.6165,-32.0873],[133.6136,-32.086],[133.6091,-32.0851],[133.6007,-32.0845],[133.5981,-32.0849],[133.5923,-32.0873],[133.5902,-32.0894],[133.5884,-32.0902],[133.586,-32.0931],[133.5819,-32.0956],[133.5797,-32.0992],[133.5797,-32.1018],[133.5779,-32.1046],[133.5804,-32.1076],[133.5779,-32.1106],[133.5751,-32.113],[133.5725,-32.1175],[133.5731,-32.1214],[133.5761,-32.1245],[133.5789,-32.1258],[133.5771,-32.1299],[133.5777,-32.1324],[133.5823,-32.1375],[133.5827,-32.1399],[133.5846,-32.1406],[133.5838,-32.1416],[133.5791,-32.1435],[133.5771,-32.1471],[133.5721,-32.1493],[133.5699,-32.1511],[133.5672,-32.1552],[133.5608,-32.1567],[133.5556,-32.1592],[133.5549,-32.1647],[133.5537,-32.1663],[133.5544,-32.1684],[133.5535,-32.1696],[133.5507,-32.1698],[133.546,-32.169],[133.5423,-32.1675],[133.5382,-32.1674],[133.5354,-32.1662],[133.5334,-32.1636],[133.5309,-32.1619],[133.5289,-32.1594],[133.5265,-32.1575],[133.5221,-32.1553],[133.5217,-32.1513],[133.5243,-32.1474],[133.5249,-32.1427],[133.5227,-32.1412],[133.525,-32.1389],[133.5245,-32.137],[133.5231,-32.1397],[133.5214,-32.1407],[133.5195,-32.1399],[133.5198,-32.1381],[133.5191,-32.1357],[133.521,-32.131],[133.5248,-32.1275],[133.5201,-32.1307],[133.5173,-32.1337],[133.513,-32.1325],[133.5152,-32.1345],[133.5116,-32.1372],[133.5092,-32.1371],[133.5075,-32.1408],[133.5049,-32.1417],[133.5045,-32.1437],[133.5069,-32.1428],[133.5095,-32.1463],[133.5102,-32.1442],[133.5124,-32.1443],[133.5117,-32.142],[133.5135,-32.1413],[133.5141,-32.1436],[133.5162,-32.1422],[133.5171,-32.1443],[133.5159,-32.1471],[133.5178,-32.1447],[133.5174,-32.1418],[133.519,-32.1435],[133.5166,-32.1474],[133.5145,-32.1488],[133.5139,-32.1502],[133.5107,-32.1536],[133.5074,-32.1544],[133.5044,-32.1537],[133.5039,-32.1548],[133.5006,-32.1534],[133.4968,-32.1506],[133.4946,-32.1478],[133.4947,-32.1459],[133.497,-32.1432],[133.4987,-32.1402],[133.5006,-32.1394],[133.5005,-32.1382],[133.5029,-32.1324],[133.5015,-32.129],[133.4959,-32.1278],[133.4948,-32.1287],[133.4924,-32.1286],[133.4887,-32.1267],[133.4841,-32.1266],[133.4835,-32.1253],[133.4857,-32.1242],[133.4863,-32.1209],[133.4841,-32.1183],[133.4807,-32.1179],[133.48,-32.1163],[133.4808,-32.1149],[133.483,-32.1141],[133.4862,-32.1141],[133.49,-32.1121],[133.488,-32.1106],[133.4853,-32.1108],[133.4825,-32.1094],[133.4822,-32.1082],[133.4845,-32.1044],[133.4815,-32.1032],[133.4783,-32.1043],[133.4775,-32.1025],[133.4752,-32.1009],[133.4728,-32.1001],[133.4679,-32.1],[133.466,-32.1021],[133.4604,-32.1029],[133.4578,-32.1051],[133.4556,-32.1082],[133.4544,-32.1083],[133.4509,-32.1134],[133.4491,-32.1195],[133.4493,-32.1255],[133.4505,-32.1305],[133.452,-32.1339],[133.4521,-32.1354],[133.4501,-32.1365],[133.4468,-32.1359],[133.4446,-32.132],[133.4446,-32.1296],[133.4431,-32.1266],[133.4398,-32.1248],[133.4379,-32.1249],[133.4346,-32.1266],[133.4322,-32.1301],[133.4273,-32.1319],[133.4252,-32.1291],[133.4227,-32.1281],[133.4197,-32.1281],[133.4133,-32.1316],[133.4112,-32.1338],[133.4104,-32.1361],[133.4081,-32.136],[133.4029,-32.1376],[133.401,-32.137],[133.3984,-32.1381],[133.395,-32.1422],[133.3952,-32.1457],[133.3937,-32.1488],[133.3967,-32.1498],[133.3971,-32.1533],[133.3962,-32.1555],[133.3979,-32.157],[133.3945,-32.1591],[133.3923,-32.1594],[133.3958,-32.1599],[133.396,-32.1612],[133.4,-32.1632],[133.3979,-32.1645],[133.4005,-32.1688],[133.4028,-32.1693],[133.403,-32.1683],[133.4077,-32.17],[133.4093,-32.1693],[133.4109,-32.1711],[133.4128,-32.1713],[133.4148,-32.1699],[133.4129,-32.1727],[133.4134,-32.1736],[133.4112,-32.1758],[133.4127,-32.1768],[133.4118,-32.1778],[133.4139,-32.1784],[133.416,-32.1778],[133.4157,-32.1764],[133.4183,-32.1746],[133.4213,-32.1736],[133.4272,-32.1728],[133.426,-32.1751],[133.4267,-32.1788],[133.427,-32.1748],[133.4291,-32.1769],[133.4297,-32.1788],[133.434,-32.1779],[133.4369,-32.1765],[133.438,-32.174],[133.4378,-32.1716],[133.4414,-32.171],[133.4425,-32.1722],[133.445,-32.1716],[133.4463,-32.1726],[133.4511,-32.1713],[133.4532,-32.1699],[133.4553,-32.1721],[133.4577,-32.1726],[133.4643,-32.1722],[133.4643,-32.174],[133.4685,-32.1752],[133.4684,-32.1743],[133.4733,-32.1773],[133.4742,-32.1812],[133.4764,-32.182],[133.4788,-32.1858],[133.4789,-32.1883],[133.4819,-32.1881],[133.4858,-32.1903],[133.4857,-32.1936],[133.4864,-32.1944],[133.4902,-32.1943],[133.4918,-32.1956],[133.4913,-32.2001],[133.4881,-32.2033],[133.4875,-32.2061],[133.4858,-32.2035],[133.4884,-32.2004],[133.4876,-32.1993],[133.4859,-32.1996],[133.4856,-32.1962],[133.4817,-32.1945],[133.4792,-32.1922],[133.4708,-32.188],[133.4685,-32.1873],[133.4618,-32.1842],[133.4462,-32.1785],[133.4383,-32.1782],[133.4316,-32.1806],[133.428,-32.1827],[133.4256,-32.1847],[133.4244,-32.1867],[133.4266,-32.19],[133.4287,-32.191],[133.4256,-32.1908],[133.4264,-32.193],[133.4258,-32.1952],[133.4235,-32.198],[133.4212,-32.1984],[133.4199,-32.1967],[133.4178,-32.1956],[133.413,-32.1946],[133.4097,-32.1954],[133.4083,-32.1985],[133.4058,-32.2],[133.4039,-32.1995],[133.4038,-32.1976],[133.3997,-32.1959],[133.395,-32.1951],[133.392,-32.1969],[133.3903,-32.2],[133.3886,-32.1999],[133.3878,-32.1984],[133.3854,-32.1972],[133.3848,-32.194],[133.3799,-32.1918],[133.3785,-32.1917],[133.3714,-32.1888],[133.365,-32.1875],[133.3625,-32.1863],[133.3575,-32.1849],[133.3535,-32.1843],[133.3448,-32.1824],[133.3411,-32.1807],[133.3379,-32.1801],[133.3353,-32.1802],[133.3315,-32.1823],[133.3262,-32.1816],[133.3255,-32.1803],[133.3235,-32.1799],[133.3192,-32.1815],[133.3132,-32.1822],[133.3121,-32.1809],[133.3088,-32.1816],[133.3015,-32.1811],[133.293,-32.1809],[133.2854,-32.1816],[133.2782,-32.1835],[133.2741,-32.1875],[133.274,-32.1907],[133.2756,-32.1922],[133.2752,-32.1949],[133.2727,-32.1953],[133.2716,-32.197],[133.2694,-32.1971],[133.2685,-32.1985],[133.267,-32.2032],[133.2652,-32.2029],[133.2641,-32.2046],[133.2604,-32.2047],[133.2578,-32.2065],[133.2574,-32.2077],[133.2592,-32.2092],[133.2584,-32.2105],[133.2553,-32.2103],[133.2532,-32.2109],[133.2514,-32.2097],[133.2511,-32.2082],[133.2529,-32.2075],[133.2526,-32.2051],[133.2494,-32.2053],[133.2467,-32.2041],[133.2407,-32.1985],[133.2361,-32.196],[133.2333,-32.1926],[133.2319,-32.1917],[133.2226,-32.1878],[133.2181,-32.1862],[133.2135,-32.1855],[133.2133,-32.0163],[133.2129,-31.9938],[133.2128,-31.8237],[133.2127,-31.7521],[133.213,-31.7521],[133.2394,-31.7699],[133.2464,-31.7728],[133.2856,-31.7832],[133.3847,-31.7999],[133.4578,-31.8119],[133.5297,-31.8118],[133.6106,-31.8117],[133.6106,-31.8443],[133.6752,-31.8443],[133.6751,-31.8554],[133.727,-31.8554],[133.7393,-31.855],[133.8001,-31.8521],[133.8512,-31.8496],[133.8513,-31.8802],[133.8884,-31.8803],[133.8935,-31.8834],[133.8965,-31.8845],[133.9252,-31.8996],[134.0529,-31.9657],[134.0583,-31.9672],[134.0607,-31.9697],[134.0686,-31.9732],[134.0692,-31.9747],[134.0763,-31.9787],[134.0781,-31.976],[134.0862,-31.9697],[134.0898,-31.9628],[134.1201,-31.9758],[134.1201,-31.868],[134.2903,-31.8676],[134.2905,-32.0871],[134.5129,-32.0868],[134.513,-32.2069],[134.513,-32.2321],[134.6321,-32.2318],[134.7364,-32.2315],[134.8295,-32.2311],[134.8445,-32.2311],[134.8511,-32.2364],[134.8556,-32.2368],[134.8566,-32.5144],[134.941,-32.5144],[135.0014,-32.5143],[135.0906,-32.5142],[135.1057,-32.5723],[135.1146,-32.5725],[135.1199,-32.5759],[135.1305,-32.5727],[135.1366,-32.5732],[135.1366,-32.6222],[135.1445,-32.6221],[135.1555,-32.6223],[135.2549,-32.6219],[135.3085,-32.6216],[135.3085,-32.7675],[135.3596,-32.7674],[135.3597,-32.8151],[135.3637,-32.815],[135.3687,-32.8127],[135.3748,-32.8138],[135.3757,-32.8148],[135.3781,-32.8147],[135.3783,-32.8133],[135.3879,-32.8098],[135.3875,-32.8062],[135.3922,-32.8069],[135.3941,-32.8085],[135.398,-32.8087],[135.3993,-32.8103],[135.4012,-32.81],[135.4068,-32.8114],[135.4091,-32.8127],[135.4124,-32.8108],[135.4198,-32.81],[135.4246,-32.8111],[135.4316,-32.8098],[135.4544,-32.8083],[135.4604,-32.8068],[135.4621,-32.8088],[135.4683,-32.8085],[135.4702,-32.8078],[135.4785,-32.8077],[135.4798,-32.8068],[135.4804,-32.8079],[135.4804,-32.8175],[135.4808,-32.8315],[135.4807,-32.8642],[135.4808,-32.912],[135.5716,-32.9115],[135.5717,-32.9364],[135.5961,-32.9363],[135.597,-32.934],[135.5946,-32.9325],[135.5927,-32.9267],[135.5902,-32.9114],[135.6531,-32.9111],[135.6532,-32.9925],[135.6531,-32.9928],[135.6531,-33.0357],[135.6533,-33.0564],[135.7007,-33.0561],[135.701,-33.056],[135.7337,-33.0559],[135.7337,-33.056],[135.8256,-33.0555],[135.8256,-33.078],[135.8261,-33.0785],[135.8261,-33.107],[135.826,-33.1075],[135.8306,-33.1084],[135.8352,-33.1085],[135.842,-33.1093],[135.8465,-33.1111],[135.8523,-33.1127],[135.857,-33.1146],[135.8672,-33.1203],[135.8775,-33.1267],[135.8834,-33.1293],[135.9084,-33.131],[135.9603,-33.1337],[135.9612,-33.1337],[135.9599,-33.1364],[135.9612,-33.1382],[135.9604,-33.1437],[135.9623,-33.1564],[135.9619,-33.1566],[135.9629,-33.1634],[135.9618,-33.1672],[135.9577,-33.1698],[135.9465,-33.1826],[135.9373,-33.1902],[135.9356,-33.1912],[135.9261,-33.2053],[135.9255,-33.2058],[135.915,-33.2109],[135.9109,-33.2142],[135.9008,-33.2285],[135.8966,-33.2324],[135.8938,-33.234],[135.8912,-33.2374],[135.8903,-33.2405],[135.8866,-33.2448],[135.8869,-33.2503],[135.8846,-33.2554],[135.8853,-33.2824],[135.8844,-33.2844],[135.8856,-33.2891],[135.8846,-33.3016],[135.8849,-33.3018],[135.8849,-33.3312],[135.9081,-33.3312],[135.9069,-33.4877],[135.9071,-33.4986],[135.907,-33.5213],[135.9074,-33.6617],[135.9074,-33.7039],[135.9076,-33.7041],[135.9077,-33.7803],[135.9078,-33.7863],[135.9077,-33.8212],[135.9075,-33.8212],[135.9076,-33.8502],[135.7774,-33.8501],[135.7775,-33.9241],[135.7774,-33.9373],[135.7777,-33.9386],[135.7776,-33.9412],[135.7776,-33.9682],[135.7777,-33.9817],[135.778,-33.9985],[135.7777,-34.0105],[135.7777,-34.0795],[135.7779,-34.0909],[135.7776,-34.0911],[135.7777,-34.1698],[135.7775,-34.2916],[135.7774,-34.2921],[135.7774,-34.3456],[135.7775,-34.4001],[135.7774,-34.4773],[135.7859,-34.4773],[135.8498,-34.4773],[135.9131,-34.4774],[136.0012,-34.4774],[136.0349,-34.4774],[136.035,-34.4804],[136.0282,-34.4819],[136.0258,-34.4833],[136.0243,-34.4851],[136.0243,-34.4865],[136.0261,-34.489],[136.0244,-34.4915],[136.0191,-34.4943],[136.0158,-34.4977],[136.0155,-34.4994],[136.0168,-34.501],[136.019,-34.5021],[136.0185,-34.5038],[136.0165,-34.5056],[136.0169,-34.508],[136.0201,-34.5105],[136.0203,-34.5122],[136.0236,-34.5148],[136.0219,-34.5162],[136.0187,-34.5159],[136.0165,-34.5141],[136.0177,-34.5125],[136.0171,-34.5101],[136.0152,-34.5087],[136.0101,-34.5077],[136.0042,-34.5084],[136.0015,-34.5096],[136.0002,-34.5116],[135.9959,-34.5136],[135.9948,-34.5162],[135.9953,-34.5175],[135.9937,-34.5185],[135.9916,-34.5174],[135.9897,-34.5143],[135.9865,-34.5131],[135.9845,-34.5142],[135.9826,-34.514],[135.9822,-34.511],[135.9837,-34.5083],[135.9813,-34.5059],[135.9761,-34.5046],[135.972,-34.505],[135.9685,-34.5059],[135.9633,-34.5077],[135.9576,-34.5102],[135.9547,-34.5125],[135.9513,-34.5139],[135.946,-34.5169],[135.9408,-34.5205],[135.9314,-34.5295],[135.9291,-34.5331],[135.9281,-34.5372],[135.9292,-34.5404],[135.9313,-34.5414],[135.9356,-34.5409],[135.9346,-34.5441],[135.9315,-34.545],[135.9312,-34.5461],[135.9282,-34.5477],[135.9245,-34.5477],[135.9228,-34.55],[135.9155,-34.5637],[135.9144,-34.5684],[135.9117,-34.5731],[135.9083,-34.5772],[135.9058,-34.5811],[135.9039,-34.5857],[135.9027,-34.5939],[135.903,-34.5987],[135.9038,-34.6014],[135.9055,-34.6039],[135.9083,-34.6061],[135.9112,-34.6096],[135.9139,-34.6113],[135.9181,-34.6118],[135.92,-34.6113],[135.9249,-34.6078],[135.9271,-34.6095],[135.9297,-34.6098],[135.9314,-34.6091],[135.9334,-34.6098],[135.9333,-34.6122],[135.9313,-34.614],[135.9306,-34.6164],[135.9312,-34.6192],[135.9344,-34.6195],[135.9339,-34.6212],[135.9346,-34.6236],[135.9308,-34.6319],[135.9327,-34.6339],[135.9337,-34.6371],[135.9334,-34.6398],[135.9344,-34.6409],[135.9349,-34.6456],[135.937,-34.6474],[135.9374,-34.649],[135.9357,-34.6493],[135.9313,-34.6482],[135.9293,-34.6467],[135.9272,-34.6467],[135.9263,-34.6455],[135.9269,-34.6418],[135.925,-34.6386],[135.925,-34.6356],[135.9229,-34.6334],[135.9169,-34.6307],[135.9145,-34.6305],[135.9126,-34.6315],[135.9123,-34.6294],[135.914,-34.6257],[135.9145,-34.6221],[135.9131,-34.6205],[135.9093,-34.6182],[135.9042,-34.6166],[135.899,-34.6157],[135.8947,-34.6153],[135.8887,-34.6163],[135.8807,-34.6193],[135.8723,-34.624],[135.864,-34.6311],[135.8605,-34.6355],[135.8598,-34.6376],[135.8605,-34.6408],[135.8586,-34.6444],[135.8591,-34.6468],[135.8576,-34.65],[135.8563,-34.656],[135.8561,-34.6594],[135.854,-34.6651],[135.8539,-34.6694],[135.8551,-34.6728],[135.8547,-34.6768],[135.8552,-34.6797],[135.8555,-34.6876],[135.8371,-34.6875],[135.8348,-34.6887],[135.8321,-34.6874],[135.8302,-34.6949],[135.8281,-34.7008],[135.8253,-34.7029],[135.8213,-34.7084],[135.825,-34.7147],[135.8229,-34.7179],[135.8258,-34.7207],[135.8268,-34.725],[135.8261,-34.7265],[135.8262,-34.7349],[135.8216,-34.7346],[135.8261,-34.7372],[135.8288,-34.7411],[135.8316,-34.7428],[135.8394,-34.7455],[135.8362,-34.7489],[135.8345,-34.7478],[135.8296,-34.753],[135.8281,-34.76],[135.824,-34.7645],[135.8284,-34.7672],[135.8238,-34.7699],[135.8228,-34.7716],[135.82,-34.7729],[135.8098,-34.7821],[135.8063,-34.7866],[135.8053,-34.7886],[135.8027,-34.7907],[135.8028,-34.794],[135.7982,-34.7966],[135.7976,-34.7981],[135.795,-34.7991],[135.7898,-34.8029],[135.787,-34.8062],[135.7858,-34.8087],[135.786,-34.8102],[135.7882,-34.8123],[135.7904,-34.8122],[135.7943,-34.8108],[135.7967,-34.8132],[135.7986,-34.8138],[135.8029,-34.814],[135.8044,-34.8132],[135.8083,-34.8136],[135.814,-34.8154],[135.8267,-34.8181],[135.8293,-34.8181],[135.8344,-34.819],[135.8385,-34.8186],[135.8428,-34.8174],[135.8449,-34.8158],[135.8464,-34.8135],[135.8492,-34.8134],[135.8544,-34.8123],[135.8561,-34.8126],[135.8584,-34.811],[135.8605,-34.8075],[135.8617,-34.8073],[135.8672,-34.8083],[135.8728,-34.8083],[135.8758,-34.8075],[135.8789,-34.8083],[135.884,-34.8077],[135.8884,-34.8056],[135.8935,-34.8056],[135.8971,-34.8045],[135.899,-34.8024],[135.9001,-34.7999],[135.9024,-34.7984],[135.9053,-34.7924],[135.9075,-34.7924],[135.911,-34.7895],[135.912,-34.7859],[135.9136,-34.7873],[135.9161,-34.7871],[135.919,-34.7857],[135.9219,-34.783],[135.9233,-34.7808],[135.9234,-34.7783],[135.9255,-34.7767],[135.9281,-34.7716],[135.9283,-34.7699],[135.9299,-34.7681],[135.9327,-34.7675],[135.9386,-34.7696],[135.9443,-34.7673],[135.9471,-34.7652],[135.9488,-34.7659],[135.9508,-34.765],[135.9541,-34.7605],[135.9543,-34.7581],[135.9572,-34.7576],[135.9575,-34.7594],[135.9566,-34.7632],[135.9578,-34.7658],[135.9605,-34.7671],[135.9623,-34.7726],[135.9611,-34.7756],[135.9609,-34.7838],[135.9638,-34.7856],[135.9677,-34.7862],[135.9753,-34.7861],[135.9819,-34.7841],[135.9835,-34.7832],[135.9853,-34.7803],[135.9841,-34.7787],[135.9848,-34.7769],[135.9888,-34.7736],[135.9901,-34.7695],[135.9887,-34.768],[135.9883,-34.7653],[135.987,-34.7643],[135.9875,-34.7624],[135.9865,-34.7592],[135.9837,-34.7577],[135.985,-34.7561],[135.9873,-34.757],[135.9895,-34.7557],[135.991,-34.7528],[135.991,-34.7475],[135.9865,-34.7452],[135.9866,-34.744],[135.9884,-34.7426],[135.9888,-34.7398],[135.9875,-34.7368],[135.9857,-34.7349],[135.9821,-34.7357],[135.9804,-34.7347],[135.9793,-34.7324],[135.9792,-34.7305],[135.9803,-34.7287],[135.9842,-34.7269],[135.9875,-34.728],[135.9905,-34.7281],[135.9924,-34.7262],[135.9945,-34.7253],[135.9964,-34.7268],[135.9959,-34.7305],[135.9974,-34.7334],[136.0003,-34.7337],[136.0019,-34.7362],[136.0063,-34.7357],[136.007,-34.7381],[136.0109,-34.7433],[136.0106,-34.7484],[136.0093,-34.751],[136.0103,-34.7525],[136.0123,-34.7528],[136.0144,-34.7552],[136.0129,-34.7575],[136.013,-34.7625],[136.0105,-34.7638],[136.0097,-34.7665],[136.0058,-34.771],[136.0034,-34.7754],[136.0036,-34.7779],[136.002,-34.7807],[136.0019,-34.7873],[136.0031,-34.7901],[136.0056,-34.7922],[136.007,-34.7912],[136.0105,-34.7936],[136.0157,-34.7937],[136.0149,-34.7955],[136.0124,-34.7958],[136.0089,-34.7946],[136.0074,-34.7952],[136.0043,-34.7988],[136.0037,-34.8018],[136.0047,-34.8028],[136.007,-34.8032],[136.0083,-34.8058],[136.0035,-34.8069],[136.0026,-34.8084],[136.0007,-34.8159],[135.9987,-34.8185],[135.9975,-34.8213],[135.9952,-34.8232],[135.9941,-34.827],[135.9927,-34.8282],[135.9907,-34.8283],[135.9883,-34.827],[135.9836,-34.8289],[135.9774,-34.8335],[135.9673,-34.8397],[135.9632,-34.8429],[135.96,-34.848],[135.9601,-34.8502],[135.9613,-34.8515],[135.9601,-34.8548],[135.9614,-34.8586],[135.9605,-34.8625],[135.9614,-34.8648],[135.961,-34.8688],[135.9634,-34.8766],[135.9661,-34.8789],[135.9683,-34.8825],[135.9701,-34.8833],[135.9728,-34.8861],[135.9711,-34.8895],[135.971,-34.8911],[135.9727,-34.8931],[135.975,-34.8934],[135.977,-34.8962],[135.9755,-34.8997],[135.9753,-34.9031],[135.9761,-34.9064],[135.979,-34.9082],[135.9835,-34.9076],[135.9862,-34.9093],[135.9871,-34.912],[135.9854,-34.9134],[135.9847,-34.9166],[135.9871,-34.9182],[135.9869,-34.92],[135.9891,-34.9203],[135.9922,-34.926],[135.993,-34.9303],[135.989,-34.9303],[135.9888,-34.9319],[135.9865,-34.9338],[135.9864,-34.9411],[135.9896,-34.9435],[135.9914,-34.9425],[135.9926,-34.9437],[135.9924,-34.9489],[135.9911,-34.9493],[135.9885,-34.9527],[135.9895,-34.9536],[135.9888,-34.9572],[135.9873,-34.9584],[135.989,-34.9596],[135.9896,-34.9618],[135.9916,-34.9627],[135.9962,-34.9596],[135.998,-34.9592],[135.9987,-34.964],[135.9979,-34.9664],[135.9983,-34.9683],[136.0012,-34.9753],[136.0031,-34.9765],[136.0032,-34.9797],[136.0045,-34.9804],[136.0024,-34.9819],[136.0034,-34.9835],[136.0026,-34.9859],[136.0011,-34.9855],[135.9972,-34.9828],[135.9951,-34.9826],[135.9949,-34.981],[135.9933,-34.9799],[135.9872,-34.9817],[135.9856,-34.9839],[135.9862,-34.9854],[135.9841,-34.9895],[135.9817,-34.9902],[135.9794,-34.9917],[135.9766,-34.9947],[135.9752,-34.9945],[135.9733,-34.991],[135.9708,-34.9905],[135.9663,-34.9903],[135.9603,-34.9919],[135.9583,-34.997],[135.9592,-34.9982],[135.9595,-35.0017],[135.9609,-35.0033],[135.9605,-35.0053],[135.9576,-35.0058],[135.9532,-35.0055],[135.9474,-35.0055],[135.9441,-35.0027],[135.9434,-35.003],[135.9435,-34.9981],[135.9444,-34.9966],[135.9435,-34.9948],[135.9432,-34.9915],[135.9446,-34.9903],[135.9418,-34.988],[135.9414,-34.9856],[135.945,-34.9851],[135.9466,-34.9818],[135.9486,-34.9811],[135.9471,-34.9778],[135.9467,-34.9754],[135.9442,-34.975],[135.9429,-34.9739],[135.939,-34.9745],[135.937,-34.9734],[135.9346,-34.9735],[135.9331,-34.9712],[135.9309,-34.9693],[135.9308,-34.9671],[135.9295,-34.9666],[135.9296,-34.9639],[135.9288,-34.9612],[135.9277,-34.9606],[135.9281,-34.9583],[135.9305,-34.9568],[135.9304,-34.9557],[135.9324,-34.9529],[135.9313,-34.9506],[135.9288,-34.9483],[135.9269,-34.9481],[135.9236,-34.9453],[135.9201,-34.9451],[135.9195,-34.9422],[135.9096,-34.9368],[135.8932,-34.9309],[135.8884,-34.9307],[135.8873,-34.9296],[135.8803,-34.9292],[135.8796,-34.9287],[135.8782,-34.9246],[135.8758,-34.9226],[135.8736,-34.9222],[135.8712,-34.9241],[135.8705,-34.9208],[135.8677,-34.9199],[135.8636,-34.9194],[135.86,-34.9222],[135.8588,-34.9257],[135.8569,-34.9274],[135.8546,-34.9257],[135.8532,-34.9231],[135.8526,-34.9202],[135.8538,-34.9178],[135.855,-34.9171],[135.8562,-34.9134],[135.8554,-34.909],[135.8563,-34.904],[135.858,-34.9007],[135.8593,-34.8994],[135.8575,-34.896],[135.8543,-34.8947],[135.8523,-34.8913],[135.8549,-34.8886],[135.8538,-34.8866],[135.851,-34.8868],[135.8491,-34.8828],[135.847,-34.8809],[135.8415,-34.8788],[135.8366,-34.8764],[135.8166,-34.8678],[135.8022,-34.8631],[135.7951,-34.8624],[135.7921,-34.861],[135.7846,-34.8598],[135.7771,-34.8591],[135.7735,-34.8579],[135.7681,-34.8577],[135.7634,-34.8567],[135.7518,-34.8561],[135.7482,-34.857],[135.7423,-34.8571],[135.7357,-34.8579],[135.7337,-34.8588],[135.7263,-34.8598],[135.7219,-34.8615],[135.7157,-34.8646],[135.7124,-34.8653],[135.7107,-34.8705],[135.7078,-34.8744],[135.7076,-34.8785],[135.7086,-34.885],[135.7086,-34.887],[135.7068,-34.8927],[135.7078,-34.8951],[135.7052,-34.8964],[135.7048,-34.8996],[135.7037,-34.9022],[135.7044,-34.9045],[135.7057,-34.9057],[135.7038,-34.9077],[135.7019,-34.9071],[135.7015,-34.9055],[135.6987,-34.9051],[135.6976,-34.9065],[135.6955,-34.9064],[135.695,-34.9083],[135.6925,-34.9103],[135.692,-34.9139],[135.6887,-34.9117],[135.6888,-34.9102],[135.6869,-34.9087],[135.6835,-34.9094],[135.6813,-34.9109],[135.6792,-34.9137],[135.6809,-34.9165],[135.6845,-34.9184],[135.6855,-34.9205],[135.6884,-34.9233],[135.6882,-34.9261],[135.687,-34.9265],[135.6865,-34.9297],[135.6887,-34.9329],[135.687,-34.9362],[135.6898,-34.9372],[135.6899,-34.9401],[135.6874,-34.9434],[135.6846,-34.9459],[135.6808,-34.9443],[135.6802,-34.9451],[135.6771,-34.9453],[135.6745,-34.9428],[135.6709,-34.9435],[135.6709,-34.9458],[135.6687,-34.9467],[135.6678,-34.946],[135.668,-34.9426],[135.6655,-34.9421],[135.665,-34.9406],[135.6625,-34.9393],[135.661,-34.9396],[135.6583,-34.9383],[135.6562,-34.9385],[135.655,-34.9367],[135.6526,-34.9366],[135.6515,-34.9377],[135.6487,-34.9369],[135.6421,-34.9365],[135.6393,-34.9377],[135.6403,-34.9399],[135.6398,-34.9426],[135.6358,-34.9429],[135.6344,-34.9412],[135.6329,-34.9418],[135.6299,-34.9417],[135.6283,-34.9425],[135.627,-34.9459],[135.624,-34.9459],[135.6222,-34.9421],[135.6202,-34.9445],[135.6188,-34.9444],[135.6187,-34.9427],[135.6199,-34.9425],[135.6192,-34.9391],[135.6197,-34.9369],[135.6183,-34.9328],[135.6211,-34.9312],[135.6211,-34.929],[135.62,-34.9277],[135.6211,-34.9249],[135.6222,-34.9242],[135.6215,-34.922],[135.6199,-34.9232],[135.618,-34.9212],[135.6157,-34.9254],[135.6147,-34.9245],[135.6161,-34.9234],[135.6165,-34.9188],[135.6202,-34.9187],[135.6216,-34.9193],[135.6229,-34.9159],[135.6243,-34.9155],[135.6231,-34.9135],[135.6229,-34.911],[135.624,-34.9101],[135.624,-34.9064],[135.6224,-34.9063],[135.6209,-34.9048],[135.6181,-34.9046],[135.6184,-34.8986],[135.6157,-34.8976],[135.6153,-34.8957],[135.6143,-34.8956],[135.6145,-34.8927],[135.611,-34.8915],[135.606,-34.8924],[135.6049,-34.8917],[135.6043,-34.8846],[135.6028,-34.8835],[135.6039,-34.8819],[135.6045,-34.8787],[135.6,-34.8768],[135.599,-34.8739],[135.597,-34.8719],[135.5923,-34.8717],[135.5936,-34.8709],[135.5934,-34.8692],[135.5911,-34.8671],[135.5908,-34.8656],[135.5877,-34.8652],[135.5883,-34.8637],[135.5853,-34.8639],[135.5861,-34.862],[135.5842,-34.8621],[135.5834,-34.8604],[135.5817,-34.8608],[135.5825,-34.8581],[135.5797,-34.8569],[135.5796,-34.8554],[135.5778,-34.8538],[135.5764,-34.8539],[135.5759,-34.8518],[135.5745,-34.8512],[135.5735,-34.8492],[135.5723,-34.8494],[135.5722,-34.8474],[135.5707,-34.847],[135.5698,-34.8448],[135.5674,-34.8433],[135.5648,-34.8406],[135.562,-34.8394],[135.5594,-34.8368],[135.5578,-34.836],[135.5586,-34.8339],[135.555,-34.8311],[135.5524,-34.8307],[135.5524,-34.8291],[135.5537,-34.8267],[135.5512,-34.8246],[135.5477,-34.8228],[135.5473,-34.8214],[135.545,-34.8205],[135.542,-34.8179],[135.5406,-34.8141],[135.5369,-34.8129],[135.535,-34.8115],[135.533,-34.8111],[135.5329,-34.809],[135.5316,-34.8072],[135.5277,-34.8039],[135.5251,-34.8027],[135.5191,-34.7979],[135.5184,-34.7977],[135.5062,-34.7883],[135.505,-34.7866],[135.5018,-34.7843],[135.4986,-34.784],[135.4959,-34.7826],[135.4948,-34.7812],[135.4963,-34.7792],[135.4944,-34.7779],[135.4915,-34.7727],[135.492,-34.7714],[135.4943,-34.7694],[135.4943,-34.7665],[135.4928,-34.766],[135.4893,-34.761],[135.4855,-34.7578],[135.4814,-34.7537],[135.4791,-34.7528],[135.4788,-34.7486],[135.4743,-34.7441],[135.4684,-34.7393],[135.4668,-34.7376],[135.4635,-34.7358],[135.4603,-34.7326],[135.4491,-34.7249],[135.4433,-34.7215],[135.4405,-34.719],[135.43,-34.7129],[135.424,-34.71],[135.4199,-34.7069],[135.4106,-34.7013],[135.4089,-34.6999],[135.4075,-34.7001],[135.3952,-34.6937],[135.3929,-34.693],[135.3853,-34.6895],[135.3797,-34.6871],[135.3726,-34.6847],[135.3678,-34.6834],[135.3552,-34.6809],[135.3498,-34.6805],[135.3453,-34.6808],[135.3384,-34.6835],[135.3327,-34.6874],[135.3294,-34.6892],[135.3252,-34.6864],[135.3242,-34.6843],[135.322,-34.6826],[135.3208,-34.6805],[135.3255,-34.6799],[135.3264,-34.6777],[135.3258,-34.6748],[135.3272,-34.6744],[135.3276,-34.6711],[135.3302,-34.6693],[135.3306,-34.6702],[135.3335,-34.6713],[135.3374,-34.6702],[135.3385,-34.6713],[135.341,-34.6711],[135.3437,-34.6699],[135.347,-34.6667],[135.3483,-34.6622],[135.3482,-34.6609],[135.3496,-34.6577],[135.3497,-34.654],[135.349,-34.6501],[135.3455,-34.6396],[135.3434,-34.6354],[135.3417,-34.6291],[135.3363,-34.6205],[135.331,-34.6152],[135.3236,-34.6093],[135.3153,-34.6046],[135.3085,-34.6021],[135.3032,-34.6014],[135.3023,-34.6026],[135.3003,-34.6031],[135.297,-34.6024],[135.299,-34.6012],[135.2983,-34.5977],[135.2944,-34.592],[135.2925,-34.591],[135.2925,-34.5897],[135.2901,-34.5873],[135.2882,-34.5873],[135.2879,-34.5855],[135.2854,-34.5843],[135.2871,-34.5839],[135.288,-34.582],[135.2855,-34.5805],[135.2832,-34.5757],[135.2822,-34.5762],[135.2791,-34.573],[135.2792,-34.5714],[135.2767,-34.5685],[135.2691,-34.5631],[135.2651,-34.5612],[135.2637,-34.5595],[135.2583,-34.5568],[135.2576,-34.5551],[135.2524,-34.5519],[135.2484,-34.5499],[135.2387,-34.546],[135.2326,-34.5443],[135.2285,-34.5436],[135.2202,-34.544],[135.2136,-34.5455],[135.2105,-34.5468],[135.2066,-34.55],[135.2065,-34.5525],[135.2103,-34.5574],[135.2088,-34.5586],[135.2073,-34.5568],[135.2052,-34.5558],[135.2021,-34.5553],[135.1963,-34.5551],[135.1945,-34.5571],[135.1923,-34.5577],[135.1905,-34.5561],[135.1832,-34.556],[135.1805,-34.5567],[135.1789,-34.555],[135.177,-34.5546],[135.1737,-34.555],[135.1682,-34.5579],[135.1657,-34.5611],[135.1632,-34.5608],[135.1586,-34.5618],[135.1569,-34.5629],[135.1564,-34.5644],[135.1538,-34.5666],[135.155,-34.5676],[135.1504,-34.5686],[135.1501,-34.57],[135.1466,-34.5729],[135.1478,-34.5765],[135.1461,-34.5797],[135.1456,-34.5828],[135.1476,-34.586],[135.1459,-34.5869],[135.1458,-34.5891],[135.1437,-34.5917],[135.1396,-34.591],[135.1385,-34.5894],[135.1357,-34.5904],[135.1336,-34.5875],[135.1289,-34.5902],[135.1288,-34.588],[135.1265,-34.5867],[135.1244,-34.5873],[135.1214,-34.5852],[135.1202,-34.5857],[135.1195,-34.5877],[135.1162,-34.5892],[135.1153,-34.5883],[135.1138,-34.5901],[135.1103,-34.5889],[135.1092,-34.5875],[135.1108,-34.5828],[135.1137,-34.5811],[135.1167,-34.5815],[135.1221,-34.5779],[135.1222,-34.5769],[135.1252,-34.5767],[135.1247,-34.5739],[135.1258,-34.5703],[135.1253,-34.5685],[135.1267,-34.5637],[135.1251,-34.5612],[135.1261,-34.5588],[135.1235,-34.5573],[135.1272,-34.5561],[135.1307,-34.5538],[135.1327,-34.5501],[135.1342,-34.5444],[135.1326,-34.532],[135.1299,-34.5281],[135.1316,-34.5275],[135.1337,-34.5244],[135.1358,-34.523],[135.1415,-34.5228],[135.1436,-34.5198],[135.1417,-34.5183],[135.1432,-34.5167],[135.1437,-34.5095],[135.1417,-34.5072],[135.1389,-34.5059],[135.1389,-34.5035],[135.1407,-34.5019],[135.1443,-34.5024],[135.1461,-34.5018],[135.1532,-34.4941],[135.1596,-34.4889],[135.1616,-34.4855],[135.1623,-34.4828],[135.1652,-34.481],[135.1675,-34.4772],[135.1704,-34.4709],[135.169,-34.4688],[135.173,-34.4668],[135.1732,-34.4648],[135.1755,-34.464],[135.1789,-34.4643],[135.1804,-34.4632],[135.1808,-34.4612],[135.182,-34.4606],[135.1833,-34.4618],[135.1866,-34.4599],[135.1873,-34.4579],[135.19,-34.4539],[135.1904,-34.4498],[135.1912,-34.447],[135.1908,-34.4415],[135.1913,-34.4402],[135.1945,-34.4379],[135.1952,-34.4338],[135.197,-34.4333],[135.1989,-34.4316],[135.2013,-34.4311],[135.2051,-34.4292],[135.2083,-34.4298],[135.2076,-34.4318],[135.2096,-34.434],[135.2121,-34.4343],[135.2174,-34.4335],[135.2158,-34.4359],[135.2117,-34.4401],[135.2123,-34.4445],[135.2153,-34.4501],[135.215,-34.4534],[135.2165,-34.4556],[135.2157,-34.4577],[135.2136,-34.459],[135.2133,-34.461],[135.2118,-34.4621],[135.2128,-34.4701],[135.2142,-34.4729],[135.214,-34.4773],[135.2126,-34.4815],[135.2153,-34.4847],[135.2145,-34.4879],[135.2152,-34.4934],[135.2161,-34.4948],[135.2214,-34.4986],[135.2264,-34.5009],[135.2289,-34.5013],[135.2317,-34.5027],[135.239,-34.505],[135.2463,-34.5057],[135.2487,-34.5073],[135.253,-34.5074],[135.256,-34.5081],[135.2613,-34.5101],[135.2754,-34.5097],[135.2826,-34.5083],[135.2869,-34.5082],[135.2952,-34.5089],[135.2989,-34.5102],[135.3015,-34.5151],[135.3041,-34.5165],[135.3134,-34.5181],[135.3239,-34.5184],[135.3308,-34.5191],[135.3351,-34.519],[135.3428,-34.5199],[135.3462,-34.5197],[135.3516,-34.5206],[135.3537,-34.5218],[135.3536,-34.5228],[135.3502,-34.5223],[135.3469,-34.523],[135.3421,-34.5226],[135.334,-34.5213],[135.3247,-34.5194],[135.3198,-34.5193],[135.3162,-34.5207],[135.3129,-34.5242],[135.3127,-34.5261],[135.315,-34.5256],[135.3084,-34.5317],[135.3043,-34.5371],[135.304,-34.5394],[135.299,-34.5472],[135.2976,-34.5523],[135.3011,-34.5538],[135.3014,-34.5563],[135.3038,-34.5578],[135.3044,-34.56],[135.3095,-34.5637],[135.3135,-34.5648],[135.3139,-34.5655],[135.321,-34.5669],[135.3258,-34.5668],[135.3276,-34.568],[135.327,-34.5702],[135.3296,-34.572],[135.3357,-34.5732],[135.3411,-34.5733],[135.3421,-34.5751],[135.3442,-34.5761],[135.3483,-34.576],[135.3497,-34.5754],[135.3519,-34.5783],[135.3553,-34.5809],[135.3564,-34.5849],[135.3564,-34.5875],[135.3581,-34.5892],[135.357,-34.5896],[135.3531,-34.5946],[135.3508,-34.5996],[135.3505,-34.6035],[135.3523,-34.6083],[135.359,-34.6135],[135.3609,-34.6176],[135.3602,-34.6188],[135.3624,-34.6212],[135.368,-34.6226],[135.3736,-34.6229],[135.377,-34.6227],[135.3816,-34.6219],[135.3851,-34.623],[135.3911,-34.623],[135.3928,-34.6257],[135.3947,-34.6267],[135.3986,-34.6272],[135.3983,-34.6303],[135.4021,-34.6332],[135.3996,-34.6341],[135.3989,-34.6325],[135.3971,-34.6316],[135.3965,-34.634],[135.3939,-34.636],[135.3928,-34.6376],[135.3883,-34.6335],[135.39,-34.6332],[135.3908,-34.6309],[135.3891,-34.6299],[135.3848,-34.6312],[135.3793,-34.6302],[135.3794,-34.629],[135.3743,-34.6288],[135.3729,-34.6295],[135.3725,-34.6359],[135.3752,-34.6373],[135.3769,-34.6407],[135.3758,-34.6418],[135.374,-34.6417],[135.3714,-34.6385],[135.3672,-34.6385],[135.3649,-34.637],[135.363,-34.6377],[135.3626,-34.6397],[135.3663,-34.6423],[135.3705,-34.6426],[135.3719,-34.642],[135.3728,-34.6437],[135.379,-34.6448],[135.3813,-34.6438],[135.3857,-34.6441],[135.3895,-34.6428],[135.3894,-34.642],[135.3932,-34.641],[135.3946,-34.6392],[135.397,-34.6377],[135.3995,-34.637],[135.4028,-34.6379],[135.4051,-34.6374],[135.4056,-34.6361],[135.4078,-34.6359],[135.4112,-34.6381],[135.4221,-34.6359],[135.4274,-34.6329],[135.4309,-34.6348],[135.4325,-34.6348],[135.4383,-34.6336],[135.4417,-34.6321],[135.4459,-34.631],[135.4501,-34.628],[135.4517,-34.6253],[135.4524,-34.6223],[135.4515,-34.6221],[135.4508,-34.6165],[135.4521,-34.6146],[135.4535,-34.6159],[135.4574,-34.6158],[135.4594,-34.6149],[135.4627,-34.615],[135.4648,-34.616],[135.4644,-34.6184],[135.465,-34.6199],[135.4674,-34.6212],[135.4703,-34.6214],[135.474,-34.6228],[135.4769,-34.6215],[135.4787,-34.6166],[135.4822,-34.6155],[135.4861,-34.615],[135.494,-34.6133],[135.4989,-34.6161],[135.4989,-34.6183],[135.5016,-34.6203],[135.5061,-34.6202],[135.5097,-34.6209],[135.5127,-34.6195],[135.5141,-34.6177],[135.5148,-34.6152],[135.5163,-34.6139],[135.5167,-34.6112],[135.5147,-34.6086],[135.5127,-34.6076],[135.511,-34.6081],[135.5107,-34.6067],[135.5139,-34.6067],[135.5141,-34.603],[135.5121,-34.6011],[135.5114,-34.5987],[135.5085,-34.5963],[135.508,-34.595],[135.5047,-34.5943],[135.5005,-34.5943],[135.5027,-34.5966],[135.4983,-34.5983],[135.5014,-34.5986],[135.5022,-34.5977],[135.5039,-34.5985],[135.5057,-34.5982],[135.5069,-34.5993],[135.4998,-34.599],[135.4961,-34.5997],[135.4915,-34.5977],[135.4874,-34.5979],[135.4841,-34.5963],[135.4811,-34.5971],[135.4776,-34.5971],[135.4757,-34.5944],[135.4738,-34.594],[135.4687,-34.5918],[135.4668,-34.5915],[135.4608,-34.5871],[135.4581,-34.5864],[135.4558,-34.5869],[135.4545,-34.5901],[135.4526,-34.5916],[135.4455,-34.5946],[135.4439,-34.5969],[135.4431,-34.6002],[135.4449,-34.6022],[135.4474,-34.6028],[135.4533,-34.6057],[135.4613,-34.6075],[135.4647,-34.6093],[135.467,-34.612],[135.4736,-34.6147],[135.473,-34.6166],[135.4696,-34.6158],[135.4675,-34.6135],[135.4643,-34.6124],[135.4621,-34.6124],[135.4584,-34.6104],[135.4553,-34.6108],[135.4533,-34.6098],[135.4459,-34.609],[135.4399,-34.6066],[135.4349,-34.6053],[135.4317,-34.6034],[135.4338,-34.5962],[135.4375,-34.5889],[135.4375,-34.5858],[135.4389,-34.5817],[135.4423,-34.5769],[135.444,-34.5699],[135.4433,-34.5662],[135.4434,-34.5589],[135.4418,-34.5543],[135.4431,-34.5519],[135.4425,-34.5475],[135.4411,-34.5459],[135.4362,-34.5441],[135.4357,-34.5416],[135.4377,-34.5404],[135.4441,-34.5413],[135.4453,-34.54],[135.4456,-34.5369],[135.4406,-34.5354],[135.4364,-34.5323],[135.4336,-34.5325],[135.4311,-34.5313],[135.4321,-34.5293],[135.4307,-34.5277],[135.4285,-34.5274],[135.4262,-34.5291],[135.4239,-34.5294],[135.4226,-34.5313],[135.4229,-34.5327],[135.4202,-34.5351],[135.4212,-34.5375],[135.4195,-34.5396],[135.4176,-34.5399],[135.4154,-34.5389],[135.4109,-34.5391],[135.4094,-34.5376],[135.4109,-34.5313],[135.4096,-34.5299],[135.4098,-34.5279],[135.4136,-34.5263],[135.4146,-34.5208],[135.4139,-34.5199],[135.413,-34.5151],[135.4123,-34.5136],[135.4099,-34.5121],[135.406,-34.5075],[135.4023,-34.5071],[135.4012,-34.5109],[135.4022,-34.5176],[135.4014,-34.5217],[135.4001,-34.5215],[135.4011,-34.5188],[135.4007,-34.5177],[135.398,-34.5203],[135.3952,-34.5247],[135.3979,-34.5291],[135.3972,-34.53],[135.4007,-34.5324],[135.4008,-34.5334],[135.3984,-34.5324],[135.3965,-34.5308],[135.3931,-34.5307],[135.3914,-34.534],[135.3966,-34.5383],[135.3983,-34.5376],[135.3997,-34.5401],[135.403,-34.5416],[135.4022,-34.5434],[135.4042,-34.5448],[135.4134,-34.5449],[135.4148,-34.5429],[135.4177,-34.5438],[135.4218,-34.5473],[135.4221,-34.549],[135.417,-34.5488],[135.4127,-34.5496],[135.4083,-34.5522],[135.4064,-34.5549],[135.4068,-34.5583],[135.409,-34.561],[135.4118,-34.5623],[135.4114,-34.5648],[135.4096,-34.5678],[135.4097,-34.5742],[135.4106,-34.5758],[135.4103,-34.5776],[135.4113,-34.5813],[135.4097,-34.5812],[135.4087,-34.5825],[135.4119,-34.5862],[135.4136,-34.5875],[135.4117,-34.5896],[135.4096,-34.5904],[135.407,-34.5888],[135.4049,-34.5902],[135.4037,-34.5883],[135.4022,-34.5893],[135.4002,-34.5887],[135.3987,-34.5901],[135.3987,-34.5923],[135.4006,-34.5923],[135.4031,-34.591],[135.4021,-34.5934],[135.4046,-34.5956],[135.4135,-34.5977],[135.4163,-34.5986],[135.4222,-34.6014],[135.4213,-34.6021],[135.4148,-34.6011],[135.4138,-34.6006],[135.4064,-34.5995],[135.4042,-34.5997],[135.3981,-34.5991],[135.3966,-34.5978],[135.3943,-34.5993],[135.3928,-34.5985],[135.3888,-34.5939],[135.3893,-34.5918],[135.3923,-34.5836],[135.3947,-34.5787],[135.394,-34.5771],[135.395,-34.5764],[135.3957,-34.5735],[135.3973,-34.5729],[135.3993,-34.5664],[135.3983,-34.5618],[135.397,-34.5595],[135.3983,-34.5557],[135.3958,-34.5527],[135.3959,-34.5486],[135.3949,-34.5463],[135.3911,-34.5431],[135.3898,-34.5403],[135.3896,-34.5381],[135.3883,-34.536],[135.3877,-34.532],[135.3859,-34.5293],[135.3843,-34.5286],[135.3819,-34.529],[135.3775,-34.5247],[135.3769,-34.5152],[135.3786,-34.5108],[135.38,-34.5097],[135.3848,-34.5082],[135.3892,-34.5056],[135.393,-34.5006],[135.3954,-34.4952],[135.3949,-34.4917],[135.3911,-34.4882],[135.3922,-34.4839],[135.3923,-34.4808],[135.393,-34.4795],[135.3922,-34.4749],[135.3884,-34.4707],[135.389,-34.4677],[135.3913,-34.4647],[135.3904,-34.4625],[135.3905,-34.4589],[135.3888,-34.4583],[135.3877,-34.4564],[135.3869,-34.4533],[135.3872,-34.4499],[135.3885,-34.4458],[135.3887,-34.4432],[135.3881,-34.4408],[135.3856,-34.438],[135.3817,-34.438],[135.38,-34.4375],[135.3812,-34.4361],[135.3805,-34.4329],[135.3768,-34.4302],[135.3747,-34.4302],[135.3727,-34.4318],[135.3717,-34.43],[135.3691,-34.4306],[135.3679,-34.4272],[135.3656,-34.4229],[135.3616,-34.4233],[135.3602,-34.4227],[135.3589,-34.4187],[135.361,-34.4185],[135.3621,-34.4169],[135.3637,-34.4114],[135.3628,-34.4083],[135.3628,-34.4055],[135.3638,-34.4048],[135.3642,-34.4002],[135.3634,-34.392],[135.3645,-34.3917],[135.3654,-34.3868],[135.3654,-34.383],[135.3643,-34.3803],[135.361,-34.3767],[135.3578,-34.3762],[135.3564,-34.3781],[135.3554,-34.3738],[135.3532,-34.3711],[135.3502,-34.3694],[135.3498,-34.3678],[135.3531,-34.3668],[135.3547,-34.3684],[135.3565,-34.3674],[135.3579,-34.3643],[135.3585,-34.3586],[135.3571,-34.355],[135.3582,-34.3544],[135.3578,-34.3501],[135.356,-34.3491],[135.3572,-34.3466],[135.3598,-34.3441],[135.3586,-34.3381],[135.3591,-34.3367],[135.3577,-34.3272],[135.3577,-34.3237],[135.3569,-34.3205],[135.3554,-34.3195],[135.3565,-34.3179],[135.3556,-34.3162],[135.3541,-34.3158],[135.356,-34.313],[135.353,-34.3109],[135.3539,-34.3098],[135.3529,-34.3057],[135.3517,-34.3044],[135.3511,-34.3012],[135.3513,-34.2982],[135.349,-34.2965],[135.3504,-34.2928],[135.3492,-34.2914],[135.3515,-34.2884],[135.3513,-34.2842],[135.3499,-34.2837],[135.3491,-34.2765],[135.3467,-34.2714],[135.3462,-34.2676],[135.3447,-34.2646],[135.3442,-34.2614],[135.339,-34.2503],[135.3365,-34.2462],[135.3343,-34.241],[135.3323,-34.2386],[135.3311,-34.2339],[135.3282,-34.2293],[135.3286,-34.2284],[135.3261,-34.2239],[135.3245,-34.2197],[135.3216,-34.2144],[135.32,-34.2105],[135.3179,-34.2073],[135.3154,-34.2019],[135.3112,-34.1958],[135.3088,-34.1917],[135.3035,-34.1841],[135.2982,-34.1804],[135.2968,-34.1787],[135.2923,-34.1751],[135.2875,-34.1724],[135.28,-34.1703],[135.2735,-34.1695],[135.271,-34.1701],[135.2683,-34.1736],[135.2683,-34.1771],[135.2669,-34.1753],[135.2679,-34.1738],[135.2657,-34.172],[135.2666,-34.1692],[135.2662,-34.1671],[135.2645,-34.1647],[135.2608,-34.1635],[135.2592,-34.1614],[135.2592,-34.1599],[135.2559,-34.1582],[135.2559,-34.1555],[135.2538,-34.1537],[135.2497,-34.153],[135.2492,-34.1547],[135.2474,-34.1548],[135.2466,-34.1529],[135.2449,-34.1526],[135.2414,-34.1495],[135.2435,-34.1484],[135.2411,-34.1478],[135.2439,-34.1435],[135.2414,-34.1437],[135.2437,-34.1427],[135.2452,-34.1406],[135.2479,-34.1417],[135.2502,-34.1407],[135.2516,-34.1418],[135.2526,-34.1379],[135.2542,-34.1359],[135.2583,-34.1323],[135.2603,-34.1314],[135.2623,-34.1281],[135.2664,-34.1266],[135.2683,-34.127],[135.2701,-34.126],[135.2729,-34.1258],[135.2745,-34.124],[135.2771,-34.1232],[135.279,-34.1213],[135.279,-34.1178],[135.2751,-34.1153],[135.2745,-34.1131],[135.2754,-34.1097],[135.2745,-34.0999],[135.2746,-34.098],[135.273,-34.0953],[135.2729,-34.0937],[135.2741,-34.092],[135.2744,-34.0899],[135.2731,-34.0878],[135.2731,-34.0863],[135.2756,-34.0838],[135.2752,-34.0827],[135.2781,-34.0788],[135.2779,-34.0767],[135.2795,-34.0753],[135.2811,-34.0722],[135.2811,-34.0703],[135.2795,-34.0647],[135.277,-34.0606],[135.2747,-34.0546],[135.2751,-34.0519],[135.274,-34.0509],[135.274,-34.0465],[135.2728,-34.0428],[135.2702,-34.039],[135.269,-34.0349],[135.2671,-34.0344],[135.2648,-34.0321],[135.2666,-34.0289],[135.2689,-34.0285],[135.2691,-34.0264],[135.2718,-34.0251],[135.2696,-34.023],[135.2716,-34.0196],[135.2705,-34.0159],[135.2685,-34.0139],[135.2666,-34.0138],[135.2674,-34.0116],[135.2666,-34.0099],[135.2645,-34.0085],[135.2645,-34.0069],[135.2629,-34.0063],[135.2618,-34.004],[135.2621,-34.0029],[135.2588,-33.9998],[135.2582,-33.9959],[135.2567,-33.9949],[135.2573,-33.9926],[135.2555,-33.992],[135.2544,-33.9877],[135.2534,-33.987],[135.2535,-33.9838],[135.2522,-33.9815],[135.2508,-33.9808],[135.2474,-33.9762],[135.2448,-33.9719],[135.2408,-33.9674],[135.2391,-33.9647],[135.2318,-33.9566],[135.229,-33.9523],[135.2243,-33.9475],[135.2236,-33.9456],[135.2224,-33.9455],[135.2202,-33.9439],[135.2181,-33.9408],[135.2169,-33.9402],[135.2134,-33.9373],[135.2131,-33.9361],[135.2096,-33.934],[135.2084,-33.9318],[135.204,-33.9279],[135.1997,-33.9231],[135.1941,-33.9199],[135.1943,-33.9174],[135.1932,-33.9167],[135.194,-33.9128],[135.1914,-33.9115],[135.1927,-33.9094],[135.191,-33.9094],[135.1889,-33.9068],[135.1896,-33.9032],[135.1909,-33.9021],[135.1921,-33.8978],[135.1889,-33.8913],[135.1879,-33.8864],[135.1861,-33.8833],[135.1843,-33.8818],[135.1822,-33.8778],[135.1786,-33.8747],[135.1745,-33.8729],[135.17,-33.8726],[135.1661,-33.8751],[135.1628,-33.8778],[135.1606,-33.8762],[135.1602,-33.8736],[135.1566,-33.8698],[135.1555,-33.8678],[135.1534,-33.8617],[135.1513,-33.8582],[135.1472,-33.8543],[135.1458,-33.8524],[135.1432,-33.85],[135.1346,-33.8475],[135.1342,-33.8446],[135.1319,-33.8425],[135.1322,-33.8399],[135.129,-33.8359],[135.1256,-33.8334],[135.123,-33.8332],[135.1205,-33.8309],[135.1175,-33.8302],[135.1169,-33.8285],[135.1144,-33.8269],[135.1138,-33.8241],[135.1108,-33.8225],[135.108,-33.8224],[135.1086,-33.8216],[135.1039,-33.8174],[135.1016,-33.8173],[135.1014,-33.8157],[135.0972,-33.8156],[135.0959,-33.8111],[135.0948,-33.8096],[135.0919,-33.8087],[135.0896,-33.8086],[135.0868,-33.8076],[135.085,-33.8051],[135.0822,-33.8041],[135.0826,-33.8022],[135.0844,-33.8005],[135.0797,-33.8005],[135.0761,-33.7947],[135.0744,-33.7938],[135.0735,-33.7913],[135.072,-33.7904],[135.0691,-33.7865],[135.068,-33.7843],[135.0637,-33.7798],[135.0599,-33.7752],[135.057,-33.7733],[135.0571,-33.7723],[135.0461,-33.762],[135.0443,-33.7589],[135.0402,-33.755],[135.0382,-33.7543],[135.0339,-33.7499],[135.0314,-33.7486],[135.0251,-33.7435],[135.0235,-33.7419],[135.0177,-33.7387],[135.0176,-33.7372],[135.0161,-33.7372],[135.0111,-33.7347],[135.0087,-33.733],[135.0069,-33.7306],[135.0026,-33.7287],[135.0009,-33.7265],[134.9989,-33.7259],[134.9952,-33.7236],[134.9948,-33.7224],[134.9929,-33.7224],[134.9914,-33.7209],[134.9872,-33.7187],[134.9871,-33.7178],[134.9843,-33.7169],[134.982,-33.7152],[134.9807,-33.7133],[134.9774,-33.7131],[134.9752,-33.7105],[134.9718,-33.7086],[134.9696,-33.7088],[134.9644,-33.7053],[134.9626,-33.7053],[134.9584,-33.703],[134.9562,-33.7011],[134.9519,-33.7006],[134.9494,-33.6978],[134.9466,-33.6975],[134.9462,-33.6963],[134.9393,-33.6928],[134.9393,-33.6917],[134.9372,-33.6917],[134.9353,-33.6898],[134.932,-33.6876],[134.9323,-33.6864],[134.9305,-33.6844],[134.9256,-33.6833],[134.9247,-33.6814],[134.9222,-33.6798],[134.9198,-33.6792],[134.9193,-33.6772],[134.9163,-33.6759],[134.9144,-33.676],[134.9139,-33.6736],[134.9109,-33.6741],[134.91,-33.6732],[134.907,-33.6731],[134.9076,-33.6706],[134.9057,-33.6703],[134.9027,-33.6674],[134.8982,-33.667],[134.8952,-33.6625],[134.8902,-33.6617],[134.8867,-33.6596],[134.8852,-33.6578],[134.8853,-33.6554],[134.8828,-33.6553],[134.881,-33.654],[134.8788,-33.6538],[134.8783,-33.6523],[134.881,-33.653],[134.8825,-33.6522],[134.8839,-33.6489],[134.8841,-33.6454],[134.8853,-33.6454],[134.8861,-33.6432],[134.8849,-33.64],[134.8782,-33.6357],[134.87,-33.6353],[134.8697,-33.6363],[134.867,-33.6376],[134.8652,-33.6396],[134.8651,-33.6411],[134.8664,-33.6417],[134.8623,-33.6428],[134.861,-33.644],[134.857,-33.6407],[134.8544,-33.6394],[134.8528,-33.6373],[134.8507,-33.6375],[134.8501,-33.6364],[134.8475,-33.635],[134.8452,-33.6323],[134.8425,-33.6317],[134.843,-33.6301],[134.8389,-33.6307],[134.8383,-33.629],[134.8371,-33.6294],[134.8359,-33.6273],[134.8365,-33.6265],[134.8319,-33.6273],[134.8302,-33.6263],[134.8293,-33.6236],[134.832,-33.6218],[134.8354,-33.6231],[134.8377,-33.6221],[134.8399,-33.6237],[134.8423,-33.6222],[134.843,-33.6198],[134.8436,-33.6152],[134.8438,-33.61],[134.841,-33.5983],[134.8405,-33.5929],[134.8433,-33.5888],[134.8445,-33.5861],[134.8467,-33.584],[134.8512,-33.5708],[134.8511,-33.5677],[134.8523,-33.5662],[134.8528,-33.5635],[134.8542,-33.5611],[134.8542,-33.5585],[134.8571,-33.5585],[134.8583,-33.5546],[134.8599,-33.5536],[134.8621,-33.551],[134.8632,-33.5482],[134.8635,-33.5415],[134.8633,-33.5345],[134.862,-33.5211],[134.8623,-33.5182],[134.8606,-33.5054],[134.8587,-33.4989],[134.8575,-33.4921],[134.8568,-33.4865],[134.8556,-33.4806],[134.852,-33.4671],[134.8502,-33.4582],[134.8484,-33.4523],[134.8474,-33.4474],[134.8466,-33.4453],[134.8466,-33.4422],[134.8453,-33.4393],[134.8453,-33.4377],[134.8433,-33.4307],[134.8414,-33.4276],[134.8407,-33.4234],[134.8383,-33.4155],[134.8357,-33.4091],[134.8338,-33.4012],[134.8272,-33.3846],[134.8266,-33.3818],[134.8225,-33.374],[134.8187,-33.3654],[134.8172,-33.3628],[134.8136,-33.3528],[134.8107,-33.3478],[134.8016,-33.3285],[134.7988,-33.3287],[134.798,-33.3278],[134.795,-33.3277],[134.7905,-33.3252],[134.7876,-33.3225],[134.7831,-33.3196],[134.7836,-33.3167],[134.7812,-33.3164],[134.7806,-33.3149],[134.7769,-33.3142],[134.7759,-33.3153],[134.7715,-33.3138],[134.7691,-33.3138],[134.7657,-33.3115],[134.7651,-33.3075],[134.7619,-33.3075],[134.7612,-33.3091],[134.7573,-33.3042],[134.7552,-33.3029],[134.7574,-33.3012],[134.7549,-33.2994],[134.755,-33.296],[134.7534,-33.2946],[134.752,-33.2914],[134.75,-33.2903],[134.7482,-33.2877],[134.7475,-33.2856],[134.7422,-33.2797],[134.7397,-33.2776],[134.7394,-33.2759],[134.7355,-33.2731],[134.7326,-33.2722],[134.7301,-33.2705],[134.7274,-33.27],[134.7244,-33.267],[134.7196,-33.2648],[134.7193,-33.2639],[134.7163,-33.264],[134.7117,-33.2632],[134.7079,-33.265],[134.7,-33.2642],[134.6966,-33.2635],[134.6949,-33.2623],[134.6949,-33.2604],[134.6924,-33.2556],[134.6896,-33.2526],[134.6881,-33.2503],[134.6837,-33.2496],[134.6831,-33.2477],[134.6802,-33.2464],[134.6782,-33.2441],[134.6764,-33.2437],[134.6742,-33.2404],[134.6699,-33.2375],[134.6674,-33.2364],[134.6635,-33.2331],[134.6606,-33.2339],[134.6584,-33.2328],[134.6607,-33.2301],[134.6655,-33.2314],[134.671,-33.2317],[134.6731,-33.2308],[134.6748,-33.2327],[134.6764,-33.2332],[134.6809,-33.231],[134.6865,-33.2304],[134.6913,-33.2295],[134.6945,-33.2271],[134.6956,-33.2251],[134.6972,-33.2242],[134.6985,-33.2218],[134.7021,-33.2244],[134.7005,-33.225],[134.7033,-33.2258],[134.7086,-33.2265],[134.7113,-33.2276],[134.7107,-33.229],[134.7092,-33.2287],[134.7084,-33.23],[134.7101,-33.2305],[134.7099,-33.2327],[134.7114,-33.231],[134.7146,-33.2314],[134.7179,-33.2309],[134.7197,-33.229],[134.7198,-33.2272],[134.7228,-33.2241],[134.7231,-33.2219],[134.7224,-33.2188],[134.7208,-33.218],[134.7175,-33.2183],[134.7171,-33.2154],[134.7182,-33.2145],[134.717,-33.213],[134.7141,-33.2129],[134.7106,-33.2148],[134.7097,-33.2141],[134.7108,-33.2123],[134.7149,-33.2078],[134.7179,-33.2078],[134.7188,-33.2054],[134.7186,-33.2034],[134.7155,-33.2005],[134.7178,-33.1972],[134.7157,-33.1916],[134.7136,-33.1915],[134.7111,-33.1874],[134.7097,-33.1875],[134.71,-33.1856],[134.709,-33.1827],[134.7041,-33.1764],[134.6997,-33.1727],[134.6964,-33.1724],[134.6944,-33.1711],[134.689,-33.1714],[134.6861,-33.1707],[134.6849,-33.1713],[134.6817,-33.1691],[134.6762,-33.1672],[134.6734,-33.1654],[134.6708,-33.163],[134.6667,-33.161],[134.6576,-33.1606],[134.6479,-33.1628],[134.6442,-33.162],[134.6416,-33.1623],[134.6385,-33.1617],[134.6324,-33.1622],[134.6329,-33.1615],[134.6206,-33.155],[134.6178,-33.1541],[134.6104,-33.1485],[134.6072,-33.1468],[134.6051,-33.1446],[134.6011,-33.1412],[134.5981,-33.1395],[134.5952,-33.1388],[134.5888,-33.1401],[134.5864,-33.1439],[134.584,-33.1458],[134.5819,-33.1487],[134.5785,-33.1518]],[[134.0832,-32.4567],[134.0841,-32.4554],[134.0812,-32.4565],[134.0834,-32.4589],[134.0846,-32.4588],[134.0832,-32.4567]]],[[[133.9698,-32.7189],[133.9709,-32.7204],[133.9691,-32.7235],[133.9657,-32.7228],[133.9662,-32.7209],[133.9698,-32.7189]]],[[[134.2771,-32.6964],[134.2761,-32.6954],[134.2777,-32.6942],[134.2806,-32.6953],[134.2771,-32.6964]]],[[[134.2631,-32.6794],[134.2599,-32.6789],[134.2612,-32.6763],[134.2612,-32.6743],[134.2631,-32.6752],[134.2669,-32.6747],[134.2683,-32.6761],[134.2706,-32.6765],[134.2745,-32.6742],[134.2759,-32.6754],[134.2757,-32.6775],[134.2791,-32.6791],[134.2796,-32.68],[134.277,-32.6818],[134.2705,-32.6824],[134.2688,-32.6803],[134.2655,-32.6804],[134.2631,-32.6794]]],[[[133.2533,-32.2577],[133.2553,-32.2581],[133.254,-32.2594],[133.2533,-32.2577]]],[[[133.2463,-32.2551],[133.248,-32.2566],[133.2457,-32.2611],[133.2434,-32.261],[133.2451,-32.2583],[133.2463,-32.2551]]],[[[135.6174,-34.9802],[135.6202,-34.9793],[135.6243,-34.9796],[135.6263,-34.9822],[135.6254,-34.9851],[135.6238,-34.9939],[135.6196,-34.9979],[135.6196,-35.0011],[135.6175,-35.0018],[135.6179,-34.9989],[135.616,-34.9986],[135.6172,-34.9971],[135.6188,-34.9977],[135.619,-34.9962],[135.6175,-34.9952],[135.6181,-34.992],[135.6175,-34.9901],[135.6181,-34.9878],[135.6175,-34.9861],[135.6189,-34.9847],[135.6171,-34.9823],[135.6174,-34.9802]]],[[[135.8651,-34.9548],[135.8647,-34.9531],[135.8657,-34.952],[135.8669,-34.9558],[135.8651,-34.9548]]],[[[135.6843,-34.9515],[135.6849,-34.9515],[135.6846,-34.9529],[135.6843,-34.9515]]],[[[135.6851,-34.9465],[135.6871,-34.9474],[135.6853,-34.948],[135.6851,-34.9465]]],[[[135.684,-34.9464],[135.6848,-34.9465],[135.6836,-34.9472],[135.684,-34.9464]]],[[[135.6857,-34.9458],[135.6868,-34.9457],[135.6865,-34.9462],[135.6857,-34.9458]]],[[[135.8683,-34.9449],[135.8729,-34.9424],[135.8738,-34.9404],[135.8753,-34.9417],[135.8752,-34.9431],[135.8734,-34.9439],[135.8733,-34.9458],[135.8703,-34.9492],[135.8686,-34.949],[135.8683,-34.9449]]],[[[135.8745,-34.94],[135.8709,-34.9381],[135.8731,-34.9335],[135.8752,-34.9345],[135.8745,-34.94]]],[[[135.8736,-34.9329],[135.8732,-34.9326],[135.8736,-34.9324],[135.8736,-34.9329]]],[[[135.8755,-34.9317],[135.8753,-34.9328],[135.8744,-34.9317],[135.8755,-34.9317]]],[[[135.8554,-34.9003],[135.8545,-34.9014],[135.8524,-34.8984],[135.8539,-34.8979],[135.8554,-34.9003]]],[[[135.8469,-34.8889],[135.8469,-34.8876],[135.8486,-34.8885],[135.8469,-34.8889]]],[[[135.8501,-34.8873],[135.85,-34.8879],[135.8494,-34.8875],[135.8501,-34.8873]]],[[[135.0379,-34.7856],[135.037,-34.7866],[135.0366,-34.7861],[135.0379,-34.7856]]],[[[135.0303,-34.783],[135.0325,-34.781],[135.0364,-34.7815],[135.0368,-34.7836],[135.0339,-34.7852],[135.0315,-34.7853],[135.0303,-34.783]]],[[[135.0451,-34.7576],[135.0409,-34.7585],[135.0381,-34.7585],[135.04,-34.7561],[135.0446,-34.7525],[135.0464,-34.7526],[135.0451,-34.7576]]],[[[135.0799,-34.7533],[135.0815,-34.7532],[135.0818,-34.755],[135.0789,-34.7547],[135.0799,-34.7533]]],[[[135.9557,-34.7408],[135.9559,-34.7435],[135.9529,-34.7421],[135.9535,-34.7408],[135.9557,-34.7408]]],[[[135.1548,-34.7255],[135.1579,-34.7245],[135.1598,-34.7246],[135.1647,-34.7211],[135.1624,-34.7195],[135.1663,-34.7192],[135.1675,-34.7205],[135.1651,-34.7235],[135.1641,-34.7235],[135.1593,-34.7274],[135.1578,-34.7303],[135.1578,-34.7318],[135.1544,-34.7333],[135.1518,-34.7335],[135.1505,-34.7324],[135.155,-34.7275],[135.1531,-34.7268],[135.1548,-34.7255]]],[[[135.2918,-34.7068],[135.2871,-34.7102],[135.2831,-34.7092],[135.2828,-34.708],[135.2863,-34.7064],[135.2878,-34.7026],[135.2891,-34.7036],[135.2914,-34.7035],[135.2918,-34.7068]]],[[[135.3313,-34.7029],[135.3306,-34.7021],[135.3253,-34.7038],[135.3267,-34.7018],[135.3305,-34.6995],[135.3325,-34.6996],[135.3361,-34.698],[135.3361,-34.7005],[135.3347,-34.7008],[135.3313,-34.7029]]],[[[135.4314,-34.6192],[135.4333,-34.6195],[135.4329,-34.6213],[135.4314,-34.6192]]],[[[135.3778,-34.5956],[135.3784,-34.5959],[135.3774,-34.5959],[135.3778,-34.5956]]],[[[135.3738,-34.5939],[135.3761,-34.5954],[135.3744,-34.5952],[135.3738,-34.5939]]],[[[135.2126,-34.5639],[135.2092,-34.5621],[135.2106,-34.5613],[135.2123,-34.562],[135.2126,-34.5639]]],[[[135.2599,-34.2607],[135.2585,-34.2587],[135.2597,-34.2564],[135.261,-34.2599],[135.2599,-34.2607]]],[[[135.9741,-35.0374],[135.9705,-35.0339],[135.9673,-35.0318],[135.968,-35.0289],[135.9656,-35.0222],[135.9675,-35.0216],[135.9702,-35.0236],[135.973,-35.0276],[135.9749,-35.0277],[135.9767,-35.0235],[135.979,-35.0214],[135.9816,-35.0245],[135.9819,-35.028],[135.9813,-35.0294],[135.983,-35.0337],[135.9759,-35.0359],[135.9741,-35.0374]]],[[[136.0274,-34.9866],[136.0265,-34.9828],[136.0282,-34.9811],[136.0274,-34.98],[136.0287,-34.9792],[136.0301,-34.9802],[136.0308,-34.9849],[136.0298,-34.9869],[136.0274,-34.9866]]],[[[136.0699,-34.9634],[136.0664,-34.9655],[136.0655,-34.9683],[136.0629,-34.9676],[136.0599,-34.9681],[136.0534,-34.9702],[136.052,-34.971],[136.0508,-34.9679],[136.0537,-34.9659],[136.0544,-34.9643],[136.0596,-34.959],[136.06,-34.9573],[136.0655,-34.9578],[136.0676,-34.9592],[136.0699,-34.9634]]],[[[136.0306,-34.9535],[136.0326,-34.9543],[136.0331,-34.9568],[136.0305,-34.9572],[136.0299,-34.9545],[136.0306,-34.9535]]],[[[136.0244,-34.9491],[136.0263,-34.9493],[136.0257,-34.9504],[136.0244,-34.9491]]],[[[136.0336,-34.9178],[136.0294,-34.9176],[136.0279,-34.917],[136.0272,-34.9131],[136.0281,-34.9115],[136.0297,-34.9118],[136.0308,-34.9107],[136.0319,-34.9063],[136.0337,-34.9051],[136.0375,-34.9062],[136.0382,-34.9074],[136.0365,-34.9099],[136.0349,-34.9133],[136.035,-34.9149],[136.0336,-34.9178]]],[[[136.0113,-34.8923],[136.0114,-34.8944],[136.0095,-34.8944],[136.0113,-34.8923]]],[[[136.0124,-34.8665],[136.0145,-34.8761],[136.0141,-34.8783],[136.0129,-34.8794],[136.0145,-34.8827],[136.0134,-34.8843],[136.0137,-34.8862],[136.0129,-34.8899],[136.0107,-34.8913],[136.0074,-34.8899],[136.0054,-34.8873],[136.0055,-34.8846],[136.0019,-34.8819],[136.0007,-34.8791],[136.0014,-34.8782],[136.0006,-34.8764],[136.0014,-34.8756],[136.0009,-34.8725],[136.0061,-34.8666],[136.0082,-34.8651],[136.0124,-34.8665]]],[[[136.0092,-34.8572],[136.0094,-34.8604],[136.0075,-34.8582],[136.008,-34.8566],[136.0092,-34.8572]]],[[[136.2111,-34.8151],[136.2131,-34.815],[136.2135,-34.8156],[136.2111,-34.8151]]],[[[135.955,-34.7477],[135.9566,-34.749],[135.9538,-34.7494],[135.955,-34.7477]]],[[[135.9993,-34.7207],[135.999,-34.7216],[135.9979,-34.7209],[135.9993,-34.7207]]],[[[136.2655,-34.6764],[136.2671,-34.6731],[136.2694,-34.6756],[136.2739,-34.6756],[136.2775,-34.6786],[136.2798,-34.6816],[136.2746,-34.6794],[136.272,-34.6797],[136.2728,-34.6835],[136.2698,-34.6835],[136.2682,-34.6813],[136.2657,-34.6803],[136.2655,-34.6764]]],[[[136.3194,-34.656],[136.318,-34.6558],[136.3185,-34.6539],[136.3216,-34.6546],[136.3194,-34.656]]],[[[136.3741,-34.6501],[136.3741,-34.6505],[136.3733,-34.6502],[136.3741,-34.6501]]],[[[136.3653,-34.6477],[136.366,-34.6454],[136.3683,-34.6451],[136.3697,-34.646],[136.3701,-34.648],[136.3663,-34.6484],[136.3653,-34.6477]]],[[[136.1832,-34.6426],[136.1837,-34.645],[136.1859,-34.6465],[136.1839,-34.6495],[136.1814,-34.6489],[136.1798,-34.6465],[136.1806,-34.6447],[136.1799,-34.6429],[136.1812,-34.6423],[136.1813,-34.6405],[136.1844,-34.6416],[136.1832,-34.6426]]],[[[136.1951,-34.637],[136.1968,-34.6375],[136.1953,-34.6385],[136.1951,-34.637]]],[[[135.9865,-34.6049],[135.9851,-34.6091],[135.9842,-34.6097],[135.9818,-34.6093],[135.9816,-34.6078],[135.9839,-34.6047],[135.9858,-34.604],[135.9865,-34.6049]]],[[[136.2519,-34.5975],[136.2487,-34.597],[136.2496,-34.5943],[136.2518,-34.5934],[136.2543,-34.5942],[136.2596,-34.5931],[136.2571,-34.5942],[136.2544,-34.5972],[136.2519,-34.5975]]],[[[136.3219,-34.5893],[136.3256,-34.5918],[136.3237,-34.5953],[136.3222,-34.5963],[136.319,-34.5964],[136.3123,-34.5935],[136.3077,-34.5942],[136.3066,-34.5927],[136.3081,-34.5922],[136.3098,-34.5894],[136.3127,-34.5898],[136.3143,-34.5889],[136.3173,-34.5896],[136.3219,-34.5893]]],[[[136.2996,-34.5835],[136.2967,-34.5839],[136.2927,-34.5824],[136.2904,-34.5822],[136.2872,-34.5793],[136.2894,-34.5789],[136.2909,-34.5777],[136.2941,-34.58],[136.2975,-34.5805],[136.3016,-34.5805],[136.3025,-34.5818],[136.2996,-34.5835]]],[[[136.2919,-34.5689],[136.2902,-34.5681],[136.2929,-34.5668],[136.2937,-34.5677],[136.2919,-34.5689]]],[[[136.238,-34.5635],[136.2361,-34.5645],[136.2361,-34.5625],[136.2389,-34.562],[136.238,-34.5635]]],[[[136.2154,-34.5471],[136.2167,-34.5474],[136.2167,-34.5505],[136.2142,-34.553],[136.2092,-34.5517],[136.2105,-34.5484],[136.2154,-34.5471]]],[[[136.2578,-34.5417],[136.2597,-34.5404],[136.2616,-34.5406],[136.2613,-34.5434],[136.2601,-34.5445],[136.257,-34.544],[136.2578,-34.5417]]],[[[136.2519,-34.527],[136.2513,-34.5266],[136.2508,-34.5221],[136.2543,-34.5206],[136.2556,-34.519],[136.2609,-34.5236],[136.2591,-34.5242],[136.2582,-34.526],[136.2519,-34.527]]],[[[136.2524,-34.5139],[136.2494,-34.5127],[136.2491,-34.5114],[136.2513,-34.5102],[136.2524,-34.5139]]],[[[136.2821,-34.487],[136.2871,-34.489],[136.286,-34.4919],[136.2852,-34.4922],[136.2817,-34.4906],[136.2794,-34.4879],[136.2821,-34.487]]]]}},{"type":"Feature","properties":{"geoKey":"47630+47800","codes":["47630","47800"]},"geometry":{"type":"MultiPolygon","coordinates":[[[[140.6346,-35.7459],[140.7466,-35.7451],[140.7498,-35.7435],[140.7652,-35.7433],[140.7946,-35.7433],[140.8005,-35.7438],[140.8029,-35.7433],[140.8101,-35.7432],[140.8309,-35.7431],[140.8489,-35.7429],[140.8924,-35.7427],[140.9183,-35.7426],[140.9456,-35.7423],[140.9632,-35.7422],[140.9631,-35.7485],[140.9639,-35.9626],[140.9639,-35.9961],[140.9665,-36.2571],[140.9673,-36.3679],[140.9676,-36.3748],[140.9678,-36.4494],[140.968,-36.4873],[140.9682,-36.5513],[140.9685,-36.5513],[140.9689,-36.665],[140.9689,-36.669],[140.9376,-36.669],[140.9176,-36.669],[140.8935,-36.6691],[140.8666,-36.6692],[140.81,-36.6691],[140.6799,-36.6691],[140.6399,-36.669],[140.6121,-36.669],[140.6118,-36.6759],[140.6119,-36.6925],[140.5791,-36.6925],[140.5487,-36.6926],[140.5469,-36.6906],[140.5357,-36.6906],[140.5166,-36.6945],[140.486,-36.6924],[140.4869,-36.6946],[140.484,-36.6947],[140.4569,-36.6982],[140.4314,-36.7024],[140.4314,-36.69],[140.4316,-36.6726],[140.4316,-36.6224],[140.4317,-36.5622],[140.4318,-36.5421],[140.4317,-36.5418],[140.4318,-36.4665],[140.3741,-36.4665],[140.3627,-36.4665],[140.2677,-36.4664],[140.2526,-36.4666],[140.1716,-36.4666],[140.0852,-36.4665],[140.0463,-36.4666],[140.046,-36.4556],[140.0466,-36.4547],[140.0461,-36.4516],[140.0477,-36.4489],[140.0473,-36.4477],[140.0485,-36.4455],[140.0472,-36.444],[140.0476,-36.4421],[140.0463,-36.4407],[140.0464,-36.3959],[140.0467,-36.3111],[140.0465,-36.3074],[140.0467,-36.2969],[140.0469,-36.2539],[140.0001,-36.2533],[139.984,-36.2528],[139.7598,-36.25],[139.6707,-36.2487],[139.6627,-36.2355],[139.66,-36.2303],[139.6552,-36.2219],[139.6473,-36.2097],[139.6412,-36.2016],[139.6372,-36.1957],[139.6324,-36.1878],[139.6279,-36.1818],[139.6147,-36.1623],[139.6111,-36.1578],[139.6024,-36.1448],[139.5908,-36.1286],[139.5885,-36.1258],[139.5771,-36.1106],[139.5594,-36.0877],[139.5562,-36.0839],[139.5505,-36.0765],[139.5432,-36.0676],[139.5349,-36.0579],[139.523,-36.0435],[139.5102,-36.0289],[139.5001,-36.0178],[139.4839,-35.9997],[139.4808,-35.9968],[139.4746,-35.9901],[139.4639,-35.9795],[139.4571,-35.9722],[139.4555,-35.9711],[139.4518,-35.9669],[139.4477,-35.9631],[139.4428,-35.9574],[139.4413,-35.9563],[139.4364,-35.9509],[139.4326,-35.9474],[139.4228,-35.937],[139.4174,-35.932],[139.4135,-35.9272],[139.4091,-35.9234],[139.4081,-35.9221],[139.4017,-35.9164],[139.395,-35.9097],[139.3898,-35.9051],[139.3829,-35.8979],[139.3657,-35.8822],[139.3585,-35.876],[139.3518,-35.8696],[139.3491,-35.8674],[139.3428,-35.8615],[139.34,-35.8593],[139.3305,-35.8506],[139.3189,-35.8407],[139.3109,-35.8343],[139.309,-35.8322],[139.3056,-35.8297],[139.3001,-35.8246],[139.2885,-35.8149],[139.2739,-35.803],[139.2684,-35.7982],[139.2651,-35.796],[139.2601,-35.7919],[139.2491,-35.7837],[139.2431,-35.779],[139.24,-35.7762],[139.2316,-35.7696],[139.212,-35.7546],[139.2013,-35.7482],[139.1983,-35.7461],[139.1916,-35.7405],[139.1849,-35.7359],[139.1792,-35.7315],[139.1741,-35.7283],[139.1621,-35.7195],[139.1538,-35.7138],[139.1356,-35.7018],[139.1237,-35.6933],[139.1028,-35.6796],[139.0821,-35.6668],[139.0741,-35.6616],[139.0692,-35.6581],[139.0613,-35.6534],[139.0553,-35.6496],[139.0442,-35.6434],[139.0319,-35.6356],[139.0296,-35.6345],[139.018,-35.6279],[139.0101,-35.6237],[139.0065,-35.6213],[138.9955,-35.6155],[138.9916,-35.613],[138.9807,-35.6071],[138.9655,-35.5994],[138.96,-35.5961],[138.9511,-35.5914],[138.9421,-35.5871],[138.9372,-35.5851],[138.9299,-35.5815],[138.9106,-35.5729],[138.8979,-35.5667],[138.8954,-35.5658],[138.8923,-35.5637],[138.8885,-35.5622],[138.8781,-35.5589],[138.8808,-35.5558],[138.8994,-35.5549],[138.9007,-35.5554],[138.9055,-35.5558],[138.9119,-35.5579],[138.9151,-35.5594],[138.916,-35.5606],[138.9186,-35.5614],[138.9239,-35.559],[138.9261,-35.5589],[138.9277,-35.5598],[138.9288,-35.5618],[138.9315,-35.5624],[138.9338,-35.5599],[138.9339,-35.5573],[138.9358,-35.5555],[138.943,-35.5558],[138.9482,-35.5527],[138.954,-35.5511],[138.9598,-35.5478],[138.963,-35.5454],[138.9663,-35.5413],[138.9664,-35.5304],[138.966,-35.5288],[138.981,-35.5183],[138.9844,-35.5187],[138.9864,-35.5201],[138.9896,-35.5189],[138.9898,-35.5169],[138.9917,-35.5159],[138.9972,-35.5141],[139.0014,-35.5132],[139.0069,-35.5128],[139.0111,-35.5147],[139.0175,-35.5149],[139.0207,-35.5138],[139.0215,-35.5122],[139.0253,-35.5123],[139.0298,-35.514],[139.0338,-35.5131],[139.0395,-35.5076],[139.0414,-35.5051],[139.0445,-35.5028],[139.0471,-35.5017],[139.0467,-35.5009],[139.1447,-35.4717],[139.1795,-35.4604],[139.3244,-35.4182],[139.3278,-35.4173],[139.3298,-35.4153],[139.3306,-35.413],[139.3319,-35.4041],[139.3346,-35.4018],[139.3393,-35.3996],[139.3435,-35.396],[139.3464,-35.3919],[139.351,-35.3845],[139.3516,-35.3831],[139.3558,-35.3779],[139.3644,-35.3678],[139.3662,-35.3647],[139.3695,-35.3625],[139.3747,-35.3599],[139.3782,-35.3574],[139.3861,-35.3506],[139.3885,-35.3464],[139.3888,-35.343],[139.3886,-35.3384],[139.387,-35.3327],[139.3852,-35.33],[139.3822,-35.3266],[139.3804,-35.3239],[139.3792,-35.3183],[139.3799,-35.3153],[139.3815,-35.3114],[139.3852,-35.3066],[139.3888,-35.3038],[139.3946,-35.3012],[139.4022,-35.2997],[139.4113,-35.2993],[139.4216,-35.2982],[139.4258,-35.2972],[139.4302,-35.2955],[139.4367,-35.2921],[139.441,-35.2892],[139.4485,-35.2855],[139.4524,-35.282],[139.4544,-35.2796],[139.4567,-35.2738],[139.4566,-35.2692],[139.4552,-35.2622],[139.4534,-35.258],[139.45,-35.2538],[139.4446,-35.2488],[139.4422,-35.2473],[139.4289,-35.2402],[139.417,-35.2327],[139.4051,-35.2221],[139.4029,-35.2195],[139.3976,-35.216],[139.3906,-35.2132],[139.3852,-35.2106],[139.3792,-35.2073],[139.3763,-35.2051],[139.3706,-35.2016],[139.3612,-35.1969],[139.3653,-35.1878],[139.3584,-35.1831],[139.3924,-35.1832],[139.4596,-35.1832],[139.4713,-35.183],[139.5765,-35.1829],[139.603,-35.183],[139.6066,-35.1832],[139.6189,-35.1831],[139.6199,-35.183],[139.6199,-35.2184],[139.6196,-35.2187],[139.6854,-35.2187],[139.6923,-35.2183],[139.6936,-35.2187],[139.7202,-35.2188],[139.8178,-35.2187],[139.8942,-35.2186],[139.8942,-35.291],[140.006,-35.2911],[140.0744,-35.2911],[140.0757,-35.2948],[140.0757,-35.3275],[140.0764,-35.3285],[140.0764,-35.3497],[140.0759,-35.3517],[140.0759,-35.3651],[140.0764,-35.3682],[140.0764,-35.3805],[140.0761,-35.3808],[140.076,-35.3929],[140.0761,-35.489],[140.0758,-35.4903],[140.0885,-35.4903],[140.0919,-35.4907],[140.0954,-35.4898],[140.0981,-35.4902],[140.129,-35.4902],[140.1293,-35.5379],[140.1356,-35.5379],[140.1344,-35.5391],[140.1228,-35.5445],[140.1186,-35.5447],[140.1159,-35.5468],[140.133,-35.5582],[140.1044,-35.5868],[140.1056,-35.6236],[140.1049,-35.626],[140.1057,-35.6265],[140.1063,-35.6493],[140.1877,-35.6491],[140.2533,-35.6489],[140.2532,-35.748],[140.387,-35.7474],[140.4576,-35.747],[140.5203,-35.7467],[140.6346,-35.7459]],[[139.1837,-35.5268],[139.1878,-35.5277],[139.1886,-35.5255],[139.1907,-35.5255],[139.1944,-35.5271],[139.1977,-35.5277],[139.1998,-35.5289],[139.2026,-35.5287],[139.2049,-35.5305],[139.2081,-35.5317],[139.212,-35.5296],[139.2182,-35.5309],[139.2209,-35.5301],[139.2247,-35.5318],[139.226,-35.5347],[139.228,-35.5347],[139.2265,-35.5385],[139.2272,-35.5398],[139.23,-35.5421],[139.2349,-35.5409],[139.2339,-35.5423],[139.2409,-35.5458],[139.2395,-35.5468],[139.2402,-35.5496],[139.2415,-35.5506],[139.2418,-35.5525],[139.2489,-35.5526],[139.248,-35.5532],[139.2508,-35.5542],[139.2527,-35.5528],[139.2561,-35.5526],[139.2585,-35.5506],[139.2597,-35.5505],[139.2587,-35.5524],[139.2571,-35.5527],[139.2543,-35.5579],[139.25,-35.5621],[139.2446,-35.5656],[139.2417,-35.5708],[139.2368,-35.5711],[139.2401,-35.5724],[139.2383,-35.5755],[139.239,-35.5779],[139.2383,-35.5805],[139.2365,-35.5814],[139.2363,-35.5846],[139.238,-35.5864],[139.2412,-35.5871],[139.2461,-35.5873],[139.2481,-35.584],[139.2505,-35.5786],[139.2524,-35.5775],[139.2514,-35.5818],[139.25,-35.5857],[139.2475,-35.5894],[139.2449,-35.5911],[139.2443,-35.5937],[139.2428,-35.5942],[139.2408,-35.5965],[139.2401,-35.5984],[139.2338,-35.6042],[139.2268,-35.6076],[139.2239,-35.608],[139.2177,-35.6114],[139.2168,-35.6112],[139.2133,-35.6124],[139.2089,-35.6127],[139.2114,-35.6158],[139.2109,-35.6171],[139.2143,-35.6185],[139.2144,-35.6204],[139.2132,-35.6239],[139.2139,-35.6252],[139.2166,-35.6268],[139.2221,-35.6262],[139.2241,-35.6264],[139.2252,-35.6281],[139.2285,-35.6277],[139.2276,-35.6263],[139.2285,-35.6253],[139.2336,-35.6267],[139.237,-35.6262],[139.2403,-35.6233],[139.2452,-35.6225],[139.2455,-35.6235],[139.2485,-35.6247],[139.25,-35.6234],[139.2541,-35.6222],[139.26,-35.6246],[139.2611,-35.6243],[139.2657,-35.6252],[139.264,-35.6299],[139.2617,-35.6341],[139.2589,-35.6366],[139.2555,-35.6373],[139.2549,-35.6393],[139.2493,-35.6411],[139.2438,-35.6411],[139.2398,-35.6425],[139.2344,-35.6428],[139.2341,-35.6432],[139.2275,-35.6451],[139.2247,-35.6466],[139.2165,-35.6496],[139.2152,-35.6504],[139.2107,-35.6517],[139.207,-35.651],[139.2044,-35.6523],[139.2029,-35.6516],[139.2023,-35.6488],[139.2034,-35.6479],[139.2009,-35.6475],[139.2028,-35.6524],[139.1992,-35.6514],[139.1992,-35.6537],[139.2001,-35.6534],[139.2046,-35.6546],[139.2038,-35.6562],[139.2056,-35.657],[139.2091,-35.6568],[139.209,-35.6583],[139.2058,-35.6584],[139.2088,-35.6597],[139.2103,-35.659],[139.2129,-35.6609],[139.2165,-35.6602],[139.2174,-35.6589],[139.2176,-35.6614],[139.2156,-35.6624],[139.212,-35.661],[139.211,-35.6626],[139.2135,-35.6647],[139.2132,-35.6677],[139.2098,-35.6693],[139.2115,-35.6697],[139.2095,-35.673],[139.2103,-35.6737],[139.213,-35.6716],[139.2145,-35.6683],[139.2164,-35.6672],[139.2178,-35.6712],[139.22,-35.6695],[139.2232,-35.6716],[139.2241,-35.6761],[139.2256,-35.6773],[139.2252,-35.6785],[139.2205,-35.6822],[139.2194,-35.6837],[139.2212,-35.6837],[139.2217,-35.6856],[139.2241,-35.6865],[139.2253,-35.689],[139.2306,-35.6923],[139.2322,-35.695],[139.2355,-35.6959],[139.2401,-35.6954],[139.2472,-35.696],[139.2532,-35.6981],[139.2557,-35.7007],[139.2545,-35.702],[139.2549,-35.7044],[139.256,-35.7058],[139.2529,-35.7065],[139.2538,-35.7081],[139.2566,-35.7078],[139.2561,-35.7106],[139.2594,-35.709],[139.2616,-35.7103],[139.2586,-35.7152],[139.2555,-35.7147],[139.258,-35.7185],[139.256,-35.7184],[139.2551,-35.7193],[139.2558,-35.7214],[139.2539,-35.7221],[139.2546,-35.7249],[139.2565,-35.7247],[139.2564,-35.7262],[139.2579,-35.7277],[139.2575,-35.7298],[139.259,-35.73],[139.2621,-35.7287],[139.2637,-35.7292],[139.2613,-35.7313],[139.2586,-35.7325],[139.2598,-35.7344],[139.2642,-35.7357],[139.2665,-35.7353],[139.2688,-35.7327],[139.2708,-35.7329],[139.2741,-35.7295],[139.2731,-35.7282],[139.2756,-35.7276],[139.2752,-35.7221],[139.2726,-35.7209],[139.2709,-35.7217],[139.2706,-35.7184],[139.2685,-35.7169],[139.2687,-35.7144],[139.2715,-35.7155],[139.273,-35.7141],[139.2731,-35.7099],[139.2703,-35.7091],[139.2687,-35.7077],[139.2651,-35.7065],[139.2625,-35.707],[139.2649,-35.7016],[139.2604,-35.7015],[139.2613,-35.6996],[139.2667,-35.6988],[139.2712,-35.697],[139.2776,-35.6935],[139.2798,-35.6911],[139.286,-35.6882],[139.2931,-35.6861],[139.2988,-35.6839],[139.3014,-35.6837],[139.3067,-35.6863],[139.309,-35.6862],[139.3113,-35.6893],[139.3142,-35.6899],[139.3217,-35.6896],[139.327,-35.69],[139.3307,-35.6896],[139.3325,-35.6884],[139.3368,-35.6872],[139.3394,-35.6849],[139.3414,-35.6813],[139.3409,-35.6804],[139.3427,-35.6735],[139.3438,-35.6712],[139.344,-35.6615],[139.3451,-35.6571],[139.3464,-35.6537],[139.3461,-35.6452],[139.3464,-35.6422],[139.3473,-35.6405],[139.346,-35.6363],[139.3474,-35.6357],[139.3473,-35.6335],[139.3485,-35.63],[139.3489,-35.6247],[139.3507,-35.618],[139.3548,-35.6134],[139.3585,-35.6119],[139.3614,-35.6096],[139.3641,-35.6104],[139.3686,-35.6097],[139.3701,-35.609],[139.3749,-35.6093],[139.3758,-35.6077],[139.3729,-35.6064],[139.3751,-35.6049],[139.374,-35.6032],[139.3705,-35.5996],[139.3682,-35.5967],[139.3611,-35.5907],[139.3521,-35.5842],[139.3512,-35.5843],[139.3452,-35.5807],[139.342,-35.5779],[139.3357,-35.574],[139.3257,-35.57],[139.3176,-35.5659],[139.3111,-35.5605],[139.309,-35.5603],[139.3075,-35.558],[139.3035,-35.5571],[139.3018,-35.5548],[139.2961,-35.5529],[139.2962,-35.5522],[139.2933,-35.5508],[139.2921,-35.5496],[139.2888,-35.5486],[139.2848,-35.5454],[139.2829,-35.5451],[139.2824,-35.5439],[139.279,-35.5417],[139.2772,-35.5416],[139.2743,-35.5402],[139.2726,-35.5402],[139.2668,-35.539],[139.2625,-35.5385],[139.2596,-35.5363],[139.2596,-35.5332],[139.2581,-35.5323],[139.2536,-35.5326],[139.2514,-35.5319],[139.2494,-35.5291],[139.2445,-35.5286],[139.2425,-35.5273],[139.2395,-35.5244],[139.2361,-35.5234],[139.2345,-35.5213],[139.2265,-35.5175],[139.2228,-35.5177],[139.2203,-35.5169],[139.2177,-35.5181],[139.2152,-35.5157],[139.2087,-35.5146],[139.204,-35.515],[139.2006,-35.5135],[139.1999,-35.5124],[139.1961,-35.5109],[139.1935,-35.5106],[139.1855,-35.5137],[139.1833,-35.5153],[139.1795,-35.5152],[139.1787,-35.5135],[139.1756,-35.5137],[139.175,-35.5153],[139.1733,-35.5158],[139.1744,-35.5184],[139.1775,-35.5192],[139.1777,-35.5205],[139.1834,-35.5251],[139.1837,-35.5268]]],[[[139.2677,-35.7321],[139.2692,-35.7312],[139.2695,-35.7321],[139.2677,-35.7321]]],[[[139.2633,-35.7273],[139.2632,-35.7278],[139.2617,-35.7277],[139.2633,-35.7273]]],[[[139.2698,-35.7265],[139.2719,-35.7265],[139.2728,-35.7282],[139.2701,-35.7285],[139.2698,-35.7265]]],[[[139.2627,-35.7262],[139.2645,-35.724],[139.2658,-35.7244],[139.2665,-35.7263],[139.264,-35.727],[139.2627,-35.7262]]],[[[139.2278,-35.689],[139.2274,-35.6885],[139.2278,-35.6885],[139.2278,-35.689]]],[[[139.2452,-35.5823],[139.2455,-35.5829],[139.2443,-35.5825],[139.2452,-35.5823]]],[[[139.248,-35.5816],[139.2483,-35.5817],[139.248,-35.5818],[139.248,-35.5816]]]]}},{"type":"Feature","properties":{"geoKey":"42110+45120","codes":["42110","45120"]},"geometry":{"type":"Polygon","coordinates":[[[138.816,-33.1011],[138.855,-33.1008],[138.8551,-33.1007],[138.9428,-33.1],[138.9508,-33.0999],[138.9765,-33.0997],[138.9766,-33.0998],[139.1052,-33.0988],[139.1816,-33.0982],[139.2897,-33.0979],[139.3543,-33.0976],[139.3544,-33.2042],[139.3545,-33.2045],[139.3546,-33.2405],[139.3545,-33.2521],[139.3546,-33.3254],[139.3552,-33.5428],[139.3559,-33.803],[139.3558,-33.8048],[139.3563,-33.9707],[139.3565,-33.9714],[139.3568,-34.0956],[139.3567,-34.1261],[139.3577,-34.1437],[139.3579,-34.1463],[139.358,-34.1754],[139.3511,-34.2092],[139.3508,-34.3193],[139.3325,-34.3194],[139.2642,-34.3194],[139.2644,-34.2958],[139.2568,-34.2982],[139.2428,-34.3023],[139.2426,-34.3022],[139.2154,-34.3102],[139.2147,-34.3108],[139.2093,-34.3101],[139.1996,-34.3121],[139.1914,-34.3207],[139.1903,-34.3214],[139.1807,-34.3242],[139.1779,-34.3253],[139.1766,-34.3249],[139.1716,-34.3269],[139.1683,-34.3257],[139.1628,-34.3271],[139.1583,-34.3314],[139.1555,-34.3325],[139.1558,-34.3352],[139.1485,-34.333],[139.1482,-34.3337],[139.1254,-34.3319],[139.105,-34.33],[139.1078,-34.3254],[139.1096,-34.3253],[139.1132,-34.32],[139.1158,-34.3189],[139.1223,-34.3181],[139.1274,-34.315],[139.0342,-34.3067],[139.0359,-34.3034],[139.0351,-34.3006],[139.0362,-34.2983],[139.0358,-34.2971],[139.0393,-34.2938],[139.0428,-34.291],[139.0404,-34.2896],[139.0419,-34.2839],[139.0433,-34.2822],[139.0415,-34.2735],[139.0443,-34.2718],[139.0443,-34.2702],[139.0471,-34.269],[139.0487,-34.2673],[139.047,-34.2641],[139.0454,-34.2634],[139.0449,-34.2609],[139.0461,-34.2602],[139.0482,-34.2607],[139.0482,-34.2581],[139.0495,-34.2557],[139.0485,-34.2536],[139.0502,-34.252],[139.0502,-34.2501],[139.0485,-34.2496],[139.0479,-34.2478],[139.0485,-34.2448],[139.0442,-34.244],[139.043,-34.2421],[139.0393,-34.2428],[139.0303,-34.2423],[139.0261,-34.243],[139.0222,-34.2449],[139.0193,-34.2445],[139.0181,-34.2423],[139.0142,-34.2444],[139.013,-34.246],[139.0092,-34.246],[139.0092,-34.2431],[139.0071,-34.2431],[139.005,-34.2445],[139.001,-34.2488],[138.9987,-34.2529],[138.9978,-34.2559],[138.9957,-34.2564],[138.993,-34.2541],[138.9911,-34.254],[138.9871,-34.2563],[138.9865,-34.2582],[138.984,-34.2585],[138.9838,-34.2565],[138.9854,-34.2544],[138.9836,-34.2534],[138.979,-34.2548],[138.9781,-34.2528],[138.9753,-34.2288],[138.9753,-34.2261],[138.9728,-34.2183],[138.9658,-34.2018],[138.9687,-34.1988],[138.9704,-34.1979],[138.9716,-34.1936],[138.9758,-34.1837],[138.9617,-34.1753],[138.9651,-34.1707],[138.9672,-34.1606],[138.9664,-34.1564],[138.9666,-34.1537],[138.9646,-34.1478],[138.9635,-34.1466],[138.9643,-34.1445],[138.9648,-34.1405],[138.9638,-34.1383],[138.9617,-34.1371],[138.963,-34.133],[138.9628,-34.1304],[138.9612,-34.1255],[138.9613,-34.1202],[138.9628,-34.119],[138.9633,-34.116],[138.9624,-34.1123],[138.9623,-34.1039],[138.9617,-34.0987],[138.9622,-34.0974],[138.9618,-34.0938],[138.9605,-34.0918],[138.9604,-34.088],[138.9596,-34.0811],[138.9599,-34.0771],[138.959,-34.0737],[138.9602,-34.0684],[138.9604,-34.0614],[138.9596,-34.058],[138.9608,-34.0518],[138.9612,-34.0459],[138.9618,-34.0448],[138.9616,-34.0386],[138.9631,-34.0362],[138.9612,-34.0325],[138.9608,-34.0297],[138.96,-34.0291],[138.9601,-34.0258],[138.963,-34.0227],[138.9642,-34.0203],[138.9635,-34.0176],[138.9643,-34.0153],[138.9643,-34.0119],[138.965,-34.0047],[138.9645,-34.0007],[138.962,-33.9994],[138.9614,-33.9954],[138.9645,-33.993],[138.9641,-33.9914],[138.961,-33.9885],[138.9599,-33.9833],[138.9598,-33.9795],[138.9605,-33.9783],[138.9597,-33.9725],[138.959,-33.9713],[138.9585,-33.9664],[138.9564,-33.9647],[138.9537,-33.9633],[138.9512,-33.9633],[138.9467,-33.9643],[138.9449,-33.9636],[138.9377,-33.9647],[138.9339,-33.9661],[138.9297,-33.9659],[138.9244,-33.9651],[138.9224,-33.9658],[138.9196,-33.9656],[138.917,-33.9634],[138.916,-33.9607],[138.9167,-33.9573],[138.9151,-33.9551],[138.9168,-33.9526],[138.9163,-33.9508],[138.9168,-33.9487],[138.9152,-33.9452],[138.9156,-33.9432],[138.9157,-33.9385],[138.915,-33.9358],[138.9144,-33.9285],[138.9114,-33.9238],[138.9121,-33.9216],[138.9106,-33.914],[138.9104,-33.9097],[138.9089,-33.9086],[138.9087,-33.9052],[138.91,-33.9038],[138.9081,-33.8988],[138.9135,-33.8966],[138.9134,-33.8942],[138.9122,-33.889],[138.9149,-33.8855],[138.9147,-33.8831],[138.9165,-33.8809],[138.9216,-33.8814],[138.9258,-33.8811],[138.9274,-33.8788],[138.924,-33.8763],[138.9187,-33.874],[138.9169,-33.8749],[138.9148,-33.8739],[138.9146,-33.8711],[138.9094,-33.868],[138.9068,-33.8636],[138.9047,-33.8608],[138.9032,-33.86],[138.8981,-33.8545],[138.8211,-33.8471],[138.8172,-33.8484],[138.8143,-33.8499],[138.808,-33.8489],[138.8062,-33.8478],[138.8045,-33.8453],[138.7959,-33.8445],[138.7216,-33.8371],[138.7243,-33.8307],[138.7254,-33.8296],[138.7253,-33.8275],[138.7262,-33.8265],[138.7272,-33.8229],[138.7286,-33.8207],[138.7287,-33.8188],[138.731,-33.8072],[138.7305,-33.8013],[138.7315,-33.7967],[138.7328,-33.7932],[138.7333,-33.7877],[138.7331,-33.7726],[138.7336,-33.7711],[138.7327,-33.7695],[138.7307,-33.7572],[138.728,-33.7485],[138.7268,-33.7468],[138.7252,-33.7404],[138.7208,-33.7303],[138.7202,-33.7241],[138.7164,-33.7111],[138.7116,-33.7027],[138.7113,-33.7008],[138.7084,-33.6941],[138.708,-33.6919],[138.7045,-33.6843],[138.7042,-33.68],[138.7033,-33.6744],[138.7008,-33.6656],[138.6975,-33.6587],[138.5445,-33.6591],[138.5466,-33.6571],[138.5473,-33.6524],[138.5471,-33.6472],[138.5477,-33.6459],[138.5473,-33.6435],[138.5484,-33.6414],[138.5482,-33.6394],[138.5489,-33.6351],[138.5479,-33.6323],[138.5508,-33.6278],[138.5506,-33.6259],[138.5066,-33.626],[138.4976,-33.6258],[138.4033,-33.626],[138.4014,-33.5824],[138.4008,-33.5665],[138.398,-33.5024],[138.3978,-33.4937],[138.3889,-33.4744],[138.2795,-33.4732],[138.2588,-33.473],[138.2589,-33.3265],[138.259,-33.2863],[138.2536,-33.2869],[138.2414,-33.2868],[138.2379,-33.2845],[138.2312,-33.2862],[138.23,-33.2851],[138.2269,-33.2848],[138.2261,-33.2838],[138.2266,-33.2816],[138.2229,-33.2787],[138.2212,-33.2733],[138.217,-33.271],[138.2147,-33.2721],[138.2124,-33.2702],[138.2116,-33.2674],[138.2123,-33.2643],[138.207,-33.2623],[138.208,-33.2606],[138.2061,-33.2575],[138.2073,-33.2559],[138.206,-33.2544],[138.2065,-33.2531],[138.2052,-33.2467],[138.2082,-33.2426],[138.2081,-33.2415],[138.2052,-33.24],[138.2061,-33.2368],[138.2056,-33.2292],[138.2035,-33.2262],[138.2034,-33.225],[138.2014,-33.2227],[138.1989,-33.2211],[138.1967,-33.2162],[138.1937,-33.2165],[138.1924,-33.2184],[138.1877,-33.2203],[138.186,-33.218],[138.1842,-33.2172],[138.1848,-33.2143],[138.1837,-33.2143],[138.178,-33.2121],[138.1778,-33.21],[138.181,-33.2081],[138.1824,-33.2087],[138.1835,-33.2047],[138.1828,-33.203],[138.1839,-33.2001],[138.1821,-33.1987],[138.1789,-33.1993],[138.1773,-33.1979],[138.1782,-33.1955],[138.1773,-33.1918],[138.1745,-33.1908],[138.1729,-33.1884],[138.17,-33.1884],[138.1691,-33.1855],[138.1677,-33.1832],[138.1679,-33.1779],[138.1673,-33.1767],[138.1678,-33.174],[138.1672,-33.1716],[138.1675,-33.1687],[138.1694,-33.1662],[138.1676,-33.1611],[138.1686,-33.1594],[138.1687,-33.1535],[138.1699,-33.1512],[138.1692,-33.1422],[138.1673,-33.1401],[138.1683,-33.1371],[138.1673,-33.1332],[138.1681,-33.1308],[138.1703,-33.1285],[138.1683,-33.1261],[138.1691,-33.1246],[138.1678,-33.1237],[138.1673,-33.1206],[138.1647,-33.1171],[138.1654,-33.1107],[138.1639,-33.1064],[138.1637,-33.1041],[138.1961,-33.104],[138.2003,-33.1113],[138.2063,-33.1114],[138.2063,-33.1131],[138.2107,-33.1131],[138.2108,-33.1073],[138.213,-33.1064],[138.213,-33.1039],[138.2851,-33.1037],[138.2897,-33.1024],[138.293,-33.102],[138.295,-33.1027],[138.3027,-33.1021],[138.3032,-33.1036],[138.3565,-33.1034],[138.4394,-33.1031],[138.4394,-33.0187],[138.4395,-33.0081],[138.4394,-32.9886],[138.4392,-32.9839],[138.4392,-32.9433],[138.5183,-32.9431],[138.602,-32.9429],[138.663,-32.9427],[138.6633,-32.9426],[138.7207,-32.9423],[138.7205,-32.9424],[138.7215,-33.0706],[138.7185,-33.0715],[138.7142,-33.0754],[138.7087,-33.0765],[138.707,-33.0779],[138.7054,-33.0833],[138.7029,-33.0878],[138.6999,-33.0907],[138.6979,-33.0945],[138.6979,-33.1018],[138.7558,-33.1014],[138.8156,-33.101],[138.816,-33.1011]]]}},{"type":"Feature","properties":{"geoKey":"42750+48050+48750","codes":["42750","48050","48750"]},"geometry":{"type":"MultiPolygon","coordinates":[[[[136.694,-36.0864],[136.6923,-36.0844],[136.693,-36.0835],[136.6964,-36.0852],[136.697,-36.0864],[136.694,-36.0864]]],[[[136.7003,-36.0656],[136.7029,-36.0656],[136.705,-36.0668],[136.7039,-36.0688],[136.7017,-36.0677],[136.7003,-36.0656]]],[[[136.9076,-36.0435],[136.9079,-36.0431],[136.9083,-36.0436],[136.9076,-36.0435]]],[[[136.8277,-36.0345],[136.8269,-36.0334],[136.829,-36.0335],[136.8277,-36.0345]]],[[[137.2869,-35.995],[137.2866,-35.9938],[137.2886,-35.9928],[137.2889,-35.9947],[137.2869,-35.995]]],[[[136.5808,-35.9515],[136.5804,-35.951],[136.5812,-35.951],[136.5808,-35.9515]]],[[[136.5525,-35.9075],[136.5526,-35.9084],[136.552,-35.9081],[136.5525,-35.9075]]],[[[136.538,-35.8992],[136.5387,-35.9002],[136.536,-35.9022],[136.5341,-35.9008],[136.538,-35.8992]]],[[[137.7763,-35.8217],[137.775,-35.8237],[137.7696,-35.8206],[137.771,-35.8182],[137.7763,-35.8217]]],[[[137.9354,-35.7163],[137.9409,-35.7162],[137.9429,-35.7169],[137.9414,-35.7177],[137.9415,-35.7191],[137.9437,-35.7208],[137.95,-35.7217],[137.9571,-35.7216],[137.9588,-35.7223],[137.9598,-35.7212],[137.9624,-35.7204],[137.9689,-35.7195],[137.9733,-35.7198],[137.9789,-35.7214],[137.982,-35.7218],[137.9881,-35.7242],[137.9909,-35.7243],[137.9936,-35.7265],[137.9999,-35.7254],[138.0029,-35.7266],[138.0056,-35.7263],[138.007,-35.7285],[138.0103,-35.7289],[138.015,-35.7306],[138.0155,-35.7325],[138.0194,-35.7331],[138.0217,-35.7356],[138.0217,-35.7374],[138.0254,-35.7366],[138.0262,-35.7375],[138.0295,-35.7372],[138.0335,-35.741],[138.0333,-35.7421],[138.0385,-35.7407],[138.0425,-35.7414],[138.046,-35.7428],[138.0454,-35.7453],[138.0513,-35.7482],[138.0536,-35.7488],[138.0591,-35.752],[138.0598,-35.7534],[138.0614,-35.7537],[138.0619,-35.7552],[138.0642,-35.7558],[138.0653,-35.7585],[138.0678,-35.7598],[138.0676,-35.7621],[138.0686,-35.7632],[138.0684,-35.7669],[138.0676,-35.7683],[138.068,-35.773],[138.0667,-35.7744],[138.0677,-35.7766],[138.0669,-35.7804],[138.0686,-35.7845],[138.0722,-35.791],[138.077,-35.7959],[138.081,-35.7986],[138.0839,-35.8],[138.0883,-35.8035],[138.0946,-35.8063],[138.0993,-35.8066],[138.1039,-35.809],[138.1065,-35.8095],[138.1128,-35.8096],[138.1161,-35.8092],[138.1214,-35.807],[138.1232,-35.8034],[138.1247,-35.8019],[138.1257,-35.8023],[138.1251,-35.8095],[138.1228,-35.8145],[138.1194,-35.8183],[138.1191,-35.8199],[138.1209,-35.8231],[138.1217,-35.826],[138.1236,-35.8275],[138.1233,-35.8342],[138.1258,-35.8342],[138.1285,-35.839],[138.1317,-35.8395],[138.1345,-35.8408],[138.1343,-35.8436],[138.1292,-35.847],[138.1258,-35.8482],[138.1255,-35.8459],[138.1244,-35.8452],[138.1185,-35.8471],[138.1173,-35.8489],[138.1127,-35.8478],[138.1109,-35.8484],[138.1049,-35.8535],[138.0997,-35.8565],[138.0972,-35.859],[138.0954,-35.8595],[138.0918,-35.8625],[138.0895,-35.8632],[138.0893,-35.8647],[138.0867,-35.8654],[138.0835,-35.8696],[138.0829,-35.8689],[138.0779,-35.8741],[138.0757,-35.8745],[138.0748,-35.8771],[138.0715,-35.8786],[138.0718,-35.8791],[138.0679,-35.8811],[138.0654,-35.8806],[138.0645,-35.8825],[138.062,-35.8853],[138.0591,-35.8875],[138.059,-35.8898],[138.0563,-35.8951],[138.0515,-35.8976],[138.0494,-35.8982],[138.0479,-35.9006],[138.0442,-35.9029],[138.0407,-35.9043],[138.0377,-35.9027],[138.0294,-35.903],[138.0265,-35.9024],[138.0223,-35.9028],[138.0176,-35.901],[138.0148,-35.9003],[138.0103,-35.8979],[138.0087,-35.8954],[138.0066,-35.8937],[137.9942,-35.8881],[137.9878,-35.8862],[137.9863,-35.8868],[137.9849,-35.8858],[137.982,-35.8857],[137.9803,-35.8843],[137.978,-35.8862],[137.9755,-35.8856],[137.9748,-35.8844],[137.9756,-35.8815],[137.9725,-35.879],[137.9629,-35.8753],[137.9592,-35.8732],[137.9506,-35.8699],[137.9444,-35.8685],[137.9379,-35.8649],[137.9349,-35.8643],[137.9316,-35.8647],[137.919,-35.8621],[137.916,-35.8611],[137.9128,-35.8614],[137.9111,-35.8598],[137.9054,-35.8609],[137.9037,-35.8622],[137.9003,-35.8628],[137.8969,-35.8655],[137.8958,-35.8654],[137.8912,-35.8675],[137.8864,-35.8672],[137.8861,-35.8649],[137.8833,-35.868],[137.8835,-35.8704],[137.8802,-35.8705],[137.8777,-35.8698],[137.8736,-35.8705],[137.8724,-35.8681],[137.8712,-35.8688],[137.8711,-35.8663],[137.8681,-35.8633],[137.8668,-35.8631],[137.8603,-35.861],[137.8485,-35.8578],[137.8429,-35.8568],[137.8391,-35.8566],[137.8358,-35.8553],[137.8346,-35.8559],[137.8294,-35.8558],[137.8261,-35.8544],[137.8237,-35.8545],[137.8204,-35.8533],[137.8168,-35.8532],[137.8153,-35.8524],[137.8095,-35.852],[137.8073,-35.8526],[137.8039,-35.8515],[137.7987,-35.8535],[137.7941,-35.8513],[137.7925,-35.8532],[137.7862,-35.8527],[137.7843,-35.8514],[137.7824,-35.8526],[137.7795,-35.8523],[137.7754,-35.8508],[137.7725,-35.8528],[137.772,-35.8513],[137.762,-35.8516],[137.7595,-35.8524],[137.7578,-35.8514],[137.7564,-35.8523],[137.7554,-35.8513],[137.7528,-35.8537],[137.7507,-35.854],[137.7496,-35.8521],[137.7449,-35.8523],[137.7411,-35.8531],[137.7361,-35.8554],[137.7349,-35.8574],[137.735,-35.8598],[137.7375,-35.8612],[137.7357,-35.8652],[137.7322,-35.8659],[137.7304,-35.8683],[137.7307,-35.8703],[137.7281,-35.8728],[137.7291,-35.8738],[137.7261,-35.8767],[137.721,-35.8766],[137.72,-35.8759],[137.7136,-35.876],[137.7014,-35.8768],[137.6988,-35.8775],[137.6841,-35.8793],[137.6765,-35.881],[137.6751,-35.8816],[137.663,-35.8841],[137.6557,-35.8868],[137.6512,-35.888],[137.6507,-35.8888],[137.6449,-35.8911],[137.6432,-35.8929],[137.6403,-35.8939],[137.6325,-35.8984],[137.6304,-35.8993],[137.6267,-35.902],[137.6219,-35.9047],[137.6153,-35.9096],[137.612,-35.9131],[137.6098,-35.9166],[137.6071,-35.9191],[137.6065,-35.9209],[137.6031,-35.9261],[137.5995,-35.9341],[137.5986,-35.9372],[137.5982,-35.9427],[137.5997,-35.9466],[137.5993,-35.9513],[137.6015,-35.9554],[137.6016,-35.9578],[137.6027,-35.9607],[137.6047,-35.963],[137.6056,-35.9655],[137.6091,-35.9692],[137.6178,-35.9751],[137.6189,-35.9789],[137.6158,-35.983],[137.6156,-35.9858],[137.6163,-35.9897],[137.6144,-35.9902],[137.615,-35.9913],[137.6113,-35.9938],[137.6085,-35.9964],[137.6074,-35.9984],[137.6075,-36.0021],[137.6045,-36.0032],[137.6047,-36.0056],[137.6028,-36.0081],[137.6028,-36.0092],[137.6009,-36.01],[137.5986,-36.0091],[137.5937,-36.0104],[137.5925,-36.0128],[137.5899,-36.015],[137.5893,-36.0165],[137.5866,-36.0196],[137.5821,-36.0183],[137.5804,-36.019],[137.579,-36.0181],[137.5754,-36.0189],[137.5718,-36.0215],[137.5674,-36.0222],[137.565,-36.0216],[137.5632,-36.0229],[137.5596,-36.023],[137.5577,-36.0224],[137.5555,-36.0228],[137.5521,-36.0218],[137.5472,-36.0247],[137.5417,-36.0241],[137.5392,-36.0257],[137.5358,-36.0261],[137.5354,-36.028],[137.5323,-36.0312],[137.5292,-36.0324],[137.5273,-36.0346],[137.5244,-36.0359],[137.5227,-36.038],[137.5196,-36.0377],[137.5191,-36.0398],[137.5168,-36.0409],[137.5172,-36.0419],[137.5133,-36.0472],[137.5095,-36.049],[137.5076,-36.049],[137.5063,-36.0508],[137.5068,-36.0533],[137.5034,-36.0561],[137.4999,-36.0566],[137.499,-36.0557],[137.4956,-36.0547],[137.4908,-36.0549],[137.4874,-36.0575],[137.4854,-36.057],[137.4829,-36.061],[137.4804,-36.0632],[137.483,-36.0651],[137.4814,-36.0659],[137.479,-36.065],[137.478,-36.066],[137.4751,-36.0659],[137.4713,-36.069],[137.4676,-36.0703],[137.4676,-36.0723],[137.4665,-36.0729],[137.4635,-36.0725],[137.4611,-36.0749],[137.4583,-36.0732],[137.4577,-36.0713],[137.4582,-36.0683],[137.4572,-36.0668],[137.4538,-36.0643],[137.449,-36.0628],[137.448,-36.0613],[137.445,-36.06],[137.4421,-36.0568],[137.4354,-36.0539],[137.4335,-36.0517],[137.4257,-36.0465],[137.4235,-36.0454],[137.4211,-36.0422],[137.4178,-36.0412],[137.4163,-36.04],[137.4146,-36.04],[137.4142,-36.0384],[137.412,-36.0383],[137.4108,-36.0358],[137.4078,-36.0386],[137.4057,-36.0389],[137.4056,-36.0378],[137.4075,-36.0363],[137.4065,-36.0323],[137.4037,-36.0325],[137.4017,-36.03],[137.4017,-36.0288],[137.3997,-36.0264],[137.3976,-36.0256],[137.3967,-36.0239],[137.3947,-36.0234],[137.3941,-36.022],[137.3893,-36.0186],[137.3857,-36.0172],[137.3838,-36.0151],[137.3794,-36.0138],[137.3803,-36.008],[137.3776,-36.0061],[137.3754,-36.0065],[137.3741,-36.0082],[137.3722,-36.0065],[137.3744,-36.0054],[137.3749,-36.0032],[137.3733,-35.9998],[137.3712,-35.9985],[137.3655,-35.998],[137.3632,-35.999],[137.3627,-36.0003],[137.3612,-36.0001],[137.3608,-35.9972],[137.3582,-35.9956],[137.3518,-35.9939],[137.3468,-35.9937],[137.3435,-35.9945],[137.3409,-35.9959],[137.3384,-35.9952],[137.3357,-35.9933],[137.3318,-35.9938],[137.3318,-35.9954],[137.3299,-35.9945],[137.3295,-35.9959],[137.3277,-35.996],[137.3273,-35.9973],[137.3252,-35.9979],[137.3234,-35.996],[137.3202,-35.9961],[137.3181,-35.9948],[137.3133,-35.9943],[137.3123,-35.9948],[137.3064,-35.9932],[137.3028,-35.9934],[137.3025,-35.9909],[137.2981,-35.9916],[137.2971,-35.9905],[137.2926,-35.9905],[137.2885,-35.9917],[137.2867,-35.9908],[137.2836,-35.9922],[137.2807,-35.9921],[137.2787,-35.9943],[137.2773,-35.9923],[137.2733,-35.9923],[137.271,-35.9905],[137.2707,-35.9886],[137.2653,-35.9859],[137.2639,-35.9845],[137.2559,-35.9816],[137.2534,-35.9815],[137.2493,-35.9835],[137.2461,-35.9826],[137.2421,-35.9828],[137.2394,-35.9816],[137.2369,-35.9823],[137.236,-35.9795],[137.2331,-35.9799],[137.2326,-35.9811],[137.2308,-35.9802],[137.2311,-35.9781],[137.228,-35.9768],[137.2253,-35.9768],[137.2221,-35.9755],[137.2196,-35.9757],[137.216,-35.9744],[137.2095,-35.974],[137.2039,-35.9747],[137.2016,-35.9744],[137.1984,-35.9749],[137.1926,-35.9766],[137.1873,-35.979],[137.1838,-35.9814],[137.1796,-35.9857],[137.1786,-35.9908],[137.1795,-35.9911],[137.1798,-35.9937],[137.1814,-35.9952],[137.1842,-35.9966],[137.1888,-35.9963],[137.1898,-35.9968],[137.1828,-36.0009],[137.1808,-36.0029],[137.1776,-36.0043],[137.177,-36.0057],[137.178,-36.0071],[137.1765,-36.01],[137.1732,-36.011],[137.1691,-36.0112],[137.1691,-36.0147],[137.1667,-36.0159],[137.1613,-36.0167],[137.1611,-36.0226],[137.163,-36.0233],[137.1627,-36.0247],[137.1602,-36.0253],[137.1581,-36.0269],[137.1565,-36.027],[137.1555,-36.0256],[137.1563,-36.0233],[137.1554,-36.0223],[137.1508,-36.0231],[137.1483,-36.0209],[137.1458,-36.0207],[137.1427,-36.0224],[137.1419,-36.0246],[137.1398,-36.0228],[137.1396,-36.0248],[137.1379,-36.0248],[137.1374,-36.0294],[137.1331,-36.0312],[137.1305,-36.034],[137.1275,-36.0324],[137.1261,-36.0323],[137.1221,-36.0301],[137.1216,-36.029],[137.123,-36.0269],[137.1143,-36.0233],[137.1091,-36.0204],[137.1026,-36.0182],[137.0999,-36.0202],[137.097,-36.0208],[137.097,-36.0238],[137.0943,-36.0235],[137.0924,-36.0251],[137.0863,-36.0236],[137.0827,-36.0212],[137.0778,-36.0208],[137.0751,-36.0215],[137.0726,-36.0212],[137.0715,-36.0201],[137.0678,-36.0203],[137.0645,-36.022],[137.0608,-36.022],[137.0585,-36.0213],[137.0576,-36.0201],[137.0563,-36.0222],[137.0531,-36.0225],[137.0508,-36.0237],[137.0488,-36.0268],[137.0464,-36.0276],[137.0458,-36.0266],[137.0431,-36.0265],[137.0421,-36.0272],[137.0361,-36.0277],[137.0352,-36.0261],[137.0308,-36.0269],[137.0265,-36.0255],[137.0264,-36.0242],[137.0245,-36.0229],[137.0201,-36.0222],[137.018,-36.0208],[137.0168,-36.021],[137.0101,-36.0193],[137.0079,-36.0195],[137.0075,-36.0204],[137.0019,-36.0202],[137.0,-36.0182],[136.9983,-36.0187],[136.9981,-36.0175],[136.9912,-36.0208],[136.9889,-36.0205],[136.987,-36.0212],[136.9814,-36.0213],[136.9778,-36.0226],[136.9742,-36.0228],[136.9735,-36.0215],[136.9695,-36.0218],[136.969,-36.0239],[136.9657,-36.0247],[136.9649,-36.0268],[136.959,-36.0267],[136.9576,-36.0256],[136.9563,-36.0269],[136.953,-36.0274],[136.9522,-36.0285],[136.9491,-36.0298],[136.9464,-36.0293],[136.943,-36.0267],[136.9395,-36.0278],[136.9388,-36.0299],[136.9351,-36.032],[136.933,-36.0325],[136.9301,-36.0346],[136.929,-36.0384],[136.9274,-36.0393],[136.9266,-36.0381],[136.9231,-36.0378],[136.9214,-36.0398],[136.922,-36.041],[136.9201,-36.0413],[136.9184,-36.043],[136.9127,-36.0429],[136.9119,-36.0416],[136.9098,-36.0411],[136.9083,-36.0425],[136.9066,-36.0398],[136.9042,-36.0374],[136.9022,-36.037],[136.896,-36.0327],[136.8942,-36.0311],[136.8893,-36.0288],[136.885,-36.0278],[136.8812,-36.026],[136.8788,-36.0258],[136.8757,-36.0237],[136.8734,-36.0239],[136.8709,-36.0227],[136.8673,-36.0193],[136.8596,-36.0174],[136.8562,-36.0179],[136.8561,-36.0169],[136.854,-36.0166],[136.8539,-36.0185],[136.8524,-36.0198],[136.8411,-36.018],[136.8353,-36.0187],[136.8317,-36.0198],[136.8295,-36.0222],[136.8316,-36.026],[136.8278,-36.0252],[136.8259,-36.0269],[136.8248,-36.0315],[136.8203,-36.0322],[136.8174,-36.0332],[136.8157,-36.0364],[136.8178,-36.0385],[136.8154,-36.0391],[136.8137,-36.0377],[136.8143,-36.0362],[136.8121,-36.035],[136.8005,-36.0322],[136.7972,-36.0322],[136.7952,-36.033],[136.791,-36.0321],[136.7895,-36.0326],[136.786,-36.0316],[136.7835,-36.0323],[136.7825,-36.0314],[136.7793,-36.0332],[136.7763,-36.034],[136.7774,-36.0361],[136.7766,-36.0378],[136.7747,-36.0374],[136.7731,-36.0383],[136.7743,-36.0405],[136.7738,-36.0422],[136.775,-36.0436],[136.7701,-36.0453],[136.7677,-36.0439],[136.7641,-36.0453],[136.7636,-36.0477],[136.7573,-36.0497],[136.7536,-36.0482],[136.7535,-36.0463],[136.7464,-36.0448],[136.7401,-36.0438],[136.7338,-36.0434],[136.7271,-36.0451],[136.7234,-36.0477],[136.7228,-36.0496],[136.7205,-36.0494],[136.7184,-36.0513],[136.7183,-36.0533],[136.7198,-36.0548],[136.7199,-36.0566],[136.7188,-36.058],[136.7131,-36.0559],[136.7124,-36.0569],[136.7107,-36.0564],[136.708,-36.0584],[136.7069,-36.0608],[136.707,-36.0625],[136.7054,-36.0641],[136.704,-36.0628],[136.7008,-36.0615],[136.6983,-36.0585],[136.697,-36.0582],[136.6964,-36.0543],[136.698,-36.0547],[136.701,-36.0543],[136.703,-36.0519],[136.7052,-36.0516],[136.7068,-36.049],[136.7053,-36.0445],[136.7067,-36.0438],[136.7084,-36.0369],[136.7055,-36.0324],[136.704,-36.0277],[136.7019,-36.0237],[136.7001,-36.0214],[136.6961,-36.0182],[136.695,-36.0145],[136.6928,-36.0142],[136.6914,-36.0123],[136.6912,-36.0097],[136.6891,-36.0048],[136.6844,-36.0002],[136.6825,-35.9978],[136.6816,-35.9953],[136.6776,-35.9923],[136.6723,-35.9853],[136.6728,-35.9844],[136.6675,-35.9801],[136.6662,-35.9786],[136.6656,-35.9757],[136.6629,-35.9731],[136.6566,-35.9692],[136.6527,-35.9652],[136.6496,-35.9648],[136.6483,-35.9636],[136.6462,-35.9639],[136.6419,-35.9626],[136.6417,-35.9615],[136.6388,-35.9607],[136.6333,-35.9613],[136.6298,-35.9604],[136.6286,-35.9579],[136.629,-35.9563],[136.6248,-35.9544],[136.62,-35.9561],[136.6181,-35.9558],[136.6113,-35.958],[136.6071,-35.96],[136.6041,-35.9609],[136.6012,-35.9608],[136.5984,-35.9618],[136.5985,-35.9607],[136.5953,-35.9609],[136.5933,-35.9576],[136.5941,-35.9549],[136.5922,-35.953],[136.5877,-35.9508],[136.5849,-35.9515],[136.5817,-35.9508],[136.5804,-35.9489],[136.5804,-35.9469],[136.5816,-35.9463],[136.5804,-35.9446],[136.5796,-35.941],[136.5809,-35.9391],[136.5796,-35.9387],[136.5807,-35.9375],[136.5793,-35.9367],[136.5796,-35.9335],[136.5805,-35.9317],[136.5778,-35.9288],[136.576,-35.9278],[136.5729,-35.9251],[136.5697,-35.9215],[136.5639,-35.9168],[136.5643,-35.9154],[136.5607,-35.9122],[136.5577,-35.9119],[136.556,-35.911],[136.5532,-35.9074],[136.5547,-35.9057],[136.5508,-35.9019],[136.5472,-35.9003],[136.5437,-35.8996],[136.542,-35.8999],[136.5388,-35.8992],[136.5397,-35.8978],[136.5426,-35.8961],[136.5441,-35.8921],[136.546,-35.8909],[136.546,-35.8898],[136.5509,-35.8876],[136.5508,-35.8861],[136.5492,-35.8843],[136.5476,-35.885],[136.5432,-35.8845],[136.5346,-35.8865],[136.5361,-35.8838],[136.5346,-35.8819],[136.5382,-35.8793],[136.5333,-35.8778],[136.5334,-35.8755],[136.5356,-35.8741],[136.5367,-35.8715],[136.5357,-35.87],[136.5389,-35.8672],[136.5383,-35.865],[136.5403,-35.8642],[136.5395,-35.8627],[136.5402,-35.8599],[136.5439,-35.8571],[136.5496,-35.8566],[136.5514,-35.8555],[136.5547,-35.8554],[136.5551,-35.8541],[136.5617,-35.8525],[136.5641,-35.8489],[136.5636,-35.8455],[136.5643,-35.8429],[136.5629,-35.84],[136.563,-35.836],[136.5617,-35.8344],[136.5605,-35.8283],[136.5627,-35.8253],[136.567,-35.8234],[136.568,-35.8211],[136.567,-35.8155],[136.5658,-35.8107],[136.566,-35.8094],[136.571,-35.8075],[136.5717,-35.8062],[136.5717,-35.8008],[136.5764,-35.7986],[136.5788,-35.7949],[136.5784,-35.7931],[136.5794,-35.7919],[136.5783,-35.789],[136.5782,-35.783],[136.575,-35.7758],[136.574,-35.7699],[136.5745,-35.768],[136.574,-35.7655],[136.5758,-35.7637],[136.5805,-35.7608],[136.5809,-35.7569],[136.5822,-35.7564],[136.5822,-35.7538],[136.5864,-35.7502],[136.5874,-35.7489],[136.5969,-35.748],[136.5984,-35.747],[136.605,-35.7454],[136.6055,-35.7461],[136.6117,-35.7455],[136.6133,-35.7459],[136.6169,-35.7452],[136.62,-35.7461],[136.6225,-35.7461],[136.6241,-35.747],[136.6269,-35.7469],[136.6288,-35.749],[136.6369,-35.7478],[136.6394,-35.7484],[136.6403,-35.7467],[136.6433,-35.7468],[136.6487,-35.7456],[136.6513,-35.7443],[136.6537,-35.744],[136.6577,-35.7457],[136.6614,-35.7446],[136.6645,-35.745],[136.666,-35.7443],[136.6706,-35.7446],[136.6798,-35.743],[136.6839,-35.7415],[136.6914,-35.7396],[136.697,-35.7395],[136.7017,-35.7375],[136.7076,-35.7333],[136.7119,-35.7314],[136.7125,-35.7284],[136.7139,-35.7267],[136.7172,-35.7253],[136.7175,-35.7225],[136.7208,-35.7212],[136.7203,-35.7203],[136.7232,-35.7202],[136.7246,-35.7216],[136.7304,-35.7237],[136.7329,-35.7239],[136.7366,-35.7223],[136.7399,-35.7222],[136.7432,-35.7234],[136.7511,-35.7238],[136.76,-35.7221],[136.7633,-35.7196],[136.764,-35.7176],[136.7671,-35.716],[136.7663,-35.7153],[136.7708,-35.7142],[136.7713,-35.7135],[136.7772,-35.7128],[136.7789,-35.7117],[136.7797,-35.7067],[136.7822,-35.7041],[136.7811,-35.7019],[136.7836,-35.7003],[136.7883,-35.7006],[136.7902,-35.6996],[136.7926,-35.6994],[136.793,-35.7005],[136.8006,-35.7],[136.8044,-35.7015],[136.8059,-35.7001],[136.8087,-35.6991],[136.8157,-35.6983],[136.8176,-35.6993],[136.8207,-35.6975],[136.8226,-35.699],[136.8247,-35.6988],[136.8252,-35.6957],[136.8275,-35.6965],[136.8322,-35.6955],[136.8355,-35.696],[136.8394,-35.6956],[136.8437,-35.6934],[136.8477,-35.6946],[136.8468,-35.6921],[136.8493,-35.6928],[136.8536,-35.6927],[136.8559,-35.6937],[136.8591,-35.6941],[136.8652,-35.6928],[136.8668,-35.6915],[136.8676,-35.6896],[136.8704,-35.6896],[136.8763,-35.6874],[136.8797,-35.6884],[136.8834,-35.6872],[136.8844,-35.688],[136.892,-35.6888],[136.893,-35.6877],[136.8976,-35.686],[136.9022,-35.6855],[136.9042,-35.6859],[136.9059,-35.6847],[136.9106,-35.6845],[136.9151,-35.6821],[136.9162,-35.6826],[136.9226,-35.6818],[136.9276,-35.6804],[136.9319,-35.6787],[136.9361,-35.6775],[136.9389,-35.6762],[136.9428,-35.6767],[136.944,-35.6759],[136.9488,-35.6746],[136.9581,-35.6737],[136.9624,-35.6756],[136.9661,-35.6752],[136.9689,-35.6733],[136.9707,-35.6757],[136.9732,-35.6749],[136.9772,-35.6725],[136.98,-35.6742],[136.9851,-35.6734],[136.9863,-35.6739],[136.9929,-35.6734],[136.9988,-35.6719],[137.0058,-35.6733],[137.0106,-35.6738],[137.0131,-35.6734],[137.0143,-35.6724],[137.0219,-35.6728],[137.023,-35.6721],[137.0269,-35.6719],[137.0315,-35.6691],[137.0347,-35.6706],[137.036,-35.67],[137.041,-35.6701],[137.0417,-35.6693],[137.0492,-35.6681],[137.0524,-35.667],[137.0563,-35.667],[137.0608,-35.668],[137.0685,-35.6683],[137.0697,-35.6692],[137.0727,-35.6674],[137.0741,-35.6633],[137.0766,-35.6631],[137.0809,-35.6635],[137.0825,-35.662],[137.0863,-35.6624],[137.0865,-35.6612],[137.0889,-35.6599],[137.0928,-35.6603],[137.0936,-35.6583],[137.0967,-35.6587],[137.0965,-35.6578],[137.0994,-35.6585],[137.1004,-35.6576],[137.1032,-35.6581],[137.1041,-35.6568],[137.1081,-35.6549],[137.1107,-35.6559],[137.1129,-35.6545],[137.1137,-35.6553],[137.116,-35.6546],[137.1179,-35.6518],[137.1213,-35.652],[137.1227,-35.6499],[137.1213,-35.648],[137.1238,-35.6473],[137.1252,-35.6451],[137.1253,-35.643],[137.1281,-35.6426],[137.1289,-35.6415],[137.1276,-35.6395],[137.1297,-35.639],[137.1333,-35.6399],[137.1345,-35.639],[137.134,-35.6373],[137.138,-35.6355],[137.1371,-35.6338],[137.1413,-35.6326],[137.1402,-35.6312],[137.1432,-35.6294],[137.1454,-35.6303],[137.1476,-35.6302],[137.1496,-35.6323],[137.1517,-35.6306],[137.1565,-35.6303],[137.1616,-35.6317],[137.1635,-35.6331],[137.1672,-35.6309],[137.169,-35.631],[137.17,-35.6294],[137.1731,-35.6293],[137.1759,-35.6283],[137.1754,-35.6273],[137.1796,-35.6268],[137.1815,-35.6251],[137.1807,-35.6244],[137.1817,-35.6225],[137.1851,-35.6212],[137.1875,-35.623],[137.1899,-35.6228],[137.1973,-35.6246],[137.2019,-35.624],[137.2045,-35.6244],[137.2065,-35.622],[137.2079,-35.6223],[137.2111,-35.6187],[137.2106,-35.6172],[137.2139,-35.6168],[137.216,-35.6173],[137.2198,-35.617],[137.2209,-35.6179],[137.2248,-35.6167],[137.2251,-35.6149],[137.227,-35.614],[137.2284,-35.6119],[137.2313,-35.6126],[137.2344,-35.6107],[137.2325,-35.6097],[137.2329,-35.6079],[137.2378,-35.6058],[137.2384,-35.6046],[137.2469,-35.6037],[137.247,-35.6028],[137.2505,-35.6033],[137.2576,-35.6026],[137.259,-35.601],[137.2622,-35.6004],[137.2671,-35.6034],[137.2687,-35.6036],[137.2728,-35.6018],[137.2758,-35.6016],[137.2787,-35.6],[137.2854,-35.5979],[137.2853,-35.5956],[137.2888,-35.5947],[137.2907,-35.5929],[137.2924,-35.5932],[137.2964,-35.5902],[137.3026,-35.5895],[137.3029,-35.5873],[137.3061,-35.5868],[137.306,-35.5843],[137.3096,-35.5806],[137.3126,-35.5795],[137.3201,-35.5792],[137.3211,-35.5784],[137.325,-35.578],[137.3295,-35.5787],[137.3333,-35.58],[137.3362,-35.5799],[137.3404,-35.582],[137.345,-35.5832],[137.3468,-35.5851],[137.3517,-35.5871],[137.3566,-35.5865],[137.3639,-35.5874],[137.3672,-35.587],[137.3683,-35.5861],[137.3722,-35.5856],[137.3767,-35.5867],[137.3788,-35.5881],[137.3841,-35.5906],[137.3913,-35.5902],[137.3964,-35.5892],[137.4073,-35.5877],[137.4131,-35.5881],[137.4204,-35.5894],[137.4259,-35.591],[137.433,-35.5939],[137.4456,-35.5962],[137.4508,-35.5959],[137.4548,-35.5943],[137.4574,-35.5926],[137.4657,-35.5883],[137.4671,-35.5885],[137.4722,-35.5872],[137.4766,-35.5871],[137.4811,-35.5861],[137.4838,-35.5844],[137.485,-35.5811],[137.4863,-35.5814],[137.491,-35.5798],[137.495,-35.581],[137.4963,-35.583],[137.4992,-35.5849],[137.5024,-35.5856],[137.5052,-35.5888],[137.5056,-35.5924],[137.5064,-35.5934],[137.5114,-35.5953],[137.5188,-35.5955],[137.5261,-35.5947],[137.5336,-35.5926],[137.5399,-35.5901],[137.5471,-35.5865],[137.5516,-35.5832],[137.5538,-35.5804],[137.5579,-35.577],[137.5578,-35.5759],[137.5604,-35.5763],[137.5626,-35.5745],[137.563,-35.5725],[137.5643,-35.5713],[137.5671,-35.5714],[137.57,-35.5706],[137.5712,-35.5694],[137.5763,-35.5706],[137.5818,-35.5685],[137.5854,-35.5685],[137.5898,-35.566],[137.5917,-35.5641],[137.5951,-35.5653],[137.5978,-35.5705],[137.6023,-35.5717],[137.6054,-35.5715],[137.6087,-35.5705],[137.6134,-35.5683],[137.6163,-35.5663],[137.6171,-35.5643],[137.623,-35.5614],[137.6292,-35.5644],[137.6321,-35.5637],[137.6342,-35.5655],[137.6344,-35.5678],[137.6336,-35.5701],[137.6317,-35.5708],[137.6305,-35.5735],[137.6302,-35.5764],[137.6308,-35.5852],[137.63,-35.5871],[137.6304,-35.5906],[137.6299,-35.5924],[137.6281,-35.5936],[137.6265,-35.5972],[137.6261,-35.5956],[137.6233,-35.5926],[137.6189,-35.5899],[137.6161,-35.5892],[137.6125,-35.5895],[137.6078,-35.5907],[137.5982,-35.5953],[137.5968,-35.5969],[137.5939,-35.5983],[137.5886,-35.6017],[137.5784,-35.6108],[137.5759,-35.6119],[137.5723,-35.6153],[137.5696,-35.6187],[137.5682,-35.6229],[137.5704,-35.6293],[137.5698,-35.6326],[137.5712,-35.6345],[137.5729,-35.6353],[137.5716,-35.6359],[137.5731,-35.637],[137.575,-35.6355],[137.5781,-35.6369],[137.5778,-35.6395],[137.5805,-35.6415],[137.5832,-35.6424],[137.5901,-35.6432],[137.5952,-35.6425],[137.6024,-35.6404],[137.6129,-35.6376],[137.6165,-35.6361],[137.6198,-35.6366],[137.622,-35.6386],[137.6247,-35.639],[137.6265,-35.6401],[137.6303,-35.6408],[137.6323,-35.6419],[137.639,-35.6417],[137.642,-35.6402],[137.6415,-35.6446],[137.6424,-35.6459],[137.6418,-35.648],[137.643,-35.6507],[137.6424,-35.6521],[137.6442,-35.6542],[137.6406,-35.6557],[137.6397,-35.6573],[137.6349,-35.6606],[137.6312,-35.6604],[137.6278,-35.663],[137.6244,-35.6635],[137.6214,-35.6651],[137.6175,-35.6684],[137.6165,-35.6699],[137.6121,-35.6728],[137.6081,-35.6774],[137.6057,-35.6788],[137.6041,-35.682],[137.604,-35.685],[137.6026,-35.6861],[137.6046,-35.6882],[137.6044,-35.6908],[137.6033,-35.6927],[137.6007,-35.6951],[137.5908,-35.7009],[137.5909,-35.7031],[137.5868,-35.7053],[137.5865,-35.707],[137.5839,-35.7088],[137.5825,-35.7076],[137.5801,-35.7076],[137.5783,-35.7128],[137.5793,-35.7151],[137.5792,-35.7172],[137.5807,-35.7152],[137.5834,-35.7151],[137.5823,-35.7168],[137.5805,-35.717],[137.5807,-35.7183],[137.579,-35.7182],[137.5771,-35.721],[137.5773,-35.7234],[137.5787,-35.7245],[137.5779,-35.7257],[137.5815,-35.7298],[137.5858,-35.7324],[137.591,-35.7343],[137.596,-35.7353],[137.6025,-35.7359],[137.6107,-35.7349],[137.6151,-35.7353],[137.6178,-35.735],[137.6269,-35.7317],[137.6368,-35.7332],[137.6484,-35.7359],[137.6497,-35.7364],[137.6609,-35.7385],[137.6681,-35.7396],[137.6803,-35.7399],[137.6969,-35.7397],[137.7,-35.7389],[137.7059,-35.739],[137.7172,-35.7367],[137.72,-35.7356],[137.7252,-35.7349],[137.7323,-35.7357],[137.7366,-35.7339],[137.7492,-35.7306],[137.7559,-35.7276],[137.7591,-35.7269],[137.7686,-35.723],[137.7803,-35.7239],[137.7809,-35.7254],[137.7843,-35.7273],[137.7839,-35.73],[137.7859,-35.7331],[137.786,-35.735],[137.7877,-35.7361],[137.7913,-35.7369],[137.7927,-35.7382],[137.7926,-35.7426],[137.7932,-35.7454],[137.7944,-35.7465],[137.7985,-35.7478],[137.8019,-35.7517],[137.8031,-35.7557],[137.8033,-35.7581],[137.8006,-35.761],[137.794,-35.7633],[137.7902,-35.7652],[137.7877,-35.7673],[137.7856,-35.7699],[137.7832,-35.7719],[137.7813,-35.7747],[137.7785,-35.7751],[137.7753,-35.7776],[137.7717,-35.7814],[137.7724,-35.7853],[137.7736,-35.7869],[137.7687,-35.7888],[137.7656,-35.7881],[137.759,-35.7903],[137.7579,-35.7929],[137.7553,-35.7934],[137.7546,-35.7951],[137.7498,-35.7976],[137.7492,-35.799],[137.7463,-35.8006],[137.7461,-35.8029],[137.7442,-35.8056],[137.7444,-35.81],[137.7441,-35.8137],[137.746,-35.8187],[137.7456,-35.8204],[137.7461,-35.8233],[137.7483,-35.8237],[137.7495,-35.8229],[137.7514,-35.8249],[137.754,-35.826],[137.7519,-35.8261],[137.7511,-35.8275],[137.7492,-35.8278],[137.7488,-35.829],[137.7502,-35.8307],[137.7492,-35.834],[137.7515,-35.8393],[137.7544,-35.843],[137.7568,-35.8435],[137.7588,-35.8428],[137.7604,-35.8411],[137.7619,-35.8409],[137.7622,-35.8389],[137.7608,-35.8375],[137.7594,-35.8381],[137.7554,-35.8371],[137.7538,-35.8343],[137.756,-35.8322],[137.7577,-35.8334],[137.7598,-35.833],[137.7638,-35.8306],[137.7665,-35.8307],[137.7685,-35.8287],[137.7689,-35.825],[137.7728,-35.8229],[137.7753,-35.8255],[137.7797,-35.8284],[137.7801,-35.8301],[137.7838,-35.8313],[137.7848,-35.8323],[137.7876,-35.8324],[137.7948,-35.8337],[137.7963,-35.8343],[137.7982,-35.8335],[137.7972,-35.8316],[137.7996,-35.8309],[137.8011,-35.8293],[137.803,-35.8292],[137.8036,-35.828],[137.8065,-35.8261],[137.8061,-35.8234],[137.8071,-35.8222],[137.8103,-35.8236],[137.8117,-35.8252],[137.8138,-35.824],[137.8129,-35.8221],[137.8148,-35.822],[137.8143,-35.8205],[137.8123,-35.8194],[137.8113,-35.8158],[137.8081,-35.8134],[137.8054,-35.8126],[137.8028,-35.813],[137.8029,-35.8118],[137.7983,-35.8102],[137.7946,-35.8105],[137.7906,-35.8122],[137.7853,-35.8112],[137.7829,-35.8119],[137.7787,-35.8105],[137.7786,-35.8087],[137.7756,-35.8086],[137.7754,-35.8103],[137.774,-35.8112],[137.7747,-35.8125],[137.7704,-35.8141],[137.7652,-35.8106],[137.7639,-35.8072],[137.7622,-35.8061],[137.7584,-35.806],[137.76,-35.8044],[137.7624,-35.8034],[137.7627,-35.7982],[137.7649,-35.7978],[137.7677,-35.7983],[137.7686,-35.7972],[137.7706,-35.7973],[137.7732,-35.7983],[137.7746,-35.7967],[137.7774,-35.7968],[137.7791,-35.7939],[137.7791,-35.7909],[137.7776,-35.7844],[137.7798,-35.7844],[137.7879,-35.7896],[137.7929,-35.7918],[137.7972,-35.7944],[137.8008,-35.7958],[137.8078,-35.7976],[137.8141,-35.7989],[137.8226,-35.8002],[137.8299,-35.8005],[137.8325,-35.8],[137.834,-35.7982],[137.8423,-35.7973],[137.8479,-35.7962],[137.8522,-35.7949],[137.856,-35.7929],[137.8581,-35.7905],[137.8581,-35.789],[137.8595,-35.7866],[137.863,-35.7841],[137.8662,-35.7798],[137.8653,-35.7786],[137.8666,-35.7765],[137.8721,-35.7747],[137.8749,-35.7729],[137.8752,-35.7715],[137.8815,-35.7656],[137.8846,-35.7644],[137.888,-35.7622],[137.8923,-35.7583],[137.8926,-35.7567],[137.8915,-35.7543],[137.8923,-35.7509],[137.8916,-35.7497],[137.8919,-35.7453],[137.8946,-35.7428],[137.8946,-35.7397],[137.8936,-35.7365],[137.8941,-35.7349],[137.8933,-35.7314],[137.8936,-35.7282],[137.8949,-35.725],[137.8986,-35.7235],[137.9006,-35.7198],[137.9059,-35.7169],[137.9094,-35.7179],[137.9114,-35.7178],[137.9156,-35.7197],[137.9184,-35.7201],[137.923,-35.7193],[137.9276,-35.7197],[137.9337,-35.7183],[137.9356,-35.7183],[137.9343,-35.7168],[137.9354,-35.7163]]],[[[137.7506,-35.8166],[137.7498,-35.8182],[137.7492,-35.8175],[137.7506,-35.8166]]],[[[137.7774,-35.8146],[137.7784,-35.8167],[137.7767,-35.8174],[137.7774,-35.8146]]],[[[137.7711,-35.8155],[137.7708,-35.8161],[137.7702,-35.8154],[137.7711,-35.8155]]],[[[137.7526,-35.8072],[137.7493,-35.8087],[137.7469,-35.8085],[137.7497,-35.8068],[137.752,-35.8035],[137.7526,-35.8072]]],[[[137.6392,-35.6222],[137.641,-35.622],[137.6438,-35.6253],[137.643,-35.6256],[137.6399,-35.6245],[137.6392,-35.6222]]],[[[137.7952,-35.8317],[137.7955,-35.8319],[137.795,-35.8319],[137.7952,-35.8317]]],[[[137.7844,-35.8305],[137.784,-35.8305],[137.7841,-35.8302],[137.7844,-35.8305]]],[[[137.798,-35.8273],[137.7979,-35.8269],[137.7987,-35.8269],[137.798,-35.8273]]],[[[137.7841,-35.8226],[137.7871,-35.8256],[137.7844,-35.8251],[137.7828,-35.8234],[137.7841,-35.8226]]],[[[137.802,-35.8211],[137.8009,-35.8197],[137.8039,-35.8182],[137.8074,-35.8183],[137.8064,-35.8203],[137.804,-35.8214],[137.802,-35.8211]]],[[[137.7871,-35.8171],[137.7866,-35.8167],[137.7871,-35.8166],[137.7871,-35.8171]]],[[[138.2877,-35.7853],[138.2881,-35.7837],[138.2887,-35.7837],[138.2877,-35.7853]]],[[[138.2926,-35.7755],[138.2932,-35.7766],[138.2909,-35.7787],[138.2909,-35.7763],[138.2926,-35.7755]]],[[[138.3009,-35.7599],[138.2998,-35.7581],[138.3035,-35.7592],[138.3009,-35.7599]]],[[[138.5903,-35.6078],[138.5922,-35.6069],[138.594,-35.608],[138.5937,-35.6095],[138.5915,-35.6114],[138.5895,-35.6109],[138.589,-35.6096],[138.5903,-35.6078]]],[[[138.6083,-35.5832],[138.6068,-35.5838],[138.6065,-35.5825],[138.6083,-35.5832]]],[[[138.6449,-35.5775],[138.6433,-35.577],[138.6445,-35.5764],[138.6449,-35.5775]]],[[[138.6349,-35.5647],[138.6326,-35.5653],[138.6307,-35.5669],[138.626,-35.5651],[138.6258,-35.5638],[138.6273,-35.5624],[138.6314,-35.5622],[138.6331,-35.5634],[138.6348,-35.5629],[138.6349,-35.5647]]],[[[138.5954,-35.3907],[138.5989,-35.3926],[138.5999,-35.3948],[138.6022,-35.3941],[138.6027,-35.3931],[138.6057,-35.3922],[138.6077,-35.3909],[138.6112,-35.3895],[138.6158,-35.3917],[138.6174,-35.3932],[138.6197,-35.3915],[138.6259,-35.3946],[138.627,-35.3963],[138.6298,-35.3979],[138.6325,-35.4055],[138.6322,-35.4069],[138.6329,-35.4173],[138.6327,-35.42],[138.6337,-35.4221],[138.6342,-35.4251],[138.6339,-35.4328],[138.6368,-35.4359],[138.6411,-35.4393],[138.6415,-35.4405],[138.641,-35.4452],[138.6426,-35.4479],[138.6434,-35.4548],[138.6423,-35.4563],[138.6453,-35.4599],[138.6496,-35.4619],[138.6491,-35.4676],[138.6474,-35.4683],[138.6448,-35.471],[138.6518,-35.4716],[138.654,-35.4833],[138.6536,-35.4834],[138.6549,-35.4911],[138.6534,-35.4912],[138.6519,-35.4996],[138.6526,-35.4997],[138.6521,-35.5063],[138.6507,-35.5062],[138.6514,-35.5108],[138.6504,-35.5134],[138.6514,-35.5169],[138.6524,-35.5239],[138.6494,-35.5244],[138.6526,-35.5384],[138.6452,-35.5395],[138.6396,-35.542],[138.6365,-35.5422],[138.6315,-35.5438],[138.6293,-35.5458],[138.6254,-35.5505],[138.6252,-35.5525],[138.6261,-35.5569],[138.6255,-35.558],[138.6229,-35.5575],[138.6199,-35.5578],[138.6132,-35.5618],[138.6127,-35.5652],[138.61,-35.5673],[138.6023,-35.5755],[138.5993,-35.5779],[138.5982,-35.5795],[138.5973,-35.5831],[138.5982,-35.5857],[138.6007,-35.5864],[138.6024,-35.5884],[138.6046,-35.5887],[138.606,-35.5903],[138.6057,-35.5922],[138.6038,-35.5943],[138.6023,-35.5947],[138.6001,-35.5923],[138.5912,-35.5951],[138.5902,-35.5967],[138.5835,-35.5998],[138.5816,-35.6018],[138.5824,-35.6037],[138.5808,-35.6058],[138.5798,-35.6051],[138.5741,-35.6059],[138.5707,-35.6072],[138.5696,-35.607],[138.5632,-35.6102],[138.5577,-35.6156],[138.5562,-35.6186],[138.5508,-35.6228],[138.5436,-35.6276],[138.5408,-35.6289],[138.5376,-35.6321],[138.5347,-35.6337],[138.5326,-35.6362],[138.5297,-35.6372],[138.5257,-35.6412],[138.5237,-35.6416],[138.5224,-35.643],[138.5209,-35.6416],[138.5176,-35.6416],[138.5164,-35.64],[138.5068,-35.6365],[138.4988,-35.6349],[138.4945,-35.6335],[138.4885,-35.6326],[138.4837,-35.6323],[138.4796,-35.6348],[138.4763,-35.6338],[138.475,-35.6341],[138.4744,-35.6323],[138.4658,-35.6303],[138.4615,-35.6305],[138.4597,-35.6318],[138.456,-35.6326],[138.4505,-35.6304],[138.4434,-35.6303],[138.4402,-35.631],[138.4373,-35.63],[138.4307,-35.6293],[138.4277,-35.6303],[138.4208,-35.6337],[138.4189,-35.6349],[138.4151,-35.6387],[138.4126,-35.6399],[138.4084,-35.6406],[138.4052,-35.6402],[138.4011,-35.6385],[138.3995,-35.6404],[138.3939,-35.6397],[138.3921,-35.6404],[138.3896,-35.6402],[138.3877,-35.6388],[138.3827,-35.6396],[138.3805,-35.6389],[138.3739,-35.6398],[138.3701,-35.6406],[138.3679,-35.6423],[138.3641,-35.6419],[138.3599,-35.6402],[138.3458,-35.64],[138.3384,-35.6395],[138.3266,-35.6397],[138.3214,-35.6391],[138.3059,-35.6388],[138.3029,-35.6391],[138.3,-35.6382],[138.2954,-35.6396],[138.29,-35.6395],[138.288,-35.6402],[138.2836,-35.6389],[138.2777,-35.6402],[138.2756,-35.6394],[138.2712,-35.641],[138.2655,-35.6415],[138.2625,-35.6429],[138.2622,-35.6439],[138.2587,-35.6477],[138.2548,-35.6499],[138.253,-35.6497],[138.2514,-35.6516],[138.2496,-35.6517],[138.2472,-35.6538],[138.2454,-35.6532],[138.2435,-35.6553],[138.2402,-35.6545],[138.2374,-35.6571],[138.235,-35.6577],[138.2321,-35.6596],[138.2295,-35.6595],[138.2281,-35.6605],[138.2265,-35.6593],[138.2228,-35.6619],[138.2206,-35.6623],[138.2175,-35.6607],[138.2102,-35.6633],[138.2045,-35.6641],[138.2005,-35.6631],[138.1947,-35.6651],[138.1931,-35.6642],[138.1914,-35.6651],[138.1806,-35.6633],[138.1797,-35.6623],[138.1772,-35.6636],[138.1723,-35.6621],[138.1713,-35.6609],[138.1648,-35.6612],[138.1621,-35.6595],[138.1569,-35.6582],[138.1556,-35.6542],[138.1533,-35.6552],[138.1521,-35.654],[138.1504,-35.6549],[138.1472,-35.654],[138.1437,-35.6518],[138.1444,-35.6506],[138.1423,-35.6503],[138.1429,-35.6493],[138.1397,-35.6495],[138.1373,-35.6468],[138.1344,-35.6459],[138.1313,-35.646],[138.1286,-35.6454],[138.1271,-35.6441],[138.1273,-35.6428],[138.1248,-35.6403],[138.1182,-35.6376],[138.1164,-35.6337],[138.1133,-35.6322],[138.1108,-35.6328],[138.1089,-35.6318],[138.1056,-35.6322],[138.1033,-35.6316],[138.0973,-35.6266],[138.0955,-35.6239],[138.096,-35.6217],[138.0952,-35.62],[138.096,-35.6178],[138.0961,-35.614],[138.0956,-35.6103],[138.0944,-35.6081],[138.0948,-35.605],[138.0939,-35.6034],[138.0961,-35.6003],[138.0993,-35.5991],[138.1021,-35.5968],[138.1061,-35.595],[138.1087,-35.5925],[138.1095,-35.5891],[138.111,-35.5886],[138.1155,-35.5819],[138.1158,-35.5792],[138.115,-35.578],[138.1166,-35.5773],[138.1181,-35.5746],[138.1183,-35.5726],[138.1207,-35.5689],[138.1207,-35.5667],[138.1218,-35.5642],[138.1243,-35.5599],[138.1276,-35.5566],[138.1272,-35.5557],[138.129,-35.5546],[138.1328,-35.5509],[138.1341,-35.5508],[138.135,-35.5487],[138.1386,-35.5475],[138.1428,-35.544],[138.1458,-35.5404],[138.1476,-35.5397],[138.1508,-35.537],[138.1512,-35.5342],[138.1535,-35.5327],[138.1534,-35.5319],[138.1579,-35.5303],[138.1623,-35.5262],[138.1655,-35.5194],[138.1692,-35.5183],[138.173,-35.5194],[138.1772,-35.5197],[138.1835,-35.5216],[138.1855,-35.5233],[138.188,-35.524],[138.1939,-35.5237],[138.1961,-35.5227],[138.1987,-35.5204],[138.2011,-35.5199],[138.204,-35.5177],[138.2075,-35.5161],[138.2094,-35.5144],[138.2129,-35.5128],[138.2144,-35.5098],[138.2157,-35.5109],[138.2186,-35.5113],[138.2213,-35.5099],[138.2238,-35.5102],[138.2289,-35.5071],[138.2298,-35.5056],[138.2336,-35.5048],[138.2376,-35.503],[138.2377,-35.5022],[138.2421,-35.5022],[138.2457,-35.5001],[138.2462,-35.4989],[138.2507,-35.4952],[138.2543,-35.4939],[138.2603,-35.4908],[138.2678,-35.4853],[138.2729,-35.4821],[138.2745,-35.4804],[138.2781,-35.4786],[138.2817,-35.4759],[138.2859,-35.4748],[138.2901,-35.4725],[138.2941,-35.4684],[138.2981,-35.4623],[138.2992,-35.4596],[138.3043,-35.45],[138.3098,-35.443],[138.3138,-35.437],[138.3164,-35.4319],[138.3198,-35.4279],[138.322,-35.424],[138.3236,-35.4195],[138.3263,-35.4172],[138.3284,-35.411],[138.3283,-35.4097],[138.3302,-35.4055],[138.332,-35.4042],[138.3345,-35.3998],[138.3366,-35.3981],[138.3385,-35.3954],[138.3413,-35.3929],[138.3476,-35.3906],[138.3511,-35.3874],[138.3544,-35.3859],[138.3567,-35.3838],[138.3592,-35.383],[138.3615,-35.3796],[138.3633,-35.3782],[138.3715,-35.3755],[138.3722,-35.3743],[138.3775,-35.3721],[138.3819,-35.3709],[138.3849,-35.3728],[138.3869,-35.372],[138.3887,-35.37],[138.3952,-35.3678],[138.401,-35.3675],[138.4046,-35.3676],[138.406,-35.3666],[138.4105,-35.3664],[138.4148,-35.3642],[138.4211,-35.3594],[138.4265,-35.3561],[138.4283,-35.3555],[138.4325,-35.3531],[138.4372,-35.3528],[138.4404,-35.3511],[138.4427,-35.3454],[138.443,-35.3425],[138.4459,-35.3439],[138.4484,-35.3445],[138.4516,-35.3465],[138.4531,-35.3483],[138.4576,-35.3502],[138.4619,-35.3503],[138.466,-35.349],[138.4703,-35.3465],[138.4722,-35.3463],[138.4755,-35.3469],[138.4801,-35.3488],[138.4833,-35.3478],[138.4855,-35.3455],[138.4861,-35.3434],[138.4898,-35.3407],[138.4907,-35.3385],[138.4965,-35.3341],[138.4989,-35.3333],[138.5022,-35.3303],[138.5057,-35.3301],[138.5072,-35.3308],[138.5129,-35.328],[138.5122,-35.3247],[138.5131,-35.3237],[138.5163,-35.3227],[138.5201,-35.3242],[138.5211,-35.3304],[138.517,-35.3342],[138.5158,-35.3372],[138.5199,-35.3404],[138.5246,-35.341],[138.5258,-35.343],[138.5251,-35.3464],[138.5264,-35.3539],[138.5253,-35.3553],[138.5373,-35.3552],[138.5355,-35.3571],[138.5351,-35.3594],[138.5396,-35.3598],[138.5409,-35.3617],[138.5447,-35.3608],[138.5522,-35.3566],[138.5591,-35.3544],[138.5632,-35.3549],[138.5668,-35.354],[138.573,-35.353],[138.5761,-35.3515],[138.5785,-35.3541],[138.5818,-35.3532],[138.5871,-35.3562],[138.5862,-35.3598],[138.5891,-35.3641],[138.5907,-35.3696],[138.5879,-35.3724],[138.5877,-35.3743],[138.5845,-35.3752],[138.5823,-35.3775],[138.5831,-35.3785],[138.5865,-35.3803],[138.5872,-35.3818],[138.585,-35.3868],[138.5842,-35.3897],[138.5873,-35.3899],[138.5891,-35.3891],[138.5916,-35.3899],[138.5929,-35.3912],[138.5954,-35.3907]]]]}},{"type":"Feature","properties":{"geoKey":"41190+41960+43220+47910","codes":["41190","41960","43220","47910"]},"geometry":{"type":"Polygon","coordinates":[[[136.479,-33.9989],[136.4756,-33.9996],[136.47,-34.0016],[136.4644,-34.003],[136.4575,-34.004],[136.4539,-34.004],[136.4477,-34.005],[136.4424,-34.0072],[136.4415,-34.0088],[136.4375,-34.0111],[136.4347,-34.0116],[136.4315,-34.0159],[136.4282,-34.0174],[136.4269,-34.0189],[136.4215,-34.0224],[136.4184,-34.024],[136.4182,-34.0248],[136.4141,-34.0268],[136.4112,-34.0287],[136.4091,-34.0327],[136.4048,-34.0357],[136.4016,-34.0385],[136.3987,-34.0416],[136.3915,-34.0468],[136.3894,-34.049],[136.3841,-34.0526],[136.3789,-34.0568],[136.3746,-34.0617],[136.3685,-34.065],[136.3631,-34.0693],[136.3614,-34.0721],[136.3585,-34.0755],[136.3586,-34.0798],[136.3553,-34.0835],[136.3551,-34.0856],[136.3563,-34.0862],[136.356,-34.0887],[136.3515,-34.092],[136.3499,-34.0947],[136.3476,-34.0971],[136.3467,-34.1002],[136.3476,-34.1023],[136.3497,-34.1026],[136.3506,-34.1061],[136.348,-34.111],[136.3478,-34.114],[136.3485,-34.1156],[136.3514,-34.1178],[136.3549,-34.117],[136.3539,-34.1201],[136.3562,-34.1208],[136.3569,-34.1228],[136.3545,-34.1223],[136.3516,-34.1237],[136.3514,-34.1259],[136.3489,-34.1268],[136.3461,-34.1298],[136.3451,-34.1317],[136.3453,-34.1337],[136.3432,-34.135],[136.3435,-34.1383],[136.3419,-34.1402],[136.3429,-34.1421],[136.339,-34.1423],[136.3361,-34.1437],[136.3314,-34.1481],[136.3321,-34.1508],[136.3293,-34.1534],[136.3287,-34.1583],[136.33,-34.1596],[136.3314,-34.1593],[136.3307,-34.1614],[136.3288,-34.1616],[136.3255,-34.1638],[136.325,-34.1679],[136.3252,-34.1701],[136.3231,-34.171],[136.3228,-34.1772],[136.325,-34.1787],[136.3235,-34.1824],[136.3196,-34.1828],[136.3161,-34.1844],[136.3148,-34.1857],[136.3153,-34.1871],[136.3129,-34.187],[136.3117,-34.1879],[136.3125,-34.1911],[136.3096,-34.1923],[136.3082,-34.1919],[136.3005,-34.1961],[136.299,-34.1984],[136.3005,-34.1993],[136.3003,-34.2016],[136.2987,-34.201],[136.2974,-34.2018],[136.2981,-34.2036],[136.2975,-34.2049],[136.2949,-34.2057],[136.2938,-34.207],[136.2938,-34.2098],[136.2903,-34.2114],[136.2887,-34.2141],[136.2872,-34.2152],[136.2852,-34.2145],[136.2838,-34.2163],[136.2857,-34.2176],[136.2821,-34.2208],[136.2803,-34.2201],[136.278,-34.2208],[136.2768,-34.2264],[136.2749,-34.2272],[136.2743,-34.2312],[136.2715,-34.2325],[136.2701,-34.2339],[136.2705,-34.2356],[136.2679,-34.2381],[136.2663,-34.2416],[136.2668,-34.2431],[136.2697,-34.2435],[136.2678,-34.2464],[136.2685,-34.2478],[136.2657,-34.2498],[136.2663,-34.2516],[136.2645,-34.2546],[136.2631,-34.2557],[136.2615,-34.2591],[136.2623,-34.2633],[136.2605,-34.2662],[136.2598,-34.2689],[136.2562,-34.2699],[136.2524,-34.2734],[136.2529,-34.2755],[136.2502,-34.2766],[136.249,-34.2786],[136.2476,-34.2789],[136.2457,-34.2834],[136.2443,-34.2838],[136.2421,-34.2865],[136.2402,-34.2874],[136.2399,-34.289],[136.2364,-34.2918],[136.2336,-34.2961],[136.2299,-34.2996],[136.2265,-34.3019],[136.2202,-34.3089],[136.215,-34.3133],[136.2064,-34.319],[136.2037,-34.3214],[136.1978,-34.3275],[136.1911,-34.3327],[136.1878,-34.3348],[136.1802,-34.338],[136.1786,-34.3391],[136.1741,-34.34],[136.1683,-34.34],[136.1646,-34.3394],[136.1559,-34.3389],[136.1464,-34.3397],[136.1385,-34.3411],[136.1311,-34.3437],[136.1282,-34.3454],[136.1195,-34.3517],[136.1167,-34.3544],[136.1124,-34.3591],[136.1084,-34.3653],[136.1051,-34.3722],[136.1035,-34.3774],[136.1038,-34.3825],[136.1054,-34.3854],[136.1081,-34.3878],[136.1107,-34.3865],[136.1129,-34.3889],[136.1137,-34.3933],[136.1155,-34.3988],[136.1177,-34.4019],[136.1213,-34.4044],[136.1288,-34.4056],[136.1299,-34.4078],[136.1283,-34.4073],[136.1252,-34.4077],[136.1227,-34.4069],[136.1194,-34.4071],[136.1164,-34.4084],[136.1114,-34.4127],[136.1095,-34.4156],[136.1067,-34.4222],[136.1055,-34.4217],[136.1027,-34.4179],[136.1029,-34.42],[136.1002,-34.4188],[136.0981,-34.4231],[136.0918,-34.4296],[136.0923,-34.4313],[136.0953,-34.4327],[136.1046,-34.4326],[136.1072,-34.4306],[136.1074,-34.4281],[136.1084,-34.4261],[136.1113,-34.4247],[136.1164,-34.4255],[136.1165,-34.4298],[136.1195,-34.4338],[136.1175,-34.4355],[136.1169,-34.4377],[136.1188,-34.4397],[136.1183,-34.4434],[136.115,-34.446],[136.1141,-34.4509],[136.1152,-34.4538],[136.1141,-34.4583],[136.1146,-34.4613],[136.116,-34.4638],[136.1189,-34.4649],[136.1218,-34.4674],[136.1185,-34.4696],[136.1165,-34.4704],[136.1119,-34.4737],[136.1102,-34.4773],[136.1097,-34.481],[136.1108,-34.4842],[136.1133,-34.4861],[136.1162,-34.4855],[136.1163,-34.4878],[136.1175,-34.4893],[136.1159,-34.4907],[136.116,-34.4934],[136.1172,-34.4942],[136.1156,-34.4973],[136.1141,-34.4979],[136.1128,-34.4997],[136.1117,-34.5043],[136.1124,-34.5071],[136.1109,-34.5096],[136.1101,-34.5134],[136.1125,-34.5156],[136.1102,-34.5166],[136.1061,-34.5194],[136.0994,-34.5218],[136.0963,-34.5246],[136.0956,-34.5282],[136.0982,-34.53],[136.0986,-34.5327],[136.0961,-34.5347],[136.0956,-34.5393],[136.0936,-34.5401],[136.0915,-34.5431],[136.0888,-34.5438],[136.0849,-34.5399],[136.0861,-34.538],[136.086,-34.5344],[136.0836,-34.5321],[136.085,-34.5306],[136.0883,-34.5289],[136.0904,-34.5285],[136.092,-34.5266],[136.0922,-34.5244],[136.0913,-34.5208],[136.0889,-34.5169],[136.0834,-34.5128],[136.0819,-34.5105],[136.0794,-34.5086],[136.0736,-34.5068],[136.0735,-34.5058],[136.0757,-34.5059],[136.0802,-34.5033],[136.0835,-34.5005],[136.0841,-34.4982],[136.0821,-34.494],[136.0792,-34.491],[136.0767,-34.4863],[136.0707,-34.4833],[136.0659,-34.4823],[136.0621,-34.4798],[136.0563,-34.479],[136.046,-34.4791],[136.038,-34.4799],[136.035,-34.4804],[136.0349,-34.4774],[136.0012,-34.4774],[135.9131,-34.4774],[135.8498,-34.4773],[135.7859,-34.4773],[135.7774,-34.4773],[135.7775,-34.4001],[135.7774,-34.3456],[135.7774,-34.2921],[135.7775,-34.2916],[135.7777,-34.1698],[135.7776,-34.0911],[135.7779,-34.0909],[135.7777,-34.0795],[135.7777,-34.0105],[135.778,-33.9985],[135.7777,-33.9817],[135.7776,-33.9682],[135.7776,-33.9412],[135.7777,-33.9386],[135.7774,-33.9373],[135.7775,-33.9241],[135.7774,-33.8501],[135.9076,-33.8502],[135.9075,-33.8212],[135.9077,-33.8212],[135.9078,-33.7863],[135.9077,-33.7803],[135.9076,-33.7041],[135.9074,-33.7039],[135.9074,-33.6617],[135.907,-33.5213],[135.9071,-33.4986],[135.9069,-33.4877],[135.9081,-33.3312],[135.8849,-33.3312],[135.8849,-33.3018],[135.8846,-33.3016],[135.8856,-33.2891],[135.8844,-33.2844],[135.8853,-33.2824],[135.8846,-33.2554],[135.8869,-33.2503],[135.8866,-33.2448],[135.8903,-33.2405],[135.8912,-33.2374],[135.8938,-33.234],[135.8966,-33.2324],[135.9008,-33.2285],[135.9109,-33.2142],[135.915,-33.2109],[135.9255,-33.2058],[135.9261,-33.2053],[135.9356,-33.1912],[135.9373,-33.1902],[135.9465,-33.1826],[135.9577,-33.1698],[135.9618,-33.1672],[135.9629,-33.1634],[135.9619,-33.1566],[135.9623,-33.1564],[135.9604,-33.1437],[135.9612,-33.1382],[135.9599,-33.1364],[135.9612,-33.1337],[136.0013,-33.1334],[136.0013,-33.0543],[135.8256,-33.0555],[135.7337,-33.056],[135.7337,-33.0559],[135.701,-33.056],[135.7007,-33.0561],[135.6533,-33.0564],[135.6531,-33.0357],[135.6531,-32.9928],[135.6532,-32.9925],[135.6531,-32.9111],[135.5902,-32.9114],[135.5927,-32.9267],[135.5946,-32.9325],[135.597,-32.934],[135.5961,-32.9363],[135.5717,-32.9364],[135.5716,-32.9115],[135.4808,-32.912],[135.4807,-32.8642],[135.4808,-32.8315],[135.4804,-32.8175],[135.4804,-32.8079],[135.4798,-32.8068],[135.4805,-32.8061],[135.4804,-32.7673],[135.7129,-32.7663],[135.713,-32.7812],[135.7371,-32.781],[135.7432,-32.7876],[135.7823,-32.7975],[135.7917,-32.7025],[135.6952,-32.6991],[135.7044,-32.6349],[135.7165,-32.6025],[135.8242,-32.6022],[135.8348,-32.6072],[135.8376,-32.6186],[135.8417,-32.6245],[135.9049,-32.6247],[135.9046,-32.6264],[135.9413,-32.6274],[135.9534,-32.6266],[136.0015,-32.616],[136.0161,-32.6119],[136.1862,-32.6139],[136.1867,-32.622],[136.1981,-32.6216],[136.2036,-32.6309],[136.2061,-32.7426],[136.2532,-32.7421],[136.2532,-32.7423],[136.2536,-32.815],[136.2621,-32.8204],[136.3139,-32.8246],[136.3209,-32.8218],[136.3352,-32.819],[136.3379,-32.8182],[136.3518,-32.8155],[136.3641,-32.8125],[136.3703,-32.8113],[136.3703,-32.819],[136.3698,-32.8215],[136.3699,-32.8257],[136.3918,-32.8259],[136.3978,-32.8319],[136.4013,-32.8341],[136.4051,-32.8387],[136.409,-32.8414],[136.4178,-32.8488],[136.4199,-32.8482],[136.4232,-32.8526],[136.4253,-32.854],[136.4313,-32.8546],[136.4388,-32.8547],[136.4386,-32.8623],[136.453,-32.8811],[136.4612,-32.881],[136.4597,-32.8908],[136.4577,-32.9069],[136.4785,-32.9069],[136.4816,-32.9121],[136.485,-32.9194],[136.4904,-32.9271],[136.4965,-32.9381],[136.507,-32.95],[136.51,-32.95],[136.5098,-33.0251],[136.5629,-33.0254],[136.5858,-33.0254],[136.5761,-33.0177],[136.5753,-33.0153],[136.5769,-33.0126],[136.5773,-33.0085],[136.5751,-33.0064],[136.5705,-33.0051],[136.5716,-33.003],[136.5763,-33.0025],[136.5781,-33.0001],[136.5819,-33.0],[136.5852,-32.9969],[136.5876,-32.9964],[136.5907,-32.9967],[136.5948,-32.9987],[136.5973,-32.9971],[136.5986,-32.9951],[136.5986,-33.0355],[136.5983,-33.0518],[136.5983,-33.1237],[136.5991,-33.1251],[136.6644,-33.125],[136.6644,-33.1244],[136.7685,-33.1241],[136.8094,-33.1241],[136.8109,-33.1243],[136.8106,-33.327],[136.9056,-33.3269],[137.0129,-33.3267],[137.0647,-33.3266],[137.0647,-33.3267],[137.1016,-33.3265],[137.19,-33.3263],[137.2364,-33.3262],[137.2364,-33.3264],[137.2791,-33.3262],[137.307,-33.3261],[137.3783,-33.3259],[137.3806,-33.3289],[137.3798,-33.334],[137.378,-33.3391],[137.3784,-33.342],[137.3772,-33.3442],[137.3789,-33.3475],[137.3788,-33.3516],[137.3803,-33.3548],[137.3793,-33.3564],[137.3792,-33.3607],[137.3806,-33.3635],[137.3805,-33.3656],[137.3823,-33.3697],[137.3856,-33.3717],[137.3842,-33.3775],[137.378,-33.3846],[137.3778,-33.3914],[137.3754,-33.3937],[137.3757,-33.3951],[137.3745,-33.3984],[137.3706,-33.4015],[137.3657,-33.407],[137.3639,-33.4118],[137.3623,-33.4125],[137.3607,-33.4148],[137.3602,-33.4215],[137.3594,-33.4241],[137.358,-33.425],[137.3595,-33.4258],[137.3601,-33.4241],[137.363,-33.4263],[137.3614,-33.4272],[137.3613,-33.4257],[137.3598,-33.4266],[137.3586,-33.4289],[137.3586,-33.4328],[137.3591,-33.4357],[137.3605,-33.4386],[137.3591,-33.4401],[137.3567,-33.4401],[137.3542,-33.4438],[137.3461,-33.4487],[137.3414,-33.4526],[137.3365,-33.4557],[137.3346,-33.4583],[137.3283,-33.4587],[137.3255,-33.4594],[137.3251,-33.4625],[137.322,-33.4654],[137.3203,-33.4685],[137.3183,-33.4691],[137.3147,-33.4714],[137.3129,-33.4752],[137.3107,-33.4777],[137.3105,-33.4806],[137.3076,-33.4856],[137.3038,-33.4893],[137.3054,-33.4895],[137.3028,-33.4947],[137.3045,-33.4964],[137.3051,-33.4998],[137.3032,-33.5013],[137.3,-33.5024],[137.296,-33.5057],[137.2943,-33.5105],[137.2946,-33.5124],[137.2931,-33.5145],[137.2935,-33.5153],[137.2896,-33.5239],[137.2891,-33.527],[137.29,-33.5269],[137.288,-33.5308],[137.291,-33.5345],[137.2901,-33.5388],[137.289,-33.5401],[137.287,-33.5395],[137.2872,-33.5362],[137.286,-33.5378],[137.2857,-33.5409],[137.2863,-33.5424],[137.2841,-33.5464],[137.2836,-33.549],[137.2808,-33.5549],[137.2785,-33.5609],[137.2798,-33.562],[137.278,-33.5663],[137.2755,-33.5685],[137.2766,-33.5687],[137.2757,-33.5705],[137.2734,-33.5698],[137.2705,-33.5717],[137.2681,-33.5743],[137.2639,-33.5777],[137.2613,-33.5826],[137.2633,-33.5818],[137.2617,-33.5852],[137.258,-33.5889],[137.2607,-33.5886],[137.26,-33.5902],[137.2586,-33.5904],[137.2594,-33.5922],[137.2578,-33.5949],[137.2552,-33.597],[137.2559,-33.5987],[137.2547,-33.6007],[137.2523,-33.6085],[137.2495,-33.6087],[137.2493,-33.612],[137.2435,-33.6198],[137.2418,-33.6213],[137.2401,-33.6242],[137.237,-33.6268],[137.2365,-33.6285],[137.2339,-33.6327],[137.2321,-33.6324],[137.2269,-33.6372],[137.2261,-33.6395],[137.2235,-33.6445],[137.223,-33.6483],[137.2189,-33.6537],[137.2162,-33.658],[137.212,-33.6621],[137.2095,-33.6636],[137.2046,-33.6642],[137.2017,-33.6655],[137.1976,-33.6664],[137.1889,-33.6708],[137.1821,-33.6732],[137.1807,-33.6745],[137.1772,-33.68],[137.1754,-33.6842],[137.1727,-33.6875],[137.1679,-33.6904],[137.1559,-33.6929],[137.1474,-33.6961],[137.1405,-33.6977],[137.1343,-33.6986],[137.1296,-33.6989],[137.1266,-33.7004],[137.1243,-33.7007],[137.1219,-33.6999],[137.118,-33.6995],[137.1159,-33.7002],[137.1101,-33.6994],[137.104,-33.6994],[137.0935,-33.7013],[137.0854,-33.7004],[137.079,-33.6993],[137.078,-33.6982],[137.0697,-33.6987],[137.0693,-33.7003],[137.0625,-33.7005],[137.0615,-33.7023],[137.0573,-33.7041],[137.0547,-33.7062],[137.0516,-33.7069],[137.0419,-33.707],[137.0373,-33.708],[137.0347,-33.7098],[137.0266,-33.7189],[137.0255,-33.7197],[137.0153,-33.722],[137.0084,-33.7229],[136.9977,-33.7253],[136.9917,-33.7248],[136.9903,-33.7262],[136.9699,-33.7404],[136.9692,-33.7426],[136.9652,-33.7447],[136.9596,-33.7495],[136.9528,-33.7545],[136.9503,-33.7559],[136.9451,-33.7577],[136.9404,-33.7597],[136.9351,-33.7627],[136.9292,-33.7654],[136.9237,-33.7676],[136.9196,-33.7688],[136.9151,-33.7719],[136.9077,-33.7755],[136.9007,-33.7786],[136.892,-33.7817],[136.8831,-33.7844],[136.8785,-33.7861],[136.8726,-33.7895],[136.8687,-33.7923],[136.8572,-33.7984],[136.8531,-33.7996],[136.851,-33.7991],[136.8464,-33.7993],[136.8456,-33.8009],[136.8423,-33.8003],[136.8359,-33.7997],[136.8253,-33.7996],[136.8176,-33.8002],[136.8124,-33.8012],[136.8096,-33.8011],[136.7996,-33.8033],[136.7977,-33.8046],[136.7956,-33.8085],[136.7899,-33.8115],[136.7872,-33.8137],[136.786,-33.8161],[136.7796,-33.822],[136.7787,-33.8237],[136.7788,-33.8273],[136.7797,-33.8289],[136.778,-33.8312],[136.7675,-33.8302],[136.7607,-33.8303],[136.7503,-33.8309],[136.7401,-33.8322],[136.7326,-33.8343],[136.7278,-33.8364],[136.7215,-33.8405],[136.7156,-33.8466],[136.7096,-33.8511],[136.708,-33.8515],[136.7055,-33.8535],[136.7017,-33.8555],[136.7013,-33.8581],[136.6987,-33.861],[136.6912,-33.8657],[136.6871,-33.8669],[136.6849,-33.867],[136.681,-33.8694],[136.6781,-33.8703],[136.676,-33.8718],[136.676,-33.874],[136.6738,-33.876],[136.6708,-33.8774],[136.6645,-33.8803],[136.6598,-33.8805],[136.652,-33.883],[136.6447,-33.8873],[136.6394,-33.8877],[136.636,-33.8874],[136.626,-33.8889],[136.6216,-33.89],[136.6153,-33.8937],[136.6114,-33.8954],[136.6049,-33.8966],[136.6021,-33.8966],[136.5972,-33.8978],[136.5937,-33.8991],[136.5898,-33.9021],[136.5891,-33.9045],[136.5871,-33.9063],[136.5858,-33.9086],[136.586,-33.9111],[136.585,-33.9123],[136.586,-33.9139],[136.5832,-33.9123],[136.5802,-33.9131],[136.5761,-33.9163],[136.5741,-33.9189],[136.572,-33.9242],[136.5723,-33.9271],[136.5742,-33.9309],[136.578,-33.9317],[136.5764,-33.936],[136.5764,-33.9381],[136.5779,-33.9384],[136.577,-33.9416],[136.5713,-33.9453],[136.5672,-33.9458],[136.5621,-33.9471],[136.5582,-33.9486],[136.5546,-33.9509],[136.5526,-33.9542],[136.5525,-33.9565],[136.5423,-33.9621],[136.5368,-33.9645],[136.5349,-33.9664],[136.53,-33.9698],[136.5262,-33.9715],[136.5219,-33.975],[136.5147,-33.979],[136.5119,-33.9811],[136.5069,-33.9861],[136.5049,-33.9886],[136.4998,-33.991],[136.4973,-33.9927],[136.4956,-33.993],[136.4895,-33.9957],[136.4849,-33.9969],[136.479,-33.9989]]]}},{"type":"Feature","properties":{"geoKey":"40150+43650","codes":["40150","43650"]},"geometry":{"type":"Polygon","coordinates":[[[138.4326,-34.6688],[138.4306,-34.6682],[138.43,-34.6641],[138.4316,-34.6626],[138.4344,-34.6585],[138.4348,-34.656],[138.4362,-34.6539],[138.4396,-34.6536],[138.441,-34.6551],[138.4451,-34.6547],[138.4458,-34.6534],[138.4422,-34.646],[138.4348,-34.6341],[138.4346,-34.6312],[138.4335,-34.6317],[138.4319,-34.6285],[138.4307,-34.6279],[138.4266,-34.6227],[138.4224,-34.6201],[138.4179,-34.6221],[138.4145,-34.6218],[138.4132,-34.6209],[138.4159,-34.62],[138.415,-34.6195],[138.4129,-34.6156],[138.4143,-34.6144],[138.4118,-34.6131],[138.4142,-34.6117],[138.4127,-34.608],[138.4098,-34.6034],[138.4078,-34.6014],[138.4069,-34.5991],[138.4008,-34.5978],[138.3996,-34.5986],[138.3965,-34.5973],[138.3939,-34.5969],[138.3892,-34.5937],[138.39,-34.591],[138.388,-34.592],[138.3865,-34.5908],[138.3867,-34.5896],[138.3834,-34.5898],[138.3843,-34.5878],[138.3823,-34.5874],[138.3796,-34.5857],[138.3742,-34.585],[138.3741,-34.5824],[138.3714,-34.5821],[138.3691,-34.5796],[138.3643,-34.5781],[138.3646,-34.5751],[138.362,-34.5745],[138.3621,-34.5705],[138.3564,-34.5651],[138.3525,-34.5631],[138.3509,-34.5589],[138.3495,-34.5575],[138.3501,-34.5533],[138.3485,-34.5498],[138.3466,-34.5436],[138.342,-34.5339],[138.3408,-34.5329],[138.3367,-34.5269],[138.3351,-34.5239],[138.332,-34.5202],[138.3276,-34.5167],[138.3148,-34.5118],[138.3092,-34.5091],[138.3042,-34.5057],[138.2991,-34.5001],[138.2978,-34.4982],[138.2916,-34.4929],[138.2844,-34.4887],[138.2783,-34.4863],[138.2706,-34.4818],[138.2665,-34.478],[138.2637,-34.4737],[138.2601,-34.4615],[138.2617,-34.46],[138.26,-34.458],[138.2615,-34.4545],[138.2614,-34.4516],[138.2603,-34.4472],[138.258,-34.4337],[138.257,-34.4302],[138.2542,-34.4243],[138.252,-34.4206],[138.2493,-34.4128],[138.2483,-34.406],[138.2475,-34.4023],[138.2442,-34.3947],[138.2429,-34.3924],[138.2402,-34.3857],[138.2277,-34.3703],[138.2252,-34.3659],[138.2274,-34.3602],[138.2306,-34.3479],[138.2309,-34.3444],[138.284,-34.3444],[138.3042,-34.3464],[138.3224,-34.3461],[138.3856,-34.3453],[138.4037,-34.3449],[138.4567,-34.3449],[138.5099,-34.3449],[138.538,-34.3449],[138.6116,-34.3449],[138.6237,-34.3743],[138.6295,-34.3887],[138.6304,-34.3891],[138.6312,-34.3877],[138.6312,-34.3837],[138.6327,-34.3827],[138.6366,-34.3819],[138.6362,-34.379],[138.6368,-34.3783],[138.639,-34.379],[138.6396,-34.3804],[138.6419,-34.3803],[138.6431,-34.3783],[138.6453,-34.3786],[138.6473,-34.3799],[138.6511,-34.3791],[138.6543,-34.3772],[138.6562,-34.3772],[138.6572,-34.376],[138.6561,-34.3731],[138.6585,-34.3716],[138.6622,-34.3681],[138.6632,-34.3656],[138.6655,-34.3633],[138.6662,-34.3615],[138.6678,-34.3611],[138.6708,-34.3627],[138.6729,-34.3616],[138.6751,-34.3624],[138.6788,-34.3626],[138.6817,-34.36],[138.6829,-34.3614],[138.6822,-34.3646],[138.6849,-34.3658],[138.6888,-34.3656],[138.6889,-34.3637],[138.6902,-34.3626],[138.695,-34.3611],[138.6973,-34.3609],[138.7007,-34.3616],[138.7016,-34.3593],[138.7047,-34.3585],[138.7064,-34.3582],[138.7114,-34.3595],[138.7147,-34.3614],[138.718,-34.3609],[138.7191,-34.3636],[138.7182,-34.3646],[138.7206,-34.3653],[138.7216,-34.3665],[138.7207,-34.3678],[138.7219,-34.3695],[138.7288,-34.3692],[138.7302,-34.3705],[138.7332,-34.3677],[138.7346,-34.3672],[138.7384,-34.3686],[138.7401,-34.3669],[138.7388,-34.3651],[138.7384,-34.3621],[138.7397,-34.3616],[138.7419,-34.3627],[138.7465,-34.3634],[138.7475,-34.3661],[138.7519,-34.3661],[138.7536,-34.365],[138.7562,-34.3658],[138.7614,-34.3652],[138.7642,-34.3622],[138.7644,-34.3591],[138.7685,-34.355],[138.7723,-34.3539],[138.7744,-34.3505],[138.7782,-34.347],[138.7807,-34.3441],[138.7847,-34.3414],[138.7865,-34.3367],[138.7872,-34.3337],[138.7874,-34.3295],[138.7865,-34.318],[138.7794,-34.2983],[138.8203,-34.3],[138.837,-34.3006],[138.8388,-34.2958],[138.8397,-34.2966],[138.8408,-34.284],[138.8393,-34.2811],[138.8394,-34.2742],[138.8383,-34.2662],[138.8367,-34.2629],[138.8327,-34.264],[138.8327,-34.261],[138.8338,-34.2598],[138.8337,-34.2533],[138.8333,-34.2503],[138.8309,-34.2443],[138.8278,-34.2411],[138.8272,-34.2383],[138.8278,-34.2359],[138.8279,-34.2312],[138.839,-34.2317],[138.8408,-34.2211],[138.8319,-34.2197],[138.8315,-34.2184],[138.8286,-34.2167],[138.8283,-34.2118],[138.8358,-34.2124],[138.8384,-34.1935],[138.8648,-34.1935],[138.8648,-34.1883],[138.8903,-34.1884],[138.9029,-34.1876],[138.9029,-34.1919],[138.9092,-34.191],[138.9091,-34.1978],[138.9269,-34.198],[138.9654,-34.1934],[138.9716,-34.1936],[138.9704,-34.1979],[138.9687,-34.1988],[138.9658,-34.2018],[138.9728,-34.2183],[138.9753,-34.2261],[138.9753,-34.2288],[138.9781,-34.2528],[138.979,-34.2548],[138.9836,-34.2534],[138.9854,-34.2544],[138.9838,-34.2565],[138.984,-34.2585],[138.9865,-34.2582],[138.9871,-34.2563],[138.9911,-34.254],[138.993,-34.2541],[138.9957,-34.2564],[138.9978,-34.2559],[138.9987,-34.2529],[139.001,-34.2488],[139.005,-34.2445],[139.0071,-34.2431],[139.0092,-34.2431],[139.0092,-34.246],[139.013,-34.246],[139.0142,-34.2444],[139.0181,-34.2423],[139.0193,-34.2445],[139.0222,-34.2449],[139.0261,-34.243],[139.0303,-34.2423],[139.0393,-34.2428],[139.043,-34.2421],[139.0442,-34.244],[139.0485,-34.2448],[139.0479,-34.2478],[139.0485,-34.2496],[139.0502,-34.2501],[139.0502,-34.252],[139.0485,-34.2536],[139.0495,-34.2557],[139.0482,-34.2581],[139.0482,-34.2607],[139.0461,-34.2602],[139.0449,-34.2609],[139.0454,-34.2634],[139.047,-34.2641],[139.0487,-34.2673],[139.0471,-34.269],[139.0443,-34.2702],[139.0443,-34.2718],[139.0415,-34.2735],[139.0433,-34.2822],[139.0419,-34.2839],[139.0404,-34.2896],[139.0428,-34.291],[139.0393,-34.2938],[139.0358,-34.2971],[139.0362,-34.2983],[139.0351,-34.3006],[139.0359,-34.3034],[139.0342,-34.3067],[139.1274,-34.315],[139.1223,-34.3181],[139.1158,-34.3189],[139.1132,-34.32],[139.1096,-34.3253],[139.1078,-34.3254],[139.105,-34.33],[139.106,-34.332],[139.1044,-34.3344],[139.1074,-34.3371],[139.1087,-34.3437],[139.1104,-34.3482],[139.1138,-34.3484],[139.1142,-34.3499],[139.1168,-34.3517],[139.1159,-34.3548],[139.1143,-34.3554],[139.1152,-34.3582],[139.1142,-34.3606],[139.1128,-34.3619],[139.1151,-34.3644],[139.1142,-34.3732],[139.1123,-34.3789],[139.1108,-34.3798],[139.1087,-34.3824],[139.1049,-34.3821],[139.1005,-34.3835],[139.0983,-34.3855],[139.0989,-34.389],[139.0984,-34.393],[139.0963,-34.3946],[139.0961,-34.3958],[139.0938,-34.401],[139.0967,-34.4014],[139.1,-34.404],[139.1004,-34.4058],[139.0989,-34.4097],[139.1013,-34.4117],[139.0796,-34.42],[139.0576,-34.4245],[139.0388,-34.4359],[139.0113,-34.4529],[139.002,-34.4585],[138.9901,-34.4548],[138.9732,-34.4499],[138.9749,-34.4607],[138.9782,-34.4664],[138.9715,-34.4815],[138.9697,-34.4863],[138.9765,-34.4883],[138.9781,-34.4893],[138.9768,-34.4907],[138.9768,-34.4929],[138.9745,-34.4952],[138.9718,-34.4965],[138.9701,-34.4988],[138.971,-34.5011],[138.9711,-34.5038],[138.9703,-34.5071],[138.9672,-34.507],[138.9669,-34.5063],[138.9633,-34.5062],[138.9594,-34.5113],[138.9595,-34.5149],[138.9575,-34.5163],[138.9549,-34.5195],[138.952,-34.5216],[138.951,-34.5241],[138.9492,-34.5261],[138.9495,-34.528],[138.948,-34.5297],[138.9488,-34.5316],[138.9454,-34.5344],[138.9387,-34.5354],[138.9366,-34.5388],[138.9468,-34.5431],[138.9451,-34.5475],[138.944,-34.5478],[138.9434,-34.5505],[138.9421,-34.5513],[138.9404,-34.555],[138.9362,-34.5565],[138.936,-34.559],[138.9326,-34.5596],[138.9309,-34.5608],[138.9307,-34.5621],[138.9288,-34.5642],[138.9289,-34.5657],[138.927,-34.5678],[138.9278,-34.5696],[138.9262,-34.5736],[138.927,-34.5751],[138.9264,-34.5773],[138.9248,-34.579],[138.9248,-34.5832],[138.9196,-34.585],[138.9184,-34.5839],[138.9157,-34.5845],[138.915,-34.5831],[138.916,-34.58],[138.9146,-34.5789],[138.9142,-34.5755],[138.9136,-34.5768],[138.9098,-34.5769],[138.9042,-34.574],[138.9022,-34.5724],[138.9011,-34.5691],[138.9001,-34.5683],[138.8986,-34.5695],[138.896,-34.5677],[138.896,-34.5688],[138.8922,-34.5714],[138.8912,-34.5694],[138.8886,-34.5713],[138.8874,-34.5706],[138.8849,-34.5719],[138.8826,-34.5721],[138.8823,-34.5731],[138.8791,-34.5736],[138.8766,-34.5732],[138.8748,-34.5743],[138.8737,-34.5739],[138.8736,-34.5716],[138.8726,-34.5699],[138.8702,-34.5688],[138.8687,-34.567],[138.8691,-34.5644],[138.8687,-34.5601],[138.8714,-34.5591],[138.8722,-34.558],[138.8715,-34.5565],[138.8698,-34.5566],[138.8686,-34.5583],[138.8673,-34.5582],[138.8674,-34.5548],[138.8665,-34.5537],[138.8616,-34.5535],[138.8614,-34.5492],[138.8602,-34.5487],[138.8577,-34.5508],[138.8539,-34.5505],[138.8562,-34.5526],[138.8545,-34.5541],[138.8525,-34.5533],[138.8512,-34.5549],[138.8519,-34.5572],[138.8492,-34.5555],[138.8447,-34.5538],[138.8432,-34.5543],[138.8401,-34.553],[138.8371,-34.5544],[138.8383,-34.5552],[138.8358,-34.5561],[138.833,-34.5543],[138.8317,-34.5551],[138.831,-34.5593],[138.8323,-34.5644],[138.8306,-34.5669],[138.8286,-34.568],[138.8285,-34.5698],[138.8269,-34.5704],[138.8234,-34.569],[138.8252,-34.5668],[138.8253,-34.5647],[138.8205,-34.5635],[138.8213,-34.562],[138.8193,-34.5607],[138.8164,-34.5625],[138.8133,-34.5626],[138.8133,-34.5578],[138.8101,-34.5589],[138.8079,-34.5577],[138.8073,-34.5604],[138.8022,-34.561],[138.8006,-34.5588],[138.8043,-34.5579],[138.8057,-34.5567],[138.8059,-34.5549],[138.8042,-34.5513],[138.8031,-34.5507],[138.7983,-34.551],[138.7964,-34.5521],[138.7944,-34.5511],[138.7932,-34.5522],[138.7941,-34.5538],[138.7963,-34.5544],[138.7954,-34.5556],[138.7932,-34.5561],[138.7923,-34.5574],[138.7895,-34.5562],[138.7882,-34.5564],[138.7888,-34.5597],[138.7912,-34.5606],[138.7899,-34.5629],[138.7862,-34.5625],[138.7812,-34.5607],[138.7753,-34.5601],[138.7728,-34.5609],[138.7717,-34.5628],[138.77,-34.5637],[138.7688,-34.5659],[138.7704,-34.567],[138.7692,-34.5691],[138.7664,-34.5687],[138.7653,-34.5699],[138.7639,-34.5691],[138.7617,-34.5696],[138.7628,-34.5719],[138.7599,-34.5728],[138.7582,-34.5752],[138.7582,-34.5766],[138.7515,-34.5785],[138.752,-34.5809],[138.7548,-34.5812],[138.7561,-34.5831],[138.7584,-34.5835],[138.757,-34.5868],[138.7556,-34.5882],[138.7536,-34.5874],[138.751,-34.5877],[138.7483,-34.5871],[138.7464,-34.5717],[138.7325,-34.584],[138.7316,-34.586],[138.7312,-34.5914],[138.7262,-34.6022],[138.7255,-34.6053],[138.7293,-34.6078],[138.7266,-34.6077],[138.7266,-34.6089],[138.7241,-34.6098],[138.723,-34.6122],[138.7202,-34.6111],[138.7191,-34.6121],[138.7171,-34.6112],[138.7164,-34.6096],[138.7144,-34.6117],[138.715,-34.6127],[138.717,-34.6123],[138.7156,-34.6152],[138.7131,-34.6129],[138.712,-34.6147],[138.7096,-34.6151],[138.7111,-34.6172],[138.7097,-34.6173],[138.7078,-34.6155],[138.7042,-34.6147],[138.705,-34.6163],[138.7037,-34.618],[138.7022,-34.617],[138.7021,-34.6152],[138.6996,-34.6151],[138.7,-34.6166],[138.6938,-34.6179],[138.6921,-34.6166],[138.6902,-34.6175],[138.6892,-34.6159],[138.6883,-34.6175],[138.6861,-34.6168],[138.6848,-34.618],[138.6837,-34.6154],[138.6827,-34.6158],[138.6795,-34.6157],[138.6793,-34.6135],[138.6771,-34.6152],[138.6756,-34.6141],[138.6744,-34.6153],[138.6711,-34.616],[138.6688,-34.613],[138.6668,-34.6146],[138.6695,-34.6177],[138.6683,-34.618],[138.6675,-34.6202],[138.6642,-34.6194],[138.6622,-34.6202],[138.6613,-34.6236],[138.6575,-34.6217],[138.6552,-34.622],[138.6547,-34.6232],[138.6505,-34.6242],[138.6518,-34.6257],[138.6502,-34.6256],[138.6521,-34.6274],[138.6502,-34.6278],[138.6486,-34.6292],[138.646,-34.629],[138.6464,-34.6305],[138.6426,-34.6316],[138.639,-34.6306],[138.6383,-34.6319],[138.6347,-34.6294],[138.632,-34.6311],[138.6302,-34.6288],[138.6295,-34.6277],[138.6275,-34.6276],[138.6256,-34.6256],[138.624,-34.6301],[138.6225,-34.6291],[138.6208,-34.6293],[138.622,-34.631],[138.6181,-34.6324],[138.6176,-34.6337],[138.6162,-34.633],[138.6122,-34.6336],[138.6098,-34.6353],[138.6091,-34.6339],[138.6063,-34.6343],[138.6058,-34.6334],[138.604,-34.6343],[138.6,-34.6325],[138.5968,-34.6339],[138.5969,-34.6355],[138.5944,-34.6345],[138.5925,-34.6359],[138.5907,-34.6389],[138.5878,-34.6379],[138.587,-34.6384],[138.5812,-34.6389],[138.5795,-34.6378],[138.5779,-34.6386],[138.5757,-34.6358],[138.5741,-34.6362],[138.569,-34.6352],[138.5684,-34.6363],[138.5658,-34.6353],[138.5651,-34.6364],[138.5633,-34.6355],[138.5622,-34.6372],[138.5599,-34.6378],[138.5594,-34.6392],[138.5549,-34.6367],[138.5536,-34.6383],[138.5517,-34.6377],[138.5518,-34.6364],[138.5492,-34.6354],[138.5466,-34.6369],[138.5467,-34.6384],[138.5445,-34.6396],[138.5405,-34.6398],[138.5394,-34.6379],[138.5391,-34.6354],[138.538,-34.6353],[138.537,-34.6373],[138.535,-34.6373],[138.5338,-34.6399],[138.5317,-34.6394],[138.5295,-34.6414],[138.5264,-34.6399],[138.5267,-34.6385],[138.5242,-34.6367],[138.5224,-34.6377],[138.521,-34.6369],[138.5195,-34.6377],[138.5188,-34.6396],[138.517,-34.6387],[138.5142,-34.6413],[138.5109,-34.6411],[138.5097,-34.6427],[138.508,-34.6427],[138.5077,-34.6442],[138.5034,-34.6465],[138.5003,-34.6471],[138.4955,-34.6474],[138.4945,-34.6468],[138.4917,-34.6476],[138.4923,-34.6513],[138.49,-34.6533],[138.4905,-34.656],[138.4887,-34.6585],[138.4739,-34.6638],[138.4718,-34.6674],[138.4672,-34.6702],[138.4667,-34.672],[138.4644,-34.6734],[138.4609,-34.6734],[138.4563,-34.6756],[138.4515,-34.6761],[138.4471,-34.674],[138.4448,-34.6706],[138.4398,-34.6695],[138.4387,-34.6697],[138.4356,-34.6728],[138.4346,-34.6704],[138.4326,-34.6688]]]}},{"type":"Feature","properties":{"geoKey":"40700+44340","codes":["40700","44340"]},"geometry":{"type":"Polygon","coordinates":[[[138.5762,-35.011],[138.5749,-34.9928],[138.573,-34.9673],[138.6284,-34.9645],[138.6435,-34.9637],[138.6441,-34.9633],[138.6345,-34.9519],[138.6254,-34.9465],[138.6157,-34.9406],[138.6245,-34.9401],[138.6236,-34.9279],[138.6415,-34.927],[138.6419,-34.933],[138.6508,-34.9326],[138.6498,-34.9206],[138.641,-34.921],[138.6405,-34.9148],[138.6583,-34.9139],[138.6825,-34.9127],[138.6851,-34.9129],[138.6882,-34.9133],[138.6921,-34.9146],[138.6949,-34.9175],[138.6956,-34.9191],[138.6978,-34.9212],[138.6978,-34.9267],[138.701,-34.9282],[138.6976,-34.9319],[138.6935,-34.9292],[138.6912,-34.9293],[138.689,-34.9307],[138.6847,-34.9309],[138.6852,-34.9381],[138.6755,-34.9387],[138.6719,-34.9421],[138.6724,-34.9511],[138.6767,-34.9559],[138.6767,-34.9608],[138.6859,-34.9746],[138.6852,-34.9762],[138.6821,-34.9761],[138.6779,-34.9754],[138.6753,-34.9745],[138.67,-34.9782],[138.67,-34.979],[138.6652,-34.9817],[138.6694,-34.9858],[138.6708,-34.9848],[138.6738,-34.9853],[138.6712,-34.9895],[138.6752,-34.9907],[138.6776,-34.999],[138.6761,-35.0],[138.68,-35.0004],[138.6771,-35.0073],[138.6813,-35.0076],[138.6756,-35.0156],[138.6717,-35.0258],[138.672,-35.0271],[138.676,-35.0301],[138.6755,-35.0313],[138.6712,-35.0308],[138.67,-35.0332],[138.6655,-35.0345],[138.6644,-35.0365],[138.6635,-35.0351],[138.6601,-35.0377],[138.6574,-35.0376],[138.6556,-35.0364],[138.6552,-35.0376],[138.6514,-35.0361],[138.647,-35.0367],[138.6427,-35.0363],[138.6415,-35.0372],[138.6389,-35.0358],[138.6345,-35.0349],[138.632,-35.0321],[138.6298,-35.0318],[138.6279,-35.034],[138.6257,-35.0341],[138.6235,-35.0367],[138.6259,-35.039],[138.6256,-35.0408],[138.6239,-35.0431],[138.6224,-35.043],[138.6211,-35.0444],[138.6152,-35.0471],[138.6127,-35.0467],[138.6107,-35.0482],[138.6113,-35.0495],[138.6095,-35.0505],[138.6077,-35.0492],[138.6066,-35.0499],[138.6037,-35.0476],[138.6024,-35.0491],[138.5991,-35.0494],[138.5968,-35.0458],[138.5951,-35.0457],[138.5943,-35.0443],[138.5918,-35.0422],[138.5909,-35.0424],[138.5873,-35.0403],[138.5866,-35.0381],[138.5842,-35.0369],[138.5808,-35.0378],[138.5787,-35.0368],[138.5771,-35.0378],[138.5733,-35.0383],[138.5711,-35.0379],[138.5707,-35.0363],[138.5721,-35.0349],[138.5703,-35.034],[138.5701,-35.0325],[138.5672,-35.0317],[138.5656,-35.0296],[138.5636,-35.0296],[138.5635,-35.0236],[138.563,-35.0233],[138.5713,-35.0153],[138.5762,-35.011]]]}},{"type":"Feature","properties":{"geoKey":"42250+44620","codes":["42250","44620"]},"geometry":{"type":"MultiPolygon","coordinates":[[[[140.6602,-38.0623],[140.6608,-38.0623],[140.6608,-38.0626],[140.6602,-38.0623]]],[[[140.6604,-38.0601],[140.6603,-38.0603],[140.6598,-38.0601],[140.6604,-38.0601]]],[[[140.5695,-38.0199],[140.5692,-38.0208],[140.5681,-38.0205],[140.5695,-38.0199]]],[[[140.3731,-37.7702],[140.3759,-37.7736],[140.3781,-37.7756],[140.3801,-37.78],[140.3801,-37.7838],[140.3815,-37.7869],[140.3835,-37.7886],[140.3851,-37.7917],[140.3873,-37.7942],[140.3889,-37.7986],[140.3884,-37.8022],[140.3891,-37.8044],[140.3882,-37.8102],[140.3871,-37.8132],[140.3882,-37.8146],[140.3862,-37.817],[140.3862,-37.8182],[140.3885,-37.8247],[140.391,-37.8262],[140.3928,-37.8297],[140.3921,-37.8323],[140.3938,-37.8361],[140.3938,-37.8398],[140.4001,-37.84],[140.4074,-37.8374],[140.4236,-37.837],[140.4261,-37.8353],[140.4357,-37.8331],[140.4399,-37.8325],[140.4446,-37.8304],[140.4469,-37.8283],[140.4529,-37.8281],[140.459,-37.8286],[140.4731,-37.819],[140.4802,-37.819],[140.4758,-37.8134],[140.4718,-37.8079],[140.467,-37.8021],[140.4697,-37.8021],[140.4699,-37.7853],[140.4761,-37.7854],[140.4765,-37.755],[140.584,-37.7546],[140.5841,-37.7547],[140.6095,-37.7546],[140.6097,-37.738],[140.6121,-37.7378],[140.6169,-37.7355],[140.6377,-37.7355],[140.6799,-37.7353],[140.6798,-37.7242],[140.6795,-37.7242],[140.6793,-37.7147],[140.6863,-37.7146],[140.6854,-37.707],[140.68,-37.6978],[140.6757,-37.6958],[140.6758,-37.6952],[140.6757,-37.6646],[140.6775,-37.6644],[140.6754,-37.6546],[140.6701,-37.6483],[140.6673,-37.6421],[140.6711,-37.6344],[140.6749,-37.6248],[140.6787,-37.6165],[140.6766,-37.6103],[140.6958,-37.6103],[140.7077,-37.6105],[140.7511,-37.6108],[140.7514,-37.6106],[140.7923,-37.6109],[140.7923,-37.6107],[140.8035,-37.6108],[140.9072,-37.6112],[140.9726,-37.6114],[140.9728,-37.6114],[140.9727,-37.6543],[140.9729,-37.6543],[140.9729,-37.6631],[140.9726,-37.6631],[140.9722,-37.6905],[140.9721,-37.7176],[140.9736,-37.718],[140.972,-37.7308],[140.9715,-37.7666],[140.9689,-37.876],[140.967,-37.9938],[140.9658,-38.056],[140.9617,-38.0559],[140.9497,-38.0545],[140.9385,-38.0527],[140.9289,-38.0533],[140.9221,-38.0525],[140.9178,-38.0524],[140.9021,-38.0482],[140.8919,-38.0478],[140.8868,-38.0481],[140.8778,-38.0498],[140.8737,-38.051],[140.8721,-38.0508],[140.8689,-38.0489],[140.8668,-38.0486],[140.8657,-38.0472],[140.8622,-38.0457],[140.8575,-38.0449],[140.8511,-38.0429],[140.8424,-38.0413],[140.8367,-38.0411],[140.8191,-38.0425],[140.8115,-38.0455],[140.808,-38.0489],[140.799,-38.0467],[140.7962,-38.0468],[140.7941,-38.0458],[140.79,-38.0453],[140.7831,-38.0455],[140.7828,-38.0461],[140.7752,-38.0493],[140.774,-38.0513],[140.7706,-38.054],[140.77,-38.0581],[140.7675,-38.0568],[140.7616,-38.0566],[140.7599,-38.0576],[140.7554,-38.0563],[140.753,-38.0562],[140.7496,-38.0571],[140.7482,-38.0586],[140.7447,-38.0582],[140.7418,-38.0567],[140.7388,-38.0545],[140.7319,-38.0541],[140.7291,-38.0543],[140.7256,-38.0537],[140.7208,-38.0521],[140.7167,-38.0517],[140.7113,-38.0528],[140.7068,-38.0542],[140.7066,-38.0536],[140.7018,-38.0557],[140.7008,-38.0553],[140.6961,-38.0568],[140.6977,-38.0597],[140.6955,-38.0594],[140.6913,-38.0577],[140.6857,-38.057],[140.681,-38.0582],[140.676,-38.0575],[140.6715,-38.0584],[140.6695,-38.06],[140.6652,-38.0592],[140.6606,-38.06],[140.6596,-38.0561],[140.6553,-38.0542],[140.6521,-38.0512],[140.6497,-38.0506],[140.6461,-38.0468],[140.6452,-38.0469],[140.645,-38.0439],[140.642,-38.0412],[140.6378,-38.0408],[140.6349,-38.0398],[140.6327,-38.0398],[140.6292,-38.0385],[140.6269,-38.0392],[140.6265,-38.0403],[140.6239,-38.0411],[140.6209,-38.0403],[140.6202,-38.037],[140.6187,-38.0361],[140.6193,-38.0349],[140.6182,-38.0327],[140.6157,-38.0314],[140.6099,-38.0298],[140.6068,-38.0277],[140.6001,-38.0264],[140.5931,-38.0246],[140.5904,-38.0245],[140.5871,-38.0266],[140.585,-38.027],[140.5845,-38.0288],[140.58,-38.0298],[140.5772,-38.0281],[140.5779,-38.027],[140.5767,-38.024],[140.5745,-38.0238],[140.5714,-38.0218],[140.5704,-38.0201],[140.5719,-38.0188],[140.5714,-38.0161],[140.5722,-38.0149],[140.571,-38.0122],[140.5673,-38.0086],[140.5637,-38.0068],[140.5582,-38.0057],[140.5523,-38.0061],[140.5427,-38.0026],[140.5385,-38.0002],[140.5341,-37.9966],[140.5313,-37.9955],[140.5258,-37.9925],[140.5191,-37.9901],[140.517,-37.99],[140.5142,-37.987],[140.5107,-37.9856],[140.5087,-37.984],[140.5054,-37.9778],[140.5027,-37.9736],[140.4965,-37.9673],[140.4938,-37.9634],[140.49,-37.96],[140.4866,-37.958],[140.4825,-37.9567],[140.4808,-37.9567],[140.4805,-37.9551],[140.4783,-37.9533],[140.4755,-37.9523],[140.4697,-37.9509],[140.4686,-37.9496],[140.4664,-37.9497],[140.4672,-37.9485],[140.4638,-37.9451],[140.4618,-37.9416],[140.4575,-37.9404],[140.456,-37.9392],[140.4545,-37.9361],[140.4463,-37.9339],[140.4426,-37.9318],[140.4396,-37.9313],[140.4353,-37.9325],[140.4326,-37.9314],[140.427,-37.9297],[140.4248,-37.9297],[140.4218,-37.9311],[140.4207,-37.9304],[140.4206,-37.9268],[140.4184,-37.9251],[140.4128,-37.9257],[140.4093,-37.9227],[140.4038,-37.9172],[140.4015,-37.9167],[140.3985,-37.9181],[140.3971,-37.9199],[140.3955,-37.9194],[140.3956,-37.9171],[140.3945,-37.9158],[140.3966,-37.9146],[140.3958,-37.9123],[140.3943,-37.9119],[140.3921,-37.9139],[140.3902,-37.9124],[140.392,-37.9113],[140.3921,-37.9089],[140.3901,-37.9033],[140.3882,-37.9011],[140.3835,-37.8989],[140.3772,-37.8982],[140.3758,-37.8978],[140.3759,-37.8958],[140.373,-37.8869],[140.3716,-37.8849],[140.3653,-37.879],[140.3635,-37.8754],[140.3621,-37.8665],[140.3613,-37.8633],[140.3595,-37.8592],[140.3539,-37.8495],[140.349,-37.8428],[140.345,-37.8381],[140.3424,-37.8344],[140.3402,-37.8288],[140.3385,-37.826],[140.333,-37.8181],[140.3317,-37.8176],[140.3285,-37.8183],[140.3297,-37.8163],[140.3287,-37.8148],[140.3272,-37.8152],[140.3286,-37.8127],[140.326,-37.8104],[140.3281,-37.8092],[140.3287,-37.8071],[140.3276,-37.8045],[140.3247,-37.7997],[140.3206,-37.7956],[140.3204,-37.7928],[140.3179,-37.7879],[140.3122,-37.7813],[140.3105,-37.7786],[140.3096,-37.7755],[140.3072,-37.7707],[140.3032,-37.7647],[140.2986,-37.7597],[140.2968,-37.7555],[140.3661,-37.7554],[140.368,-37.7583],[140.3686,-37.7627],[140.3698,-37.7639],[140.3731,-37.7702]]],[[[140.3168,-37.7963],[140.3158,-37.7963],[140.3164,-37.7959],[140.3168,-37.7963]]],[[[140.3186,-37.7954],[140.3188,-37.7958],[140.3181,-37.7955],[140.3186,-37.7954]]],[[[140.2934,-37.7605],[140.2935,-37.761],[140.2928,-37.7606],[140.2934,-37.7605]]],[[[140.6625,-38.0617],[140.6629,-38.0618],[140.6624,-38.0621],[140.6625,-38.0617]]],[[[140.6615,-38.0617],[140.6614,-38.062],[140.661,-38.0617],[140.6615,-38.0617]]],[[[140.6616,-38.0607],[140.6616,-38.0612],[140.6609,-38.061],[140.6616,-38.0607]]],[[[140.664,-38.0601],[140.6641,-38.0604],[140.6637,-38.0605],[140.664,-38.0601]]],[[[140.6663,-38.0603],[140.6658,-38.0601],[140.6665,-38.06],[140.6663,-38.0603]]],[[[140.7687,-38.0582],[140.769,-38.0585],[140.7686,-38.0587],[140.7687,-38.0582]]]]}},{"type":"Feature","properties":{"geoKey":"44830+45400+45540","codes":["44830","45400","45540"]},"geometry":{"type":"Polygon","coordinates":[[[138.9908,-32.5947],[139.0658,-32.5946],[139.1412,-32.5945],[139.263,-32.5942],[139.3535,-32.594],[139.3539,-32.795],[139.354,-32.8878],[139.3541,-32.9693],[139.3543,-33.0976],[139.2897,-33.0979],[139.1816,-33.0982],[139.1052,-33.0988],[138.9766,-33.0998],[138.9765,-33.0997],[138.9508,-33.0999],[138.9428,-33.1],[138.8551,-33.1007],[138.855,-33.1008],[138.816,-33.1011],[138.8156,-33.101],[138.7558,-33.1014],[138.6979,-33.1018],[138.6979,-33.0945],[138.6999,-33.0907],[138.7029,-33.0878],[138.7054,-33.0833],[138.707,-33.0779],[138.7087,-33.0765],[138.7142,-33.0754],[138.7185,-33.0715],[138.7215,-33.0706],[138.7205,-32.9424],[138.7207,-32.9423],[138.6633,-32.9426],[138.663,-32.9427],[138.602,-32.9429],[138.5183,-32.9431],[138.4392,-32.9433],[138.4392,-32.9839],[138.4394,-32.9886],[138.4395,-33.0081],[138.4394,-33.0187],[138.4394,-33.1031],[138.3565,-33.1034],[138.3032,-33.1036],[138.3027,-33.1021],[138.295,-33.1027],[138.293,-33.102],[138.2897,-33.1024],[138.2851,-33.1037],[138.213,-33.1039],[138.213,-33.1064],[138.2108,-33.1073],[138.2107,-33.1131],[138.2063,-33.1131],[138.2063,-33.1114],[138.2003,-33.1113],[138.1961,-33.104],[138.1637,-33.1041],[138.129,-33.1042],[138.1034,-33.1042],[138.0856,-33.104],[138.0438,-33.104],[138.0401,-33.1049],[138.0364,-33.103],[138.0342,-33.1056],[138.0355,-33.1058],[138.033,-33.1069],[138.0296,-33.1071],[138.0247,-33.1058],[138.0243,-33.1024],[138.0298,-33.0987],[138.0311,-33.0984],[138.0354,-33.0996],[138.0365,-33.1007],[138.0392,-33.101],[138.0367,-33.0986],[138.0362,-33.0961],[138.0411,-33.0933],[138.0408,-33.0899],[138.045,-33.0909],[138.046,-33.0878],[138.0455,-33.0847],[138.044,-33.0834],[138.042,-33.0771],[138.0403,-33.0737],[138.0382,-33.0711],[138.0358,-33.0668],[138.0333,-33.0635],[138.0303,-33.0579],[138.0282,-33.0511],[138.0245,-33.0447],[138.0226,-33.0425],[138.0215,-33.0399],[138.0188,-33.0356],[138.0146,-33.0318],[138.0118,-33.031],[138.0086,-33.0285],[138.0035,-33.0252],[137.9999,-33.0233],[137.9986,-33.0238],[137.9948,-33.0216],[137.9879,-33.0188],[137.9841,-33.0188],[137.983,-33.0202],[137.9769,-33.0182],[137.9715,-33.0158],[137.9688,-33.0158],[137.9674,-33.0168],[137.9637,-33.016],[137.9616,-33.0134],[137.9604,-33.013],[137.9542,-33.0084],[137.9523,-33.0064],[137.9529,-33.0021],[137.9526,-33.0002],[137.9546,-32.9985],[137.9552,-32.995],[137.9584,-32.9893],[137.9554,-32.9894],[137.9558,-32.9837],[137.9566,-32.9814],[137.9546,-32.9804],[137.9512,-32.9744],[137.9501,-32.9703],[137.9489,-32.9694],[137.9484,-32.9669],[137.9456,-32.9623],[137.942,-32.9544],[137.9416,-32.9514],[137.94,-32.9482],[137.9396,-32.9452],[137.9399,-32.9431],[137.9382,-32.9298],[137.9343,-32.9187],[137.9339,-32.9122],[137.9331,-32.9088],[137.9299,-32.8979],[137.9289,-32.8904],[137.9264,-32.8802],[137.9246,-32.8745],[137.9215,-32.8679],[137.9162,-32.8601],[137.9147,-32.8568],[137.9152,-32.856],[137.9123,-32.8535],[137.9117,-32.8501],[137.9121,-32.8455],[137.9116,-32.8427],[137.9075,-32.8343],[137.9053,-32.8263],[137.9051,-32.8235],[137.9036,-32.8152],[137.9031,-32.8084],[137.9025,-32.8057],[137.9652,-32.8059],[137.9624,-32.8013],[137.9555,-32.7814],[137.9552,-32.7792],[137.956,-32.771],[137.9552,-32.7665],[137.9479,-32.7514],[137.9472,-32.7486],[137.947,-32.7451],[137.9461,-32.7417],[137.9436,-32.7365],[137.9429,-32.734],[137.9438,-32.7261],[137.9434,-32.7238],[137.9413,-32.7168],[137.9411,-32.7126],[137.9429,-32.7037],[137.9431,-32.7012],[137.9426,-32.6935],[137.9309,-32.66],[137.9229,-32.66],[137.923,-32.4946],[137.9711,-32.4949],[137.9711,-32.4973],[137.9807,-32.4973],[137.9807,-32.497],[138.0062,-32.4972],[138.0082,-32.5059],[138.0092,-32.5063],[138.0706,-32.5064],[138.0714,-32.5047],[138.0733,-32.5064],[138.0837,-32.5063],[138.0885,-32.5104],[138.0946,-32.5097],[138.096,-32.5086],[138.1023,-32.5061],[138.1045,-32.5044],[138.1076,-32.5039],[138.1129,-32.5086],[138.1246,-32.5145],[138.1317,-32.5176],[138.1567,-32.5271],[138.1568,-32.4634],[138.157,-32.4633],[138.1572,-32.4148],[138.2425,-32.4147],[138.3274,-32.4149],[138.3431,-32.4152],[138.3431,-32.324],[138.3718,-32.3258],[138.391,-32.3258],[138.3925,-32.3231],[138.4401,-32.3232],[138.4403,-32.2485],[138.4404,-32.2123],[138.4395,-32.1981],[138.4395,-32.121],[138.5262,-32.1209],[138.651,-32.1206],[138.7545,-32.1203],[138.7545,-32.1596],[138.8254,-32.1597],[138.8265,-32.4147],[138.8901,-32.4146],[138.8901,-32.484],[138.8902,-32.485],[138.8901,-32.5147],[138.8901,-32.5947],[138.9908,-32.5947]]]}},{"type":"Feature","properties":{"geoKey":"43080+45040+47290","codes":["43080","45040","47290"]},"geometry":{"type":"Polygon","coordinates":[[[140.491,-35.0193],[140.4943,-35.0196],[140.5141,-35.0195],[140.5223,-35.0182],[140.5283,-35.0189],[140.5329,-35.0178],[140.5368,-35.0175],[140.5406,-35.0187],[140.5493,-35.018],[140.5648,-35.0173],[140.5722,-35.0189],[140.5801,-35.018],[140.5946,-35.0182],[140.5997,-35.0166],[140.6073,-35.0167],[140.6073,-35.0033],[140.6116,-35.0031],[140.6303,-35.0001],[140.6341,-35.0008],[140.6371,-35.0018],[140.6415,-35.0017],[140.6433,-35.0001],[140.6465,-35.0013],[140.6547,-34.9996],[140.6566,-34.9985],[140.6602,-34.9988],[140.6638,-34.9983],[140.6693,-34.9969],[140.6763,-34.9963],[140.6808,-34.9941],[140.6854,-34.9931],[140.6943,-34.9919],[140.6979,-34.9896],[140.6999,-34.99],[140.7042,-34.9889],[140.7133,-34.9892],[140.7153,-34.9887],[140.7221,-34.9887],[140.7249,-34.9899],[140.733,-34.9897],[140.7414,-34.9898],[140.7469,-34.9904],[140.7591,-34.9906],[140.7604,-34.9914],[140.7739,-34.9887],[140.7865,-34.9967],[140.796,-34.9867],[140.7977,-34.9876],[140.8006,-34.988],[140.8047,-34.9875],[140.8089,-34.99],[140.8113,-34.9939],[140.8135,-34.9933],[140.8175,-34.9948],[140.8229,-34.9984],[140.8263,-35.0014],[140.8278,-35.0038],[140.8295,-35.0047],[140.8343,-35.0051],[140.8374,-35.0071],[140.8405,-35.0079],[140.8433,-35.0067],[140.8531,-35.0057],[140.8554,-35.0049],[140.8587,-35.0049],[140.8665,-35.0055],[140.8708,-35.007],[140.8745,-35.0074],[140.8789,-35.0071],[140.8841,-35.0073],[140.892,-35.0056],[140.9034,-35.0066],[140.9075,-35.006],[140.9141,-35.0076],[140.9203,-35.0078],[140.9354,-35.007],[140.9455,-35.0061],[140.9499,-35.006],[140.9577,-35.0075],[140.9656,-35.0083],[140.9661,-35.3759],[140.9662,-35.3891],[140.9632,-35.7422],[140.9456,-35.7423],[140.9183,-35.7426],[140.8924,-35.7427],[140.8489,-35.7429],[140.8309,-35.7431],[140.8101,-35.7432],[140.8029,-35.7433],[140.8005,-35.7438],[140.7946,-35.7433],[140.7652,-35.7433],[140.7498,-35.7435],[140.7466,-35.7451],[140.6346,-35.7459],[140.5203,-35.7467],[140.4576,-35.747],[140.387,-35.7474],[140.2532,-35.748],[140.2533,-35.6489],[140.1877,-35.6491],[140.1063,-35.6493],[140.1057,-35.6265],[140.1049,-35.626],[140.1056,-35.6236],[140.1044,-35.5868],[140.133,-35.5582],[140.1159,-35.5468],[140.1186,-35.5447],[140.1228,-35.5445],[140.1344,-35.5391],[140.1356,-35.5379],[140.1293,-35.5379],[140.129,-35.4902],[140.0981,-35.4902],[140.0954,-35.4898],[140.0919,-35.4907],[140.0885,-35.4903],[140.0758,-35.4903],[140.0761,-35.489],[140.076,-35.3929],[140.0761,-35.3808],[140.0764,-35.3805],[140.0764,-35.3682],[140.0759,-35.3651],[140.0759,-35.3517],[140.0764,-35.3497],[140.0764,-35.3285],[140.0757,-35.3275],[140.0757,-35.2948],[140.0744,-35.2911],[140.006,-35.2911],[139.8942,-35.291],[139.8942,-35.2186],[139.8178,-35.2187],[139.7202,-35.2188],[139.6936,-35.2187],[139.6923,-35.2183],[139.6854,-35.2187],[139.6196,-35.2187],[139.6199,-35.2184],[139.6199,-35.183],[139.6189,-35.1831],[139.6066,-35.1832],[139.603,-35.183],[139.5765,-35.1829],[139.4713,-35.183],[139.4596,-35.1832],[139.3924,-35.1832],[139.3584,-35.1831],[139.3653,-35.1878],[139.3612,-35.1969],[139.3706,-35.2016],[139.3763,-35.2051],[139.3792,-35.2073],[139.3852,-35.2106],[139.3906,-35.2132],[139.3976,-35.216],[139.4029,-35.2195],[139.4051,-35.2221],[139.417,-35.2327],[139.4289,-35.2402],[139.4422,-35.2473],[139.4446,-35.2488],[139.45,-35.2538],[139.4534,-35.258],[139.4552,-35.2622],[139.4566,-35.2692],[139.4567,-35.2738],[139.4544,-35.2796],[139.4524,-35.282],[139.4485,-35.2855],[139.441,-35.2892],[139.4367,-35.2921],[139.4302,-35.2955],[139.4258,-35.2972],[139.4216,-35.2982],[139.4113,-35.2993],[139.4022,-35.2997],[139.3946,-35.3012],[139.3888,-35.3038],[139.3852,-35.3066],[139.3815,-35.3114],[139.3799,-35.3153],[139.3792,-35.3183],[139.3804,-35.3239],[139.3822,-35.3266],[139.3852,-35.33],[139.387,-35.3327],[139.3886,-35.3384],[139.3888,-35.343],[139.3885,-35.3464],[139.3861,-35.3506],[139.3782,-35.3574],[139.3747,-35.3599],[139.3695,-35.3625],[139.3662,-35.3647],[139.3644,-35.3678],[139.3558,-35.3779],[139.3516,-35.3831],[139.351,-35.3845],[139.3464,-35.3919],[139.3435,-35.396],[139.3393,-35.3996],[139.3346,-35.4018],[139.3319,-35.4041],[139.3306,-35.413],[139.3298,-35.4153],[139.3278,-35.4173],[139.3244,-35.4182],[139.1795,-35.4604],[139.1447,-35.4717],[139.1508,-35.3747],[139.1539,-35.3253],[139.1551,-35.3045],[139.1525,-35.3038],[139.1552,-35.3029],[139.1583,-35.2535],[139.1556,-35.2526],[139.1115,-35.2341],[139.1076,-35.2324],[139.0906,-35.2189],[139.0861,-35.2166],[139.0681,-35.2153],[139.0664,-35.2149],[139.0667,-35.1925],[139.0667,-35.1659],[139.0379,-35.1462],[139.0388,-35.1442],[139.0363,-35.1403],[139.0335,-35.1422],[139.0312,-35.1416],[139.0274,-35.1388],[139.0274,-35.1366],[139.0288,-35.1335],[139.0303,-35.1322],[139.0301,-35.1306],[139.0325,-35.1303],[139.0353,-35.1245],[139.0371,-35.1235],[139.0369,-35.1208],[139.0401,-35.1185],[139.0413,-35.1165],[139.0409,-35.1151],[139.0426,-35.1151],[139.044,-35.1116],[139.0439,-35.1087],[139.0419,-35.1068],[139.0406,-35.1032],[139.0409,-35.0988],[139.0424,-35.0975],[139.0417,-35.0966],[139.0377,-35.0962],[139.0367,-35.095],[139.0383,-35.0928],[139.0382,-35.0904],[139.0392,-35.0894],[139.0376,-35.0876],[139.038,-35.0844],[139.035,-35.0826],[139.0364,-35.0784],[139.0336,-35.0751],[139.032,-35.074],[139.0344,-35.0688],[139.0315,-35.0668],[139.0312,-35.0657],[139.0336,-35.0647],[139.031,-35.0635],[139.0311,-35.062],[139.0291,-35.0618],[139.0291,-35.0604],[139.0304,-35.0573],[139.0305,-35.0535],[139.0315,-35.0518],[139.0295,-35.0486],[139.0318,-35.046],[139.0315,-35.0436],[139.0329,-35.0428],[139.0334,-35.0404],[139.0321,-35.0387],[139.033,-35.0372],[139.0313,-35.0355],[139.0311,-35.0333],[139.0328,-35.0307],[139.0334,-35.0274],[139.033,-35.0261],[139.0366,-35.0245],[139.0358,-35.023],[139.0374,-35.0211],[139.0367,-35.0173],[139.0357,-35.0161],[139.0376,-35.0134],[139.0349,-35.0117],[139.0359,-35.0096],[139.034,-35.0078],[139.0334,-35.0057],[139.0312,-35.0018],[139.0354,-34.9985],[139.0341,-34.9961],[139.0367,-34.9953],[139.0364,-34.9926],[139.0352,-34.9909],[139.0365,-34.9887],[139.0369,-34.9841],[139.0385,-34.9813],[139.0405,-34.9791],[139.0412,-34.9767],[139.0397,-34.9751],[139.0391,-34.9729],[139.0368,-34.9738],[139.035,-34.9707],[139.0379,-34.9697],[139.0324,-34.9671],[139.0303,-34.9666],[139.0289,-34.9673],[139.0286,-34.9645],[139.0275,-34.9637],[139.0288,-34.9619],[139.0282,-34.9569],[139.0264,-34.9569],[139.026,-34.9547],[139.0225,-34.9538],[139.022,-34.9525],[139.0194,-34.9526],[139.0204,-34.9488],[139.035,-34.9287],[139.0643,-34.9449],[139.1284,-34.9813],[139.1718,-35.0059],[139.1733,-34.9959],[139.1775,-34.9956],[139.1797,-34.994],[139.1803,-34.9922],[139.1805,-34.984],[139.1794,-34.9808],[139.225,-34.9811],[139.2337,-34.9811],[139.2952,-34.9812],[139.3038,-34.9813],[139.327,-34.9813],[139.3269,-34.9841],[139.3277,-34.9869],[139.33,-34.9906],[139.335,-34.9935],[139.3508,-35.0062],[139.3573,-35.0126],[139.36,-35.0159],[139.3633,-35.0208],[139.3648,-35.0238],[139.3669,-35.0305],[139.3679,-35.03],[139.3763,-35.0293],[139.3767,-35.03],[139.3914,-35.03],[139.3914,-35.0239],[139.3958,-35.024],[139.4657,-35.0239],[139.4658,-35.0056],[139.4655,-35.0],[139.4659,-34.9933],[139.4659,-34.9669],[139.5037,-34.9668],[139.5211,-34.9669],[139.5313,-34.9667],[139.5561,-34.9668],[139.5694,-34.9667],[139.5756,-34.967],[139.6199,-34.9669],[139.6199,-34.896],[139.6238,-34.893],[139.6297,-34.892],[139.6311,-34.8929],[139.6336,-34.8914],[139.6348,-34.8919],[139.633,-34.8868],[139.6378,-34.8866],[139.6418,-34.8854],[139.6444,-34.8832],[139.6434,-34.8788],[139.6418,-34.8766],[139.6355,-34.8712],[139.6337,-34.8673],[139.6571,-34.8674],[139.6572,-34.8675],[139.7597,-34.8675],[139.7594,-34.8609],[139.7592,-34.8329],[139.7595,-34.8186],[139.7592,-34.8141],[139.7597,-34.8133],[139.7598,-34.8072],[139.7592,-34.804],[139.7593,-34.7893],[139.759,-34.7403],[139.7593,-34.7396],[139.7593,-34.7257],[139.7592,-34.7218],[139.7594,-34.7125],[139.7591,-34.701],[139.7595,-34.6922],[139.7593,-34.6637],[139.7593,-34.6398],[139.7589,-34.6384],[139.7588,-34.6069],[139.7679,-34.609],[139.778,-34.6092],[139.7838,-34.61],[139.8001,-34.6113],[139.8195,-34.6109],[139.8253,-34.6113],[139.8411,-34.613],[139.8444,-34.6123],[139.8589,-34.612],[139.8674,-34.6102],[139.8789,-34.6092],[139.8836,-34.6081],[139.8928,-34.6097],[139.8988,-34.6101],[139.9055,-34.6119],[139.9091,-34.6136],[139.9144,-34.6144],[139.9224,-34.6145],[139.9251,-34.6135],[139.9287,-34.6136],[139.9308,-34.6143],[139.9464,-34.6166],[139.951,-34.6181],[139.9551,-34.6189],[139.9645,-34.6192],[139.9673,-34.6205],[139.9699,-34.6201],[139.9936,-34.6158],[139.996,-34.6141],[140.0148,-34.6102],[140.0163,-34.6096],[140.0642,-34.5997],[140.0642,-34.5755],[140.1017,-34.5755],[140.128,-34.5702],[140.1292,-34.5702],[140.1541,-34.5651],[140.1882,-34.5651],[140.1881,-34.5654],[140.188,-34.6607],[140.1843,-34.6611],[140.1802,-34.6606],[140.1773,-34.6617],[140.1771,-34.6947],[140.2958,-34.6946],[140.3676,-34.6945],[140.3672,-34.87],[140.3692,-34.8699],[140.395,-34.87],[140.3973,-34.8701],[140.4297,-34.8702],[140.4299,-35.0193],[140.491,-35.0193]]]}},{"type":"Feature","properties":{"geoKey":"43360+45090+46860","codes":["43360","45090","46860"]},"geometry":{"type":"MultiPolygon","coordinates":[[[[139.8477,-37.3255],[139.8479,-37.3259],[139.8472,-37.3257],[139.8477,-37.3255]]],[[[139.8512,-37.3296],[139.8498,-37.3316],[139.8481,-37.3278],[139.8459,-37.3265],[139.8493,-37.3273],[139.8506,-37.3241],[139.8493,-37.3218],[139.8456,-37.3208],[139.8436,-37.3225],[139.8411,-37.3213],[139.8434,-37.3192],[139.8427,-37.3166],[139.8403,-37.3148],[139.8367,-37.3138],[139.8378,-37.3126],[139.8376,-37.3104],[139.8365,-37.3088],[139.8341,-37.3075],[139.8313,-37.3048],[139.8278,-37.3037],[139.8289,-37.3012],[139.827,-37.2999],[139.825,-37.2957],[139.823,-37.2943],[139.8198,-37.293],[139.8213,-37.2918],[139.8193,-37.2865],[139.8166,-37.2838],[139.8153,-37.2837],[139.8147,-37.2822],[139.8117,-37.2808],[139.8119,-37.2777],[139.8076,-37.2742],[139.8074,-37.2722],[139.8044,-37.2686],[139.8046,-37.2665],[139.8034,-37.2641],[139.8018,-37.2643],[139.7992,-37.2605],[139.7959,-37.2587],[139.7971,-37.2572],[139.7956,-37.2551],[139.7956,-37.2535],[139.7943,-37.2507],[139.7915,-37.2471],[139.7907,-37.2446],[139.7885,-37.2405],[139.7853,-37.2373],[139.7832,-37.237],[139.7822,-37.2353],[139.7835,-37.234],[139.783,-37.231],[139.7805,-37.2295],[139.7789,-37.2296],[139.7773,-37.2267],[139.7773,-37.2243],[139.7746,-37.2235],[139.7746,-37.2214],[139.7713,-37.2173],[139.7673,-37.2105],[139.7663,-37.2069],[139.7635,-37.2047],[139.7636,-37.2035],[139.7616,-37.1997],[139.7575,-37.1944],[139.7505,-37.1906],[139.7479,-37.1865],[139.743,-37.1826],[139.74,-37.1821],[139.7401,-37.1796],[139.7431,-37.1768],[139.7443,-37.1718],[139.7436,-37.1687],[139.7423,-37.1663],[139.7452,-37.1633],[139.7433,-37.1604],[139.7447,-37.1601],[139.7451,-37.1567],[139.7431,-37.1569],[139.7431,-37.1558],[139.7465,-37.1556],[139.7489,-37.1566],[139.7495,-37.1592],[139.7526,-37.1609],[139.753,-37.1618],[139.7565,-37.1621],[139.7587,-37.1628],[139.7613,-37.1617],[139.7645,-37.1628],[139.7662,-37.1623],[139.7684,-37.1635],[139.7716,-37.1635],[139.7765,-37.1652],[139.7789,-37.1643],[139.7801,-37.165],[139.7834,-37.163],[139.7885,-37.1578],[139.7929,-37.1492],[139.794,-37.1464],[139.7958,-37.1375],[139.7958,-37.1311],[139.7952,-37.1255],[139.7911,-37.1115],[139.7877,-37.1045],[139.7822,-37.096],[139.7756,-37.0879],[139.7663,-37.08],[139.7631,-37.0782],[139.7599,-37.0774],[139.7566,-37.0786],[139.7519,-37.0772],[139.7476,-37.075],[139.7445,-37.0747],[139.744,-37.0718],[139.7422,-37.0688],[139.7401,-37.0624],[139.7393,-37.055],[139.7399,-37.0511],[139.7393,-37.0462],[139.7427,-37.0394],[139.7431,-37.0364],[139.7425,-37.0328],[139.7435,-37.0284],[139.7424,-37.0241],[139.7405,-37.0213],[139.7366,-37.0165],[139.7339,-37.0142],[139.7306,-37.0093],[139.7282,-37.0074],[139.722,-37.0008],[139.7189,-36.9984],[139.7119,-36.9945],[139.7086,-36.9919],[139.7057,-36.989],[139.7014,-36.9868],[139.6975,-36.9836],[139.6933,-36.9816],[139.6913,-36.9798],[139.6845,-36.9747],[139.6804,-36.9703],[139.6768,-36.9675],[139.6743,-36.9644],[139.6719,-36.9603],[139.6703,-36.9587],[139.6711,-36.9528],[139.6726,-36.9514],[139.6737,-36.949],[139.6743,-36.9441],[139.6755,-36.9424],[139.6815,-36.9424],[139.6843,-36.9414],[139.6875,-36.9411],[139.6907,-36.9415],[139.6963,-36.9405],[139.6964,-36.9388],[139.6978,-36.9378],[139.6961,-36.9342],[139.6966,-36.9341],[139.6992,-36.9392],[139.7077,-36.9346],[139.7125,-36.9326],[139.719,-36.9284],[139.7249,-36.9224],[139.7287,-36.9191],[139.7336,-36.9163],[139.7395,-36.915],[139.7415,-36.9142],[139.7475,-36.9098],[139.7571,-36.9067],[139.7616,-36.9045],[139.7667,-36.9025],[139.7742,-36.9011],[139.7797,-36.899],[139.7846,-36.8963],[139.7892,-36.8933],[139.7913,-36.8911],[139.7939,-36.8875],[139.7998,-36.881],[139.8021,-36.8796],[139.8083,-36.8772],[139.8119,-36.8737],[139.8161,-36.871],[139.8188,-36.8685],[139.8221,-36.8633],[139.8239,-36.8612],[139.8257,-36.8575],[139.8334,-36.8521],[139.8364,-36.849],[139.8401,-36.8433],[139.8429,-36.8396],[139.8452,-36.8339],[139.8471,-36.8315],[139.8505,-36.8235],[139.8514,-36.8182],[139.8514,-36.8161],[139.8534,-36.8089],[139.8546,-36.8022],[139.8564,-36.798],[139.8581,-36.7908],[139.8596,-36.7832],[139.8601,-36.7788],[139.8613,-36.7729],[139.862,-36.7681],[139.8625,-36.7602],[139.8627,-36.7514],[139.8625,-36.7462],[139.8625,-36.7366],[139.8634,-36.7279],[139.8635,-36.7176],[139.8625,-36.7041],[139.8622,-36.6967],[139.8612,-36.6871],[139.8569,-36.6703],[139.8548,-36.6614],[139.8536,-36.6574],[139.8499,-36.6434],[139.8484,-36.6388],[139.8458,-36.6293],[139.8423,-36.6197],[139.839,-36.609],[139.8372,-36.6047],[139.836,-36.6002],[139.8337,-36.5946],[139.8329,-36.5903],[139.831,-36.5848],[139.8295,-36.5814],[139.8277,-36.5754],[139.8242,-36.566],[139.8214,-36.5569],[139.8195,-36.5526],[139.8166,-36.5442],[139.8154,-36.5419],[139.8132,-36.5358],[139.8112,-36.529],[139.8088,-36.5229],[139.801,-36.5011],[139.7959,-36.4896],[139.7875,-36.4689],[139.7829,-36.4588],[139.779,-36.452],[139.7749,-36.4428],[139.77,-36.4328],[139.7657,-36.4259],[139.7607,-36.4168],[139.7593,-36.4134],[139.7575,-36.4107],[139.7521,-36.3993],[139.7504,-36.3962],[139.7473,-36.3892],[139.7446,-36.3847],[139.7423,-36.3798],[139.7406,-36.3745],[139.7381,-36.3694],[139.7352,-36.3645],[139.7346,-36.3627],[139.7305,-36.3552],[139.7302,-36.3539],[139.7257,-36.3452],[139.7236,-36.3424],[139.7198,-36.3337],[139.7182,-36.3305],[139.7158,-36.3274],[139.715,-36.3248],[139.7093,-36.3125],[139.7042,-36.3054],[139.7016,-36.3001],[139.6954,-36.291],[139.6934,-36.2861],[139.6906,-36.281],[139.6878,-36.2769],[139.6842,-36.2698],[139.678,-36.261],[139.6754,-36.2563],[139.6716,-36.2509],[139.6707,-36.2487],[139.7598,-36.25],[139.984,-36.2528],[140.0001,-36.2533],[140.0469,-36.2539],[140.0467,-36.2969],[140.0465,-36.3074],[140.0467,-36.3111],[140.0464,-36.3959],[140.0463,-36.4407],[140.0476,-36.4421],[140.0472,-36.444],[140.0485,-36.4455],[140.0473,-36.4477],[140.0477,-36.4489],[140.0461,-36.4516],[140.0466,-36.4547],[140.046,-36.4556],[140.0463,-36.4666],[140.0852,-36.4665],[140.1716,-36.4666],[140.2526,-36.4666],[140.2677,-36.4664],[140.3627,-36.4665],[140.3741,-36.4665],[140.4318,-36.4665],[140.4317,-36.5418],[140.4318,-36.5421],[140.4317,-36.5622],[140.4316,-36.6224],[140.4316,-36.6726],[140.4314,-36.69],[140.4314,-36.7024],[140.4569,-36.6982],[140.484,-36.6947],[140.4869,-36.6946],[140.486,-36.6924],[140.5166,-36.6945],[140.5357,-36.6906],[140.5469,-36.6906],[140.5487,-36.6926],[140.5791,-36.6925],[140.6119,-36.6925],[140.6118,-36.6759],[140.6121,-36.669],[140.6399,-36.669],[140.6799,-36.6691],[140.81,-36.6691],[140.8666,-36.6692],[140.8935,-36.6691],[140.9176,-36.669],[140.9376,-36.669],[140.9689,-36.669],[140.9689,-36.6941],[140.9687,-36.6941],[140.9686,-36.7342],[140.9688,-36.7342],[140.969,-36.7932],[140.9693,-36.8244],[140.9699,-36.8489],[140.9704,-36.9051],[140.9706,-36.9111],[140.9712,-36.9705],[140.9714,-37.0063],[140.9716,-37.0088],[140.9719,-37.0361],[140.972,-37.0665],[140.9717,-37.1312],[140.9717,-37.1314],[140.9715,-37.1785],[140.8858,-37.1782],[140.7933,-37.1777],[140.7075,-37.1769],[140.612,-37.176],[140.6122,-37.1792],[140.612,-37.1899],[140.6119,-37.3097],[140.61,-37.3217],[140.6091,-37.3219],[140.5316,-37.3216],[140.4747,-37.3214],[140.4254,-37.3214],[140.3421,-37.3216],[140.3289,-37.3216],[140.2435,-37.3213],[140.1368,-37.3212],[140.0659,-37.3211],[139.9551,-37.3207],[139.8835,-37.3204],[139.8736,-37.321],[139.8742,-37.3217],[139.8684,-37.3399],[139.8655,-37.3356],[139.8595,-37.3307],[139.8563,-37.3294],[139.8512,-37.3296]]],[[[139.7367,-37.1768],[139.7368,-37.177],[139.7364,-37.1769],[139.7367,-37.1768]]],[[[139.7238,-37.092],[139.7208,-37.0913],[139.7226,-37.089],[139.7246,-37.0903],[139.7238,-37.092]]],[[[139.7219,-37.0874],[139.7223,-37.087],[139.723,-37.0879],[139.7219,-37.0874]]],[[[139.7205,-37.0872],[139.7219,-37.0871],[139.7209,-37.0876],[139.7205,-37.0872]]],[[[139.7226,-37.0859],[139.7245,-37.0857],[139.724,-37.0876],[139.7226,-37.0859]]]]}},{"type":"Feature","properties":{"geoKey":"46510+48260","codes":["46510","48260"]},"geometry":{"type":"Polygon","coordinates":[[[138.6264,-34.8794],[138.6352,-34.8874],[138.6328,-34.8887],[138.6278,-34.8904],[138.6268,-34.8936],[138.6231,-34.8931],[138.6215,-34.8936],[138.6227,-34.8954],[138.6219,-34.8964],[138.6183,-34.8956],[138.6186,-34.9008],[138.6163,-34.901],[138.6139,-34.8997],[138.6152,-34.9049],[138.6143,-34.9085],[138.6128,-34.9095],[138.6126,-34.9053],[138.6099,-34.9022],[138.5973,-34.8986],[138.5879,-34.8992],[138.5842,-34.897],[138.5836,-34.889],[138.5828,-34.8783],[138.5808,-34.8709],[138.6017,-34.8699],[138.6023,-34.8775],[138.6195,-34.8764],[138.62,-34.8843],[138.6264,-34.8794]]]}},{"type":"Feature","properties":{"geoKey":"41330+41830+46970","codes":["41330","41830","46970"]},"geometry":{"type":"MultiPolygon","coordinates":[[[[137.9654,-32.4054],[137.9639,-32.4003],[137.9642,-32.3968],[137.9651,-32.3948],[137.9669,-32.3838],[137.9676,-32.383],[137.9682,-32.3787],[137.9676,-32.3777],[137.969,-32.3753],[137.9708,-32.3683],[137.9695,-32.3673],[137.9699,-32.3652],[137.9695,-32.3619],[137.971,-32.359],[137.9712,-32.3501],[137.972,-32.3482],[137.9718,-32.3459],[137.9734,-32.3438],[137.9734,-32.3398],[137.9739,-32.3377],[137.9731,-32.3361],[137.974,-32.3352],[137.9734,-32.3289],[137.9715,-32.3292],[137.9677,-32.3322],[137.9612,-32.3322],[137.9597,-32.3267],[137.9627,-32.3235],[137.9621,-32.3217],[137.9638,-32.3196],[137.9661,-32.3191],[137.9682,-32.3161],[137.9668,-32.3121],[137.9689,-32.3066],[137.9621,-32.2997],[137.9603,-32.2996],[137.9609,-32.2968],[137.963,-32.2943],[137.9664,-32.2944],[137.969,-32.293],[137.9672,-32.2911],[137.9681,-32.2882],[137.9677,-32.2858],[137.9692,-32.2854],[137.9703,-32.2812],[137.9739,-32.2793],[137.9728,-32.2751],[137.9713,-32.2731],[137.9673,-32.2699],[137.9632,-32.2699],[137.9634,-32.2557],[137.9634,-32.2368],[137.9781,-32.1514],[138.0586,-32.0204],[138.0843,-31.9762],[138.0846,-31.7397],[138.1855,-31.7399],[138.2914,-31.7399],[138.3329,-31.74],[138.4396,-31.7399],[138.5185,-31.74],[138.597,-31.74],[138.597,-31.7618],[138.609,-31.7527],[138.6172,-31.747],[138.6273,-31.7586],[138.6304,-31.7608],[138.6319,-31.7629],[138.6323,-31.7651],[138.6308,-31.7682],[138.6327,-31.7741],[138.6361,-31.776],[138.6409,-31.7771],[138.6438,-31.7744],[138.6528,-31.775],[138.6562,-31.7743],[138.6576,-31.7731],[138.6658,-31.7688],[138.6764,-31.7682],[138.6854,-31.7665],[138.6948,-31.7642],[138.6968,-31.7642],[138.7111,-31.7603],[138.7113,-31.7612],[138.7137,-31.7606],[138.7174,-31.763],[138.7164,-31.7653],[138.7184,-31.7738],[138.7157,-31.8038],[138.7162,-31.8049],[138.7006,-31.805],[138.6997,-31.8075],[138.695,-31.8109],[138.6896,-31.8115],[138.6874,-31.8109],[138.6851,-31.8124],[138.6817,-31.8125],[138.6787,-31.8157],[138.6764,-31.8163],[138.6755,-31.8183],[138.6712,-31.8201],[138.6688,-31.8227],[138.6668,-31.8228],[138.6622,-31.8278],[138.6624,-31.8321],[138.6634,-31.8354],[138.6609,-31.8383],[138.6562,-31.8415],[138.6539,-31.8422],[138.6502,-31.8485],[138.6468,-31.8488],[138.6413,-31.8514],[138.6336,-31.8705],[138.6363,-31.8695],[138.6404,-31.8722],[138.6437,-31.876],[138.6415,-31.8793],[138.6374,-31.8831],[138.6336,-31.8879],[138.6332,-31.8902],[138.6313,-31.8916],[138.6326,-31.894],[138.6372,-31.8961],[138.6385,-31.8983],[138.6369,-31.9],[138.6403,-31.91],[138.642,-31.9103],[138.644,-31.916],[138.6437,-31.9179],[138.6448,-31.9201],[138.6499,-31.9256],[138.6519,-31.9306],[138.6515,-31.938],[138.6527,-31.9416],[138.6527,-31.9497],[138.6549,-31.9562],[138.6549,-31.9603],[138.6563,-31.9663],[138.6561,-31.9676],[138.6401,-31.9754],[138.7546,-31.9752],[138.7545,-32.1203],[138.651,-32.1206],[138.5262,-32.1209],[138.4395,-32.121],[138.4395,-32.1981],[138.4404,-32.2123],[138.4403,-32.2485],[138.4401,-32.3232],[138.3925,-32.3231],[138.391,-32.3258],[138.3718,-32.3258],[138.3431,-32.324],[138.3431,-32.4152],[138.3274,-32.4149],[138.2425,-32.4147],[138.1572,-32.4148],[138.157,-32.4633],[138.1568,-32.4634],[138.1567,-32.5271],[138.1317,-32.5176],[138.1246,-32.5145],[138.1129,-32.5086],[138.1076,-32.5039],[138.1045,-32.5044],[138.1023,-32.5061],[138.096,-32.5086],[138.0946,-32.5097],[138.0885,-32.5104],[138.0837,-32.5063],[138.0733,-32.5064],[138.0714,-32.5047],[138.0706,-32.5064],[138.0092,-32.5063],[138.0082,-32.5059],[138.0062,-32.4972],[137.9807,-32.497],[137.9807,-32.4973],[137.9711,-32.4973],[137.9711,-32.4949],[137.923,-32.4946],[137.9231,-32.4153],[137.9664,-32.4153],[137.9654,-32.4054]]],[[[136.9181,-30.5838],[136.9152,-30.6235],[136.843,-30.6235],[136.843,-30.4985],[136.8551,-30.4985],[136.8525,-30.4874],[136.8952,-30.4743],[136.8979,-30.4808],[136.8979,-30.4985],[136.9245,-30.4985],[136.9217,-30.5315],[136.9207,-30.5461],[136.9181,-30.5838]]],[[[134.7075,-29.0508],[134.7078,-29.0279],[134.6941,-28.9816],[134.7359,-28.971],[134.7395,-28.9734],[134.8097,-29.003],[134.8091,-29.0517],[134.7075,-29.0508]]]]}},{"type":"Feature","properties":{"geoKey":"43080+47290","codes":["43080","47290"]},"geometry":{"type":"Polygon","coordinates":[[[140.491,-35.0193],[140.4943,-35.0196],[140.5141,-35.0195],[140.5223,-35.0182],[140.5283,-35.0189],[140.5329,-35.0178],[140.5368,-35.0175],[140.5406,-35.0187],[140.5493,-35.018],[140.5648,-35.0173],[140.5722,-35.0189],[140.5801,-35.018],[140.5946,-35.0182],[140.5997,-35.0166],[140.6073,-35.0167],[140.6073,-35.0033],[140.6116,-35.0031],[140.6303,-35.0001],[140.6341,-35.0008],[140.6371,-35.0018],[140.6415,-35.0017],[140.6433,-35.0001],[140.6465,-35.0013],[140.6547,-34.9996],[140.6566,-34.9985],[140.6602,-34.9988],[140.6638,-34.9983],[140.6693,-34.9969],[140.6763,-34.9963],[140.6808,-34.9941],[140.6854,-34.9931],[140.6943,-34.9919],[140.6979,-34.9896],[140.6999,-34.99],[140.7042,-34.9889],[140.7133,-34.9892],[140.7153,-34.9887],[140.7221,-34.9887],[140.7249,-34.9899],[140.733,-34.9897],[140.7414,-34.9898],[140.7469,-34.9904],[140.7591,-34.9906],[140.7604,-34.9914],[140.7739,-34.9887],[140.7865,-34.9967],[140.796,-34.9867],[140.7977,-34.9876],[140.8006,-34.988],[140.8047,-34.9875],[140.8089,-34.99],[140.8113,-34.9939],[140.8135,-34.9933],[140.8175,-34.9948],[140.8229,-34.9984],[140.8263,-35.0014],[140.8278,-35.0038],[140.8295,-35.0047],[140.8343,-35.0051],[140.8374,-35.0071],[140.8405,-35.0079],[140.8433,-35.0067],[140.8531,-35.0057],[140.8554,-35.0049],[140.8587,-35.0049],[140.8665,-35.0055],[140.8708,-35.007],[140.8745,-35.0074],[140.8789,-35.0071],[140.8841,-35.0073],[140.892,-35.0056],[140.9034,-35.0066],[140.9075,-35.006],[140.9141,-35.0076],[140.9203,-35.0078],[140.9354,-35.007],[140.9455,-35.0061],[140.9499,-35.006],[140.9577,-35.0075],[140.9656,-35.0083],[140.9661,-35.3759],[140.9662,-35.3891],[140.9632,-35.7422],[140.9456,-35.7423],[140.9183,-35.7426],[140.8924,-35.7427],[140.8489,-35.7429],[140.8309,-35.7431],[140.8101,-35.7432],[140.8029,-35.7433],[140.8005,-35.7438],[140.7946,-35.7433],[140.7652,-35.7433],[140.7498,-35.7435],[140.7466,-35.7451],[140.6346,-35.7459],[140.5203,-35.7467],[140.4576,-35.747],[140.387,-35.7474],[140.2532,-35.748],[140.2533,-35.6489],[140.1877,-35.6491],[140.1063,-35.6493],[140.1057,-35.6265],[140.1049,-35.626],[140.1056,-35.6236],[140.1044,-35.5868],[140.133,-35.5582],[140.1159,-35.5468],[140.1186,-35.5447],[140.1228,-35.5445],[140.1344,-35.5391],[140.1356,-35.5379],[140.1293,-35.5379],[140.129,-35.4902],[140.0981,-35.4902],[140.0954,-35.4898],[140.0919,-35.4907],[140.0885,-35.4903],[140.0758,-35.4903],[140.0761,-35.489],[140.076,-35.3929],[140.0761,-35.3808],[140.0764,-35.3805],[140.0764,-35.3682],[140.0759,-35.3651],[140.0759,-35.3517],[140.0764,-35.3497],[140.0764,-35.3285],[140.0757,-35.3275],[140.0757,-35.2948],[140.0744,-35.2911],[140.006,-35.2911],[139.8942,-35.291],[139.8942,-35.2186],[139.8178,-35.2187],[139.7202,-35.2188],[139.6936,-35.2187],[139.6923,-35.2183],[139.6854,-35.2187],[139.6196,-35.2187],[139.6199,-35.2184],[139.6199,-35.183],[139.62,-35.1399],[139.6199,-35.0685],[139.6224,-35.0642],[139.6222,-35.0618],[139.6203,-35.0571],[139.6199,-35.0547],[139.6199,-34.9669],[139.6199,-34.896],[139.6238,-34.893],[139.6297,-34.892],[139.6311,-34.8929],[139.6336,-34.8914],[139.6348,-34.8919],[139.633,-34.8868],[139.6378,-34.8866],[139.6418,-34.8854],[139.6444,-34.8832],[139.6434,-34.8788],[139.6418,-34.8766],[139.6355,-34.8712],[139.6337,-34.8673],[139.6571,-34.8674],[139.6572,-34.8675],[139.7597,-34.8675],[139.7594,-34.8609],[139.7592,-34.8329],[139.7595,-34.8186],[139.7592,-34.8141],[139.7597,-34.8133],[139.7598,-34.8072],[139.7592,-34.804],[139.7593,-34.7893],[139.759,-34.7403],[139.7593,-34.7396],[139.7593,-34.7257],[139.7592,-34.7218],[139.7594,-34.7125],[139.7591,-34.701],[139.7595,-34.6922],[139.7593,-34.6637],[139.7593,-34.6398],[139.7589,-34.6384],[139.7588,-34.6069],[139.7679,-34.609],[139.778,-34.6092],[139.7838,-34.61],[139.8001,-34.6113],[139.8195,-34.6109],[139.8253,-34.6113],[139.8411,-34.613],[139.8444,-34.6123],[139.8589,-34.612],[139.8674,-34.6102],[139.8789,-34.6092],[139.8836,-34.6081],[139.8928,-34.6097],[139.8988,-34.6101],[139.9055,-34.6119],[139.9091,-34.6136],[139.9144,-34.6144],[139.9224,-34.6145],[139.9251,-34.6135],[139.9287,-34.6136],[139.9308,-34.6143],[139.9464,-34.6166],[139.951,-34.6181],[139.9551,-34.6189],[139.9645,-34.6192],[139.9673,-34.6205],[139.9699,-34.6201],[139.9936,-34.6158],[139.996,-34.6141],[140.0148,-34.6102],[140.0163,-34.6096],[140.0642,-34.5997],[140.0642,-34.5755],[140.1017,-34.5755],[140.128,-34.5702],[140.1292,-34.5702],[140.1541,-34.5651],[140.1882,-34.5651],[140.1881,-34.5654],[140.188,-34.6607],[140.1843,-34.6611],[140.1802,-34.6606],[140.1773,-34.6617],[140.1771,-34.6947],[140.2958,-34.6946],[140.3676,-34.6945],[140.3672,-34.87],[140.3692,-34.8699],[140.395,-34.87],[140.3973,-34.8701],[140.4297,-34.8702],[140.4299,-35.0193],[140.491,-35.0193]]]}},{"type":"Feature","properties":{"geoKey":"43360+43790","codes":["43360","43790"]},"geometry":{"type":"MultiPolygon","coordinates":[[[[139.7424,-37.0241],[139.7405,-37.0213],[139.7366,-37.0165],[139.7339,-37.0142],[139.7306,-37.0093],[139.7282,-37.0074],[139.722,-37.0008],[139.7189,-36.9984],[139.7119,-36.9945],[139.7086,-36.9919],[139.7057,-36.989],[139.7014,-36.9868],[139.6975,-36.9836],[139.6933,-36.9816],[139.6913,-36.9798],[139.6845,-36.9747],[139.6804,-36.9703],[139.6768,-36.9675],[139.6743,-36.9644],[139.6719,-36.9603],[139.6703,-36.9587],[139.6711,-36.9528],[139.6726,-36.9514],[139.6737,-36.949],[139.6743,-36.9441],[139.6755,-36.9424],[139.6815,-36.9424],[139.6843,-36.9414],[139.6875,-36.9411],[139.6907,-36.9415],[139.6963,-36.9405],[139.6964,-36.9388],[139.6978,-36.9378],[139.6961,-36.9342],[139.6966,-36.9341],[139.6992,-36.9392],[139.7077,-36.9346],[139.7125,-36.9326],[139.719,-36.9284],[139.7249,-36.9224],[139.7287,-36.9191],[139.7336,-36.9163],[139.7395,-36.915],[139.7415,-36.9142],[139.7475,-36.9098],[139.7571,-36.9067],[139.7616,-36.9045],[139.7667,-36.9025],[139.7742,-36.9011],[139.7797,-36.899],[139.7846,-36.8963],[139.7892,-36.8933],[139.7913,-36.8911],[139.7939,-36.8875],[139.7998,-36.881],[139.8021,-36.8796],[139.8083,-36.8772],[139.8119,-36.8737],[139.8161,-36.871],[139.8188,-36.8685],[139.8221,-36.8633],[139.8239,-36.8612],[139.8257,-36.8575],[139.8334,-36.8521],[139.8364,-36.849],[139.8401,-36.8433],[139.8429,-36.8396],[139.8452,-36.8339],[139.8471,-36.8315],[139.8505,-36.8235],[139.8514,-36.8182],[139.8514,-36.8161],[139.8534,-36.8089],[139.8546,-36.8022],[139.8564,-36.798],[139.8581,-36.7908],[139.8596,-36.7832],[139.8601,-36.7788],[139.8613,-36.7729],[139.862,-36.7681],[139.8625,-36.7602],[139.8627,-36.7514],[139.8625,-36.7462],[139.8625,-36.7366],[139.8634,-36.7279],[139.8635,-36.7176],[139.8625,-36.7041],[139.8622,-36.6967],[139.8612,-36.6871],[139.8569,-36.6703],[139.8548,-36.6614],[139.8536,-36.6574],[139.8499,-36.6434],[139.8484,-36.6388],[139.8458,-36.6293],[139.8423,-36.6197],[139.839,-36.609],[139.8372,-36.6047],[139.836,-36.6002],[139.8337,-36.5946],[139.8329,-36.5903],[139.831,-36.5848],[139.8295,-36.5814],[139.8277,-36.5754],[139.8242,-36.566],[139.8214,-36.5569],[139.8195,-36.5526],[139.8166,-36.5442],[139.8154,-36.5419],[139.8132,-36.5358],[139.8112,-36.529],[139.8088,-36.5229],[139.801,-36.5011],[139.7959,-36.4896],[139.7875,-36.4689],[139.7829,-36.4588],[139.779,-36.452],[139.7749,-36.4428],[139.77,-36.4328],[139.7657,-36.4259],[139.7607,-36.4168],[139.7593,-36.4134],[139.7575,-36.4107],[139.7521,-36.3993],[139.7504,-36.3962],[139.7473,-36.3892],[139.7446,-36.3847],[139.7423,-36.3798],[139.7406,-36.3745],[139.7381,-36.3694],[139.7352,-36.3645],[139.7346,-36.3627],[139.7305,-36.3552],[139.7302,-36.3539],[139.7257,-36.3452],[139.7236,-36.3424],[139.7198,-36.3337],[139.7182,-36.3305],[139.7158,-36.3274],[139.715,-36.3248],[139.7093,-36.3125],[139.7042,-36.3054],[139.7016,-36.3001],[139.6954,-36.291],[139.6934,-36.2861],[139.6906,-36.281],[139.6878,-36.2769],[139.6842,-36.2698],[139.678,-36.261],[139.6754,-36.2563],[139.6716,-36.2509],[139.6707,-36.2487],[139.7598,-36.25],[139.984,-36.2528],[140.0001,-36.2533],[140.0469,-36.2539],[140.0467,-36.2969],[140.0465,-36.3074],[140.0467,-36.3111],[140.0464,-36.3959],[140.0463,-36.4407],[140.0476,-36.4421],[140.0472,-36.444],[140.0485,-36.4455],[140.0473,-36.4477],[140.0477,-36.4489],[140.0461,-36.4516],[140.0466,-36.4547],[140.046,-36.4556],[140.0463,-36.4666],[140.0852,-36.4665],[140.1716,-36.4666],[140.2526,-36.4666],[140.2677,-36.4664],[140.3627,-36.4665],[140.3741,-36.4665],[140.4318,-36.4665],[140.4317,-36.5418],[140.4318,-36.5421],[140.4317,-36.5622],[140.4316,-36.6224],[140.4316,-36.6726],[140.4314,-36.69],[140.3996,-36.6899],[140.3991,-36.6894],[140.3776,-36.6894],[140.3776,-36.6898],[140.3092,-36.6896],[140.2522,-36.6893],[140.2518,-36.8748],[140.2513,-36.875],[140.2517,-36.8804],[140.2517,-36.894],[140.1961,-36.8941],[140.085,-36.8941],[140.0845,-37.0014],[140.0847,-37.0014],[140.0845,-37.0325],[140.0215,-37.0326],[139.9609,-37.0327],[139.9608,-37.0328],[139.9031,-37.0329],[139.8305,-37.0329],[139.8305,-37.0328],[139.7425,-37.0328],[139.7435,-37.0284],[139.7424,-37.0241]]],[[[139.7583,-34.5093],[139.758,-34.5028],[139.7573,-34.5013],[139.7582,-34.496],[139.7564,-34.4942],[139.757,-34.493],[139.757,-34.4768],[139.6951,-34.4769],[139.6213,-34.477],[139.6094,-34.4765],[139.6015,-34.4767],[139.6022,-34.4712],[139.608,-34.4657],[139.6091,-34.4632],[139.6102,-34.4588],[139.6096,-34.4547],[139.6097,-34.4512],[139.6114,-34.4435],[139.6112,-34.4365],[139.6105,-34.4295],[139.611,-34.4266],[139.6153,-34.417],[139.6162,-34.4077],[139.6173,-34.4013],[139.6171,-34.3963],[139.6208,-34.3903],[139.6239,-34.379],[139.6264,-34.3737],[139.6276,-34.3693],[139.6298,-34.3645],[139.6301,-34.3622],[139.6294,-34.361],[139.6232,-34.358],[139.6202,-34.356],[139.6177,-34.3531],[139.6168,-34.3511],[139.6164,-34.3478],[139.6174,-34.3422],[139.617,-34.3349],[139.6177,-34.3299],[139.6198,-34.326],[139.6224,-34.3236],[139.6293,-34.3155],[139.6358,-34.3111],[139.639,-34.3086],[139.6412,-34.3046],[139.6439,-34.3013],[139.6452,-34.2984],[139.6382,-34.2971],[139.6354,-34.295],[139.6334,-34.2918],[139.6326,-34.2877],[139.6383,-34.2868],[139.6408,-34.2844],[139.6415,-34.2817],[139.6401,-34.2775],[139.6336,-34.2766],[139.6295,-34.2744],[139.6258,-34.2696],[139.6239,-34.2652],[139.6255,-34.2635],[139.6294,-34.2614],[139.632,-34.2589],[139.633,-34.2564],[139.6329,-34.2481],[139.6353,-34.2441],[139.6396,-34.2395],[139.6413,-34.2361],[139.6411,-34.2342],[139.6376,-34.2266],[139.6362,-34.2203],[139.6339,-34.2135],[139.6389,-34.209],[139.6439,-34.2018],[139.6466,-34.1974],[139.6486,-34.1922],[139.65,-34.1859],[139.6506,-34.1758],[139.6512,-34.1707],[139.6528,-34.1694],[139.6576,-34.1675],[139.66,-34.1638],[139.6592,-34.1592],[139.7443,-34.159],[139.8576,-34.1587],[139.8575,-34.1361],[139.8577,-34.136],[139.8574,-34.0244],[139.9008,-34.0243],[139.9157,-34.0082],[139.9166,-34.0079],[139.9167,-33.944],[139.98,-33.9443],[139.9836,-33.9319],[139.9971,-33.9485],[140.0448,-33.9524],[140.0533,-33.9597],[140.0553,-34.0572],[140.1502,-34.0562],[140.2075,-34.0554],[140.2162,-34.0552],[140.2162,-34.1741],[140.2212,-34.1762],[140.2335,-34.1805],[140.2366,-34.1799],[140.2412,-34.1755],[140.2453,-34.1732],[140.2522,-34.17],[140.2557,-34.1694],[140.2651,-34.1725],[140.2707,-34.1749],[140.2825,-34.1838],[140.2865,-34.1854],[140.2934,-34.1868],[140.2948,-34.186],[140.2989,-34.1802],[140.3031,-34.1773],[140.3068,-34.1731],[140.314,-34.1687],[140.3226,-34.1613],[140.3288,-34.1556],[140.332,-34.1546],[140.3344,-34.155],[140.3356,-34.1567],[140.335,-34.16],[140.3362,-34.1627],[140.3388,-34.1647],[140.3412,-34.1654],[140.348,-34.1665],[140.3498,-34.1676],[140.351,-34.1703],[140.3491,-34.1723],[140.3446,-34.1731],[140.3427,-34.174],[140.34,-34.1765],[140.3386,-34.18],[140.3388,-34.1824],[140.3423,-34.1858],[140.3467,-34.1867],[140.3516,-34.1864],[140.3566,-34.187],[140.3617,-34.1918],[140.3639,-34.1946],[140.3645,-34.1969],[140.3643,-34.1999],[140.3628,-34.2029],[140.3601,-34.2056],[140.3476,-34.2116],[140.3448,-34.215],[140.345,-34.2187],[140.3477,-34.2201],[140.3514,-34.2192],[140.3563,-34.2156],[140.3582,-34.2151],[140.3628,-34.2152],[140.3641,-34.216],[140.3679,-34.2213],[140.3687,-34.2243],[140.3676,-34.2274],[140.3662,-34.2291],[140.3669,-34.2309],[140.3682,-34.2312],[140.3732,-34.2292],[140.3768,-34.23],[140.3794,-34.2321],[140.3806,-34.2349],[140.384,-34.2355],[140.3879,-34.2348],[140.3922,-34.2364],[140.3948,-34.2394],[140.3944,-34.2423],[140.3909,-34.2459],[140.3862,-34.2474],[140.3856,-34.2503],[140.3875,-34.2525],[140.3923,-34.2539],[140.3956,-34.2566],[140.3979,-34.2602],[140.3981,-34.2631],[140.3954,-34.2658],[140.3922,-34.266],[140.3856,-34.2633],[140.3807,-34.2623],[140.3769,-34.2633],[140.3721,-34.2666],[140.3701,-34.2695],[140.3673,-34.2759],[140.3669,-34.2804],[140.3676,-34.283],[140.3727,-34.2914],[140.3765,-34.2972],[140.3819,-34.3026],[140.3838,-34.3067],[140.384,-34.3114],[140.3834,-34.3132],[140.3794,-34.3189],[140.3789,-34.323],[140.3795,-34.3255],[140.3818,-34.3286],[140.3863,-34.3335],[140.3898,-34.3363],[140.3916,-34.3388],[140.3927,-34.3421],[140.3935,-34.3462],[140.3966,-34.355],[140.3991,-34.3596],[140.4085,-34.3704],[140.4118,-34.3746],[140.4172,-34.3826],[140.4237,-34.3893],[140.4301,-34.3965],[140.4311,-34.3974],[140.4343,-34.3963],[140.4359,-34.3939],[140.4375,-34.388],[140.4398,-34.3843],[140.4435,-34.3813],[140.4474,-34.3797],[140.4494,-34.3795],[140.4582,-34.3812],[140.4622,-34.3805],[140.4684,-34.3775],[140.4741,-34.377],[140.4773,-34.3778],[140.4817,-34.3797],[140.4874,-34.383],[140.4883,-34.3841],[140.4875,-34.3869],[140.4821,-34.3881],[140.4823,-34.3902],[140.4835,-34.3913],[140.4881,-34.3927],[140.4895,-34.3957],[140.4875,-34.3979],[140.4842,-34.3992],[140.4822,-34.4022],[140.4836,-34.4054],[140.4853,-34.4063],[140.4925,-34.4071],[140.4959,-34.4103],[140.4965,-34.4127],[140.4955,-34.4224],[140.496,-34.4287],[140.4973,-34.4382],[140.4981,-34.4404],[140.4998,-34.442],[140.5072,-34.447],[140.5125,-34.4518],[140.519,-34.4547],[140.5252,-34.4563],[140.527,-34.4559],[140.526,-34.4528],[140.5293,-34.4517],[140.5323,-34.4546],[140.5345,-34.4558],[140.5394,-34.4557],[140.5473,-34.4528],[140.5459,-34.4501],[140.546,-34.4478],[140.5476,-34.4467],[140.5506,-34.4464],[140.5569,-34.448],[140.5627,-34.4481],[140.5657,-34.4474],[140.5725,-34.4438],[140.5728,-34.4426],[140.5712,-34.44],[140.571,-34.4376],[140.5723,-34.4359],[140.5748,-34.4351],[140.5793,-34.4351],[140.5833,-34.4339],[140.5848,-34.4326],[140.588,-34.4278],[140.5899,-34.4196],[140.5909,-34.4184],[140.5906,-34.4165],[140.5855,-34.4111],[140.5807,-34.4127],[140.5767,-34.4134],[140.5709,-34.4127],[140.5679,-34.4113],[140.566,-34.4089],[140.5664,-34.4051],[140.5657,-34.4035],[140.5628,-34.4013],[140.5618,-34.3988],[140.564,-34.3961],[140.5672,-34.3949],[140.5726,-34.3943],[140.578,-34.3925],[140.5849,-34.3921],[140.5912,-34.3913],[140.5938,-34.3903],[140.5965,-34.3864],[140.5964,-34.3847],[140.5927,-34.3827],[140.5919,-34.381],[140.5919,-34.3764],[140.5969,-34.3722],[140.5975,-34.3686],[140.5958,-34.3644],[140.5925,-34.3626],[140.5885,-34.3627],[140.5861,-34.3643],[140.583,-34.3727],[140.5801,-34.3733],[140.5784,-34.3715],[140.5777,-34.3668],[140.5756,-34.3642],[140.5731,-34.3638],[140.5695,-34.3657],[140.5658,-34.3652],[140.5647,-34.3622],[140.5654,-34.361],[140.5679,-34.3601],[140.5767,-34.3592],[140.5777,-34.3581],[140.5765,-34.3559],[140.5738,-34.3556],[140.5696,-34.3564],[140.5666,-34.3557],[140.5648,-34.3538],[140.5624,-34.3499],[140.5586,-34.3482],[140.5531,-34.3467],[140.5519,-34.3454],[140.5526,-34.343],[140.555,-34.342],[140.5614,-34.3449],[140.5655,-34.346],[140.5721,-34.3469],[140.5761,-34.3457],[140.5768,-34.3425],[140.5713,-34.335],[140.5705,-34.3324],[140.5715,-34.3299],[140.5731,-34.3286],[140.5754,-34.328],[140.581,-34.3279],[140.5845,-34.3273],[140.5897,-34.3258],[140.5957,-34.3252],[140.5986,-34.3259],[140.5997,-34.325],[140.5995,-34.3231],[140.6673,-34.3231],[140.667,-34.3234],[140.7856,-34.3232],[140.8513,-34.3231],[140.9635,-34.3228],[140.9639,-34.3686],[140.9643,-34.4387],[140.9645,-34.5026],[140.9654,-34.8699],[140.9655,-34.9284],[140.9655,-34.9611],[140.9656,-35.0083],[140.9577,-35.0075],[140.9499,-35.006],[140.9455,-35.0061],[140.9354,-35.007],[140.9203,-35.0078],[140.9141,-35.0076],[140.9075,-35.006],[140.9034,-35.0066],[140.892,-35.0056],[140.8841,-35.0073],[140.8789,-35.0071],[140.8745,-35.0074],[140.8708,-35.007],[140.8665,-35.0055],[140.8587,-35.0049],[140.8554,-35.0049],[140.8531,-35.0057],[140.8433,-35.0067],[140.8405,-35.0079],[140.8374,-35.0071],[140.8343,-35.0051],[140.8295,-35.0047],[140.8278,-35.0038],[140.8263,-35.0014],[140.8229,-34.9984],[140.8175,-34.9948],[140.8135,-34.9933],[140.8113,-34.9939],[140.8089,-34.99],[140.8047,-34.9875],[140.8006,-34.988],[140.7977,-34.9876],[140.796,-34.9867],[140.7865,-34.9967],[140.7739,-34.9887],[140.7604,-34.9914],[140.7591,-34.9906],[140.7469,-34.9904],[140.7414,-34.9898],[140.733,-34.9897],[140.7249,-34.9899],[140.7221,-34.9887],[140.7153,-34.9887],[140.7133,-34.9892],[140.7042,-34.9889],[140.6999,-34.99],[140.6979,-34.9896],[140.6943,-34.9919],[140.6854,-34.9931],[140.6808,-34.9941],[140.6763,-34.9963],[140.6693,-34.9969],[140.6638,-34.9983],[140.6602,-34.9988],[140.6566,-34.9985],[140.6547,-34.9996],[140.6465,-35.0013],[140.6433,-35.0001],[140.6415,-35.0017],[140.6371,-35.0018],[140.6341,-35.0008],[140.6303,-35.0001],[140.6116,-35.0031],[140.6073,-35.0033],[140.6073,-35.0167],[140.5997,-35.0166],[140.5946,-35.0182],[140.5801,-35.018],[140.5722,-35.0189],[140.5648,-35.0173],[140.5493,-35.018],[140.5406,-35.0187],[140.5368,-35.0175],[140.5329,-35.0178],[140.5283,-35.0189],[140.5223,-35.0182],[140.5141,-35.0195],[140.4943,-35.0196],[140.491,-35.0193],[140.4299,-35.0193],[140.4297,-34.8702],[140.3973,-34.8701],[140.395,-34.87],[140.3692,-34.8699],[140.3672,-34.87],[140.3676,-34.6945],[140.2958,-34.6946],[140.1771,-34.6947],[140.1773,-34.6617],[140.1802,-34.6606],[140.1843,-34.6611],[140.188,-34.6607],[140.1881,-34.5654],[140.1882,-34.5651],[140.1541,-34.5651],[140.1292,-34.5702],[140.128,-34.5702],[140.1017,-34.5755],[140.0642,-34.5755],[140.0642,-34.5997],[140.0163,-34.6096],[140.0148,-34.6102],[139.996,-34.6141],[139.9936,-34.6158],[139.9699,-34.6201],[139.9673,-34.6205],[139.9645,-34.6192],[139.9551,-34.6189],[139.951,-34.6181],[139.9464,-34.6166],[139.9308,-34.6143],[139.9287,-34.6136],[139.9251,-34.6135],[139.9224,-34.6145],[139.9144,-34.6144],[139.9091,-34.6136],[139.9055,-34.6119],[139.8988,-34.6101],[139.8928,-34.6097],[139.8836,-34.6081],[139.8789,-34.6092],[139.8674,-34.6102],[139.8589,-34.612],[139.8444,-34.6123],[139.8411,-34.613],[139.8253,-34.6113],[139.8195,-34.6109],[139.8001,-34.6113],[139.7838,-34.61],[139.778,-34.6092],[139.7679,-34.609],[139.7588,-34.6069],[139.7587,-34.5105],[139.7583,-34.5093]]]]}},{"type":"Feature","properties":{"geoKey":"44830+45540","codes":["44830","45540"]},"geometry":{"type":"MultiPolygon","coordinates":[[[[138.7195,-32.7683],[138.7399,-32.7681],[138.8023,-32.7679],[138.8901,-32.7675],[138.8901,-32.5947],[138.9908,-32.5947],[139.0658,-32.5946],[139.1412,-32.5945],[139.263,-32.5942],[139.3535,-32.594],[139.3539,-32.795],[139.354,-32.8878],[139.3541,-32.9693],[139.3543,-33.0976],[139.2897,-33.0979],[139.1816,-33.0982],[139.1052,-33.0988],[138.9766,-33.0998],[138.9765,-33.0997],[138.9508,-33.0999],[138.9428,-33.1],[138.8551,-33.1007],[138.855,-33.1008],[138.816,-33.1011],[138.8156,-33.101],[138.7558,-33.1014],[138.6979,-33.1018],[138.6979,-33.0945],[138.6999,-33.0907],[138.7029,-33.0878],[138.7054,-33.0833],[138.707,-33.0779],[138.7087,-33.0765],[138.7142,-33.0754],[138.7185,-33.0715],[138.7215,-33.0706],[138.7205,-32.9424],[138.7207,-32.9423],[138.7205,-32.9413],[138.7195,-32.7683]]],[[[138.0342,-33.1056],[138.0355,-33.1058],[138.033,-33.1069],[138.0296,-33.1071],[138.0247,-33.1058],[138.0243,-33.1024],[138.0298,-33.0987],[138.0311,-33.0984],[138.0354,-33.0996],[138.0365,-33.1007],[138.0392,-33.101],[138.0367,-33.0986],[138.0362,-33.0961],[138.0411,-33.0933],[138.0408,-33.0899],[138.045,-33.0909],[138.046,-33.0878],[138.0455,-33.0847],[138.044,-33.0834],[138.042,-33.0771],[138.0403,-33.0737],[138.0382,-33.0711],[138.0358,-33.0668],[138.0333,-33.0635],[138.0303,-33.0579],[138.0282,-33.0511],[138.0245,-33.0447],[138.0226,-33.0425],[138.0215,-33.0399],[138.0188,-33.0356],[138.0146,-33.0318],[138.0118,-33.031],[138.0086,-33.0285],[138.0035,-33.0252],[137.9999,-33.0233],[137.9986,-33.0238],[137.9948,-33.0216],[137.9879,-33.0188],[137.9841,-33.0188],[137.983,-33.0202],[137.9769,-33.0182],[137.9715,-33.0158],[137.9688,-33.0158],[137.9674,-33.0168],[137.9637,-33.016],[137.9616,-33.0134],[137.9604,-33.013],[137.9542,-33.0084],[137.9523,-33.0064],[137.9529,-33.0021],[137.9526,-33.0002],[137.9546,-32.9985],[137.9552,-32.995],[137.9584,-32.9893],[137.9554,-32.9894],[137.9558,-32.9837],[137.9566,-32.9814],[137.9546,-32.9804],[137.9512,-32.9744],[137.9501,-32.9703],[137.9489,-32.9694],[137.9484,-32.9669],[137.9456,-32.9623],[137.942,-32.9544],[137.9416,-32.9514],[137.94,-32.9482],[137.9396,-32.9452],[137.9399,-32.9431],[137.9382,-32.9298],[137.9343,-32.9187],[137.9339,-32.9122],[137.9331,-32.9088],[137.9299,-32.8979],[137.9289,-32.8904],[137.9264,-32.8802],[137.9246,-32.8745],[137.9215,-32.8679],[137.9162,-32.8601],[137.9147,-32.8568],[137.9152,-32.856],[137.9123,-32.8535],[137.9117,-32.8501],[137.9121,-32.8455],[137.9116,-32.8427],[137.9075,-32.8343],[137.9053,-32.8263],[137.9051,-32.8235],[137.9036,-32.8152],[137.9031,-32.8084],[137.9025,-32.8057],[137.9652,-32.8059],[137.9624,-32.8013],[137.9555,-32.7814],[137.9552,-32.7792],[137.956,-32.771],[137.9552,-32.7665],[137.9479,-32.7514],[137.9472,-32.7486],[137.947,-32.7451],[137.9461,-32.7417],[137.9436,-32.7365],[137.9429,-32.734],[137.9438,-32.7261],[137.9434,-32.7238],[137.9413,-32.7168],[137.9411,-32.7126],[137.9429,-32.7037],[137.9431,-32.7012],[137.9426,-32.6935],[137.9309,-32.66],[137.9229,-32.66],[137.923,-32.4946],[137.9711,-32.4949],[137.9711,-32.4973],[137.9807,-32.4973],[137.9807,-32.497],[138.0062,-32.4972],[138.0082,-32.5059],[138.0092,-32.5063],[138.0706,-32.5064],[138.0714,-32.5047],[138.0733,-32.5064],[138.0837,-32.5063],[138.0885,-32.5104],[138.0946,-32.5097],[138.096,-32.5086],[138.1023,-32.5061],[138.1045,-32.5044],[138.1076,-32.5039],[138.1129,-32.5086],[138.1246,-32.5145],[138.1317,-32.5176],[138.1567,-32.5271],[138.1568,-32.4634],[138.157,-32.4633],[138.1572,-32.4148],[138.2425,-32.4147],[138.3274,-32.4149],[138.3431,-32.4152],[138.3431,-32.324],[138.3718,-32.3258],[138.391,-32.3258],[138.3925,-32.3231],[138.4401,-32.3232],[138.44,-32.4298],[138.4402,-32.4298],[138.44,-32.494],[138.4399,-32.4943],[138.4398,-32.5944],[138.4396,-32.6434],[138.4397,-32.6606],[138.4395,-32.829],[138.4396,-32.8435],[138.4396,-32.878],[138.4393,-32.937],[138.4392,-32.9433],[138.4392,-32.9839],[138.4394,-32.9886],[138.4395,-33.0081],[138.4394,-33.0187],[138.4394,-33.1031],[138.3565,-33.1034],[138.3032,-33.1036],[138.3027,-33.1021],[138.295,-33.1027],[138.293,-33.102],[138.2897,-33.1024],[138.2851,-33.1037],[138.213,-33.1039],[138.213,-33.1064],[138.2108,-33.1073],[138.2107,-33.1131],[138.2063,-33.1131],[138.2063,-33.1114],[138.2003,-33.1113],[138.1961,-33.104],[138.1637,-33.1041],[138.129,-33.1042],[138.1034,-33.1042],[138.0856,-33.104],[138.0438,-33.104],[138.0401,-33.1049],[138.0364,-33.103],[138.0342,-33.1056]]]]}},{"type":"Feature","properties":{"geoKey":"45090+46860","codes":["45090","46860"]},"geometry":{"type":"MultiPolygon","coordinates":[[[[139.8477,-37.3255],[139.8479,-37.3259],[139.8472,-37.3257],[139.8477,-37.3255]]],[[[139.8512,-37.3296],[139.8498,-37.3316],[139.8481,-37.3278],[139.8459,-37.3265],[139.8493,-37.3273],[139.8506,-37.3241],[139.8493,-37.3218],[139.8456,-37.3208],[139.8436,-37.3225],[139.8411,-37.3213],[139.8434,-37.3192],[139.8427,-37.3166],[139.8403,-37.3148],[139.8367,-37.3138],[139.8378,-37.3126],[139.8376,-37.3104],[139.8365,-37.3088],[139.8341,-37.3075],[139.8313,-37.3048],[139.8278,-37.3037],[139.8289,-37.3012],[139.827,-37.2999],[139.825,-37.2957],[139.823,-37.2943],[139.8198,-37.293],[139.8213,-37.2918],[139.8193,-37.2865],[139.8166,-37.2838],[139.8153,-37.2837],[139.8147,-37.2822],[139.8117,-37.2808],[139.8119,-37.2777],[139.8076,-37.2742],[139.8074,-37.2722],[139.8044,-37.2686],[139.8046,-37.2665],[139.8034,-37.2641],[139.8018,-37.2643],[139.7992,-37.2605],[139.7959,-37.2587],[139.7971,-37.2572],[139.7956,-37.2551],[139.7956,-37.2535],[139.7943,-37.2507],[139.7915,-37.2471],[139.7907,-37.2446],[139.7885,-37.2405],[139.7853,-37.2373],[139.7832,-37.237],[139.7822,-37.2353],[139.7835,-37.234],[139.783,-37.231],[139.7805,-37.2295],[139.7789,-37.2296],[139.7773,-37.2267],[139.7773,-37.2243],[139.7746,-37.2235],[139.7746,-37.2214],[139.7713,-37.2173],[139.7673,-37.2105],[139.7663,-37.2069],[139.7635,-37.2047],[139.7636,-37.2035],[139.7616,-37.1997],[139.7575,-37.1944],[139.7505,-37.1906],[139.7479,-37.1865],[139.743,-37.1826],[139.74,-37.1821],[139.7401,-37.1796],[139.7431,-37.1768],[139.7443,-37.1718],[139.7436,-37.1687],[139.7423,-37.1663],[139.7452,-37.1633],[139.7433,-37.1604],[139.7447,-37.1601],[139.7451,-37.1567],[139.7431,-37.1569],[139.7431,-37.1558],[139.7465,-37.1556],[139.7489,-37.1566],[139.7495,-37.1592],[139.7526,-37.1609],[139.753,-37.1618],[139.7565,-37.1621],[139.7587,-37.1628],[139.7613,-37.1617],[139.7645,-37.1628],[139.7662,-37.1623],[139.7684,-37.1635],[139.7716,-37.1635],[139.7765,-37.1652],[139.7789,-37.1643],[139.7801,-37.165],[139.7834,-37.163],[139.7885,-37.1578],[139.7929,-37.1492],[139.794,-37.1464],[139.7958,-37.1375],[139.7958,-37.1311],[139.7952,-37.1255],[139.7911,-37.1115],[139.7877,-37.1045],[139.7822,-37.096],[139.7756,-37.0879],[139.7663,-37.08],[139.7631,-37.0782],[139.7599,-37.0774],[139.7566,-37.0786],[139.7519,-37.0772],[139.7476,-37.075],[139.7445,-37.0747],[139.744,-37.0718],[139.7422,-37.0688],[139.7401,-37.0624],[139.7393,-37.055],[139.7399,-37.0511],[139.7393,-37.0462],[139.7427,-37.0394],[139.7431,-37.0364],[139.7425,-37.0328],[139.8305,-37.0328],[139.8305,-37.0329],[139.9031,-37.0329],[139.9608,-37.0328],[139.9609,-37.0327],[140.0215,-37.0326],[140.0845,-37.0325],[140.0847,-37.0014],[140.0845,-37.0014],[140.085,-36.8941],[140.1961,-36.8941],[140.2517,-36.894],[140.2517,-36.8804],[140.2513,-36.875],[140.2518,-36.8748],[140.2522,-36.6893],[140.3092,-36.6896],[140.3776,-36.6898],[140.3776,-36.6894],[140.3991,-36.6894],[140.3996,-36.6899],[140.4314,-36.69],[140.4314,-36.7024],[140.4569,-36.6982],[140.484,-36.6947],[140.4869,-36.6946],[140.486,-36.6924],[140.5166,-36.6945],[140.5357,-36.6906],[140.5469,-36.6906],[140.5487,-36.6926],[140.5791,-36.6925],[140.6119,-36.6925],[140.6118,-36.6759],[140.6121,-36.669],[140.6399,-36.669],[140.6799,-36.6691],[140.81,-36.6691],[140.8666,-36.6692],[140.8935,-36.6691],[140.9176,-36.669],[140.9376,-36.669],[140.9689,-36.669],[140.9689,-36.6941],[140.9687,-36.6941],[140.9686,-36.7342],[140.9688,-36.7342],[140.969,-36.7932],[140.9693,-36.8244],[140.9699,-36.8489],[140.9704,-36.9051],[140.9706,-36.9111],[140.9712,-36.9705],[140.9714,-37.0063],[140.9716,-37.0088],[140.9719,-37.0361],[140.972,-37.0665],[140.9717,-37.1312],[140.9717,-37.1314],[140.9715,-37.1785],[140.8858,-37.1782],[140.7933,-37.1777],[140.7075,-37.1769],[140.612,-37.176],[140.6122,-37.1792],[140.612,-37.1899],[140.6119,-37.3097],[140.61,-37.3217],[140.6091,-37.3219],[140.5316,-37.3216],[140.4747,-37.3214],[140.4254,-37.3214],[140.3421,-37.3216],[140.3289,-37.3216],[140.2435,-37.3213],[140.1368,-37.3212],[140.0659,-37.3211],[139.9551,-37.3207],[139.8835,-37.3204],[139.8736,-37.321],[139.8742,-37.3217],[139.8684,-37.3399],[139.8655,-37.3356],[139.8595,-37.3307],[139.8563,-37.3294],[139.8512,-37.3296]]],[[[139.7367,-37.1768],[139.7368,-37.177],[139.7364,-37.1769],[139.7367,-37.1768]]],[[[139.7238,-37.092],[139.7208,-37.0913],[139.7226,-37.089],[139.7246,-37.0903],[139.7238,-37.092]]],[[[139.7219,-37.0874],[139.7223,-37.087],[139.723,-37.0879],[139.7219,-37.0874]]],[[[139.7205,-37.0872],[139.7219,-37.0871],[139.7209,-37.0876],[139.7205,-37.0872]]],[[[139.7226,-37.0859],[139.7245,-37.0857],[139.724,-37.0876],[139.7226,-37.0859]]]]}},{"type":"Feature","properties":{"geoKey":"41330+41830+46970+49399","codes":["41330","41830","46970","49399"]},"geometry":{"type":"MultiPolygon","coordinates":[[[[133.1305,-32.6472],[133.1316,-32.6454],[133.1313,-32.6439],[133.1343,-32.6434],[133.133,-32.6477],[133.1319,-32.6485],[133.1305,-32.6472]]],[[[133.2775,-32.5871],[133.2766,-32.5833],[133.2788,-32.5811],[133.2814,-32.5798],[133.2855,-32.5788],[133.2856,-32.5802],[133.2876,-32.5833],[133.289,-32.5832],[133.2899,-32.5854],[133.2841,-32.5883],[133.281,-32.5888],[133.2775,-32.5871]]],[[[133.2866,-32.5624],[133.286,-32.5603],[133.2826,-32.5595],[133.282,-32.5576],[133.2837,-32.5541],[133.2865,-32.5534],[133.2872,-32.5563],[133.2891,-32.5578],[133.2927,-32.5578],[133.2939,-32.5567],[133.2978,-32.5561],[133.2987,-32.5579],[133.296,-32.5592],[133.2947,-32.5629],[133.2901,-32.5644],[133.2918,-32.5674],[133.2877,-32.5674],[133.2873,-32.5682],[133.2837,-32.5686],[133.2803,-32.5681],[133.2802,-32.5668],[133.2754,-32.5655],[133.2759,-32.5624],[133.2802,-32.5625],[133.283,-32.5644],[133.286,-32.5641],[133.2866,-32.5624]]],[[[133.3068,-32.5236],[133.3066,-32.522],[133.3079,-32.5215],[133.3068,-32.5236]]],[[[133.2523,-32.5134],[133.2492,-32.5102],[133.2494,-32.5074],[133.2503,-32.507],[133.2516,-32.5087],[133.2538,-32.5069],[133.2556,-32.5086],[133.2523,-32.5134]]],[[[133.2822,-32.5154],[133.2836,-32.5129],[133.2832,-32.511],[133.2814,-32.5102],[133.2801,-32.5066],[133.2778,-32.5042],[133.2752,-32.5029],[133.2717,-32.5031],[133.2695,-32.5025],[133.2678,-32.5003],[133.2698,-32.4987],[133.2707,-32.4961],[133.2747,-32.4955],[133.2758,-32.4962],[133.2773,-32.4946],[133.2788,-32.4955],[133.2814,-32.4954],[133.2827,-32.4939],[133.2869,-32.4909],[133.2884,-32.4906],[133.2894,-32.4917],[133.2884,-32.4932],[133.2862,-32.4943],[133.2854,-32.4962],[133.2862,-32.4979],[133.2891,-32.5006],[133.2946,-32.5029],[133.2974,-32.5033],[133.3012,-32.5031],[133.3082,-32.4979],[133.3101,-32.4995],[133.3077,-32.5015],[133.3078,-32.5026],[133.3109,-32.5035],[133.311,-32.5066],[133.3098,-32.5082],[133.3111,-32.5105],[133.3097,-32.512],[133.3053,-32.5152],[133.3036,-32.5152],[133.3022,-32.519],[133.3048,-32.5207],[133.3043,-32.5221],[133.302,-32.5234],[133.2989,-32.524],[133.2921,-32.5243],[133.2898,-32.5271],[133.2873,-32.5272],[133.2857,-32.5261],[133.2852,-32.5244],[133.287,-32.5233],[133.2886,-32.5187],[133.2871,-32.5172],[133.2829,-32.5177],[133.2791,-32.5191],[133.2774,-32.5175],[133.2784,-32.5159],[133.2822,-32.5154]]],[[[133.2613,-32.5082],[133.2612,-32.5063],[133.2637,-32.5046],[133.2636,-32.5059],[133.2613,-32.5082]]],[[[133.334,-32.4933],[133.3339,-32.4901],[133.3322,-32.4896],[133.3316,-32.4859],[133.3305,-32.4841],[133.3367,-32.4837],[133.3349,-32.4875],[133.3369,-32.4892],[133.334,-32.4933]]],[[[133.3083,-32.4842],[133.3101,-32.4833],[133.3118,-32.4838],[133.3108,-32.4861],[133.3082,-32.4873],[133.3073,-32.4869],[133.3083,-32.4842]]],[[[133.344,-32.4823],[133.3432,-32.4811],[133.3455,-32.4791],[133.3473,-32.4792],[133.3468,-32.4821],[133.344,-32.4823]]],[[[133.316,-32.4715],[133.3179,-32.4697],[133.3202,-32.4719],[133.32,-32.4734],[133.317,-32.4763],[133.3132,-32.4773],[133.316,-32.4715]]],[[[133.3788,-32.3924],[133.3814,-32.3932],[133.3818,-32.3953],[133.3777,-32.3973],[133.3768,-32.4017],[133.3758,-32.4029],[133.3707,-32.4027],[133.3677,-32.4035],[133.3667,-32.4029],[133.3658,-32.3999],[133.3664,-32.3982],[133.3684,-32.3991],[133.3683,-32.3944],[133.3675,-32.3937],[133.37,-32.393],[133.372,-32.3939],[133.3733,-32.3932],[133.3758,-32.3938],[133.3788,-32.3924]]],[[[133.482,-32.3679],[133.4856,-32.3674],[133.4851,-32.3685],[133.4869,-32.3704],[133.4867,-32.3718],[133.4846,-32.3737],[133.4855,-32.3761],[133.4845,-32.3786],[133.4851,-32.3801],[133.4839,-32.3826],[133.4824,-32.3837],[133.4807,-32.3825],[133.4777,-32.3824],[133.4754,-32.3807],[133.4765,-32.3773],[133.4756,-32.3761],[133.4777,-32.3752],[133.4783,-32.3729],[133.4769,-32.3708],[133.4813,-32.3691],[133.482,-32.3679]]],[[[133.3397,-32.369],[133.34,-32.3686],[133.3408,-32.369],[133.3397,-32.369]]],[[[133.3522,-32.3663],[133.3489,-32.3671],[133.3487,-32.3658],[133.351,-32.3655],[133.3522,-32.3663]]],[[[133.3555,-32.3659],[133.355,-32.3661],[133.3548,-32.3656],[133.3555,-32.3659]]],[[[133.5605,-32.3223],[133.5614,-32.321],[133.5616,-32.3218],[133.5605,-32.3223]]],[[[133.5297,-32.3165],[133.5321,-32.3148],[133.5312,-32.3165],[133.5297,-32.3165]]],[[[133.5127,-32.3024],[133.515,-32.3013],[133.5163,-32.3019],[133.5204,-32.3008],[133.5213,-32.3029],[133.5231,-32.3036],[133.526,-32.3035],[133.5279,-32.3027],[133.5307,-32.3046],[133.5293,-32.3075],[133.5275,-32.3093],[133.5229,-32.3112],[133.5222,-32.313],[133.5188,-32.3142],[133.5153,-32.3161],[133.5123,-32.3162],[133.5117,-32.3174],[133.5087,-32.3175],[133.5067,-32.3192],[133.5014,-32.3184],[133.5014,-32.3171],[133.5035,-32.3157],[133.5026,-32.3122],[133.5039,-32.3111],[133.5032,-32.3097],[133.5049,-32.307],[133.5079,-32.3051],[133.5115,-32.3044],[133.5127,-32.3024]]],[[[133.2245,-32.2787],[133.2268,-32.2774],[133.226,-32.2791],[133.2245,-32.2787]]],[[[133.3659,-32.2749],[133.3664,-32.2733],[133.3683,-32.2715],[133.3696,-32.2718],[133.3679,-32.2746],[133.3659,-32.2749]]],[[[133.2272,-32.2699],[133.2293,-32.2671],[133.2291,-32.2653],[133.2306,-32.2651],[133.2324,-32.2683],[133.2316,-32.2703],[133.2327,-32.2719],[133.2289,-32.2732],[133.2272,-32.2717],[133.2256,-32.2717],[133.2252,-32.2698],[133.2272,-32.2699]]],[[[133.2743,-32.2678],[133.273,-32.2685],[133.2717,-32.2675],[133.2726,-32.2656],[133.2743,-32.2678]]],[[[133.2392,-32.2635],[133.2403,-32.2623],[133.2421,-32.2636],[133.2392,-32.2635]]],[[[136.0637,-35.2271],[136.0616,-35.2253],[136.0618,-35.2241],[136.0652,-35.2225],[136.0688,-35.2231],[136.0701,-35.2261],[136.0733,-35.2276],[136.0683,-35.2289],[136.0701,-35.232],[136.072,-35.233],[136.0726,-35.2371],[136.071,-35.2381],[136.0675,-35.2388],[136.0632,-35.2373],[136.0601,-35.2379],[136.0558,-35.2357],[136.0554,-35.2342],[136.0567,-35.2322],[136.0581,-35.2317],[136.0581,-35.2294],[136.0611,-35.228],[136.0612,-35.2271],[136.0637,-35.2271]]],[[[135.8733,-34.7787],[135.8693,-34.7794],[135.8687,-34.7778],[135.872,-34.7758],[135.8736,-34.7716],[135.8771,-34.7695],[135.8793,-34.771],[135.8791,-34.7739],[135.8769,-34.7764],[135.8733,-34.7787]]],[[[135.912,-34.6962],[135.912,-34.6943],[135.9145,-34.6925],[135.9156,-34.69],[135.9144,-34.6852],[135.9135,-34.6838],[135.914,-34.6815],[135.9136,-34.6778],[135.9167,-34.6732],[135.9179,-34.6729],[135.9178,-34.6775],[135.9183,-34.6793],[135.9207,-34.6825],[135.9228,-34.6836],[135.9261,-34.6828],[135.9281,-34.6814],[135.9316,-34.6812],[135.9329,-34.6837],[135.9329,-34.6855],[135.9352,-34.6854],[135.9386,-34.6874],[135.9384,-34.6896],[135.9398,-34.6922],[135.9429,-34.6945],[135.9406,-34.6962],[135.9391,-34.6991],[135.9396,-34.7019],[135.9393,-34.705],[135.9409,-34.7075],[135.9397,-34.7108],[135.9416,-34.7136],[135.946,-34.7132],[135.948,-34.7154],[135.9478,-34.7183],[135.9494,-34.7223],[135.9506,-34.7234],[135.953,-34.7234],[135.9528,-34.7247],[135.9505,-34.7252],[135.9486,-34.7267],[135.9452,-34.7249],[135.9426,-34.7211],[135.9405,-34.7213],[135.9379,-34.7198],[135.9367,-34.7202],[135.9354,-34.7227],[135.9328,-34.7254],[135.9317,-34.7298],[135.9301,-34.7312],[135.9297,-34.7332],[135.9288,-34.7323],[135.9296,-34.7301],[135.9293,-34.7281],[135.9316,-34.7265],[135.9304,-34.7237],[135.9266,-34.7216],[135.9272,-34.718],[135.9215,-34.7142],[135.9215,-34.7099],[135.9227,-34.7087],[135.9225,-34.7055],[135.9235,-34.7028],[135.9225,-34.7007],[135.9181,-34.6978],[135.9146,-34.6964],[135.912,-34.6962]]],[[[135.9469,-34.5721],[135.9462,-34.5683],[135.9505,-34.5686],[135.9528,-34.5678],[135.9557,-34.5696],[135.956,-34.5719],[135.9571,-34.5723],[135.959,-34.5753],[135.9575,-34.5779],[135.9576,-34.5813],[135.9604,-34.5831],[135.9585,-34.5857],[135.9594,-34.5881],[135.9569,-34.5898],[135.9547,-34.5932],[135.9527,-34.5938],[135.9518,-34.5928],[135.9525,-34.5887],[135.9518,-34.5875],[135.9538,-34.5839],[135.9527,-34.5812],[135.9483,-34.5764],[135.9461,-34.5747],[135.9469,-34.5721]]],[[[135.8775,-33.1267],[135.8672,-33.1203],[135.857,-33.1146],[135.8523,-33.1127],[135.8465,-33.1111],[135.842,-33.1093],[135.8352,-33.1085],[135.8306,-33.1084],[135.826,-33.1075],[135.8261,-33.107],[135.8261,-33.0785],[135.8256,-33.078],[135.8256,-33.0555],[136.0013,-33.0543],[136.0013,-33.1334],[135.9612,-33.1337],[135.9603,-33.1337],[135.9084,-33.131],[135.8834,-33.1293],[135.8775,-33.1267]]],[[[133.6338,-32.4701],[133.6342,-32.4705],[133.632,-32.4713],[133.6338,-32.4701]]],[[[133.6445,-32.4659],[133.6462,-32.4662],[133.6427,-32.4679],[133.6445,-32.4659]]],[[[133.6482,-32.4609],[133.6448,-32.4605],[133.6418,-32.4611],[133.6396,-32.4632],[133.6377,-32.4623],[133.6349,-32.4621],[133.6319,-32.4597],[133.6309,-32.4573],[133.6285,-32.4589],[133.6255,-32.4569],[133.6273,-32.4522],[133.6298,-32.4519],[133.6344,-32.45],[133.6361,-32.4508],[133.6376,-32.4499],[133.638,-32.4517],[133.6415,-32.4539],[133.6469,-32.4534],[133.649,-32.452],[133.649,-32.4508],[133.6512,-32.45],[133.6549,-32.4511],[133.6535,-32.4531],[133.6533,-32.4555],[133.6482,-32.4609]]],[[[133.6815,-32.4384],[133.6824,-32.4384],[133.6835,-32.4407],[133.6824,-32.4427],[133.68,-32.444],[133.6785,-32.4435],[133.6766,-32.446],[133.6709,-32.4473],[133.6691,-32.4493],[133.667,-32.4496],[133.6609,-32.4552],[133.6585,-32.4556],[133.6578,-32.4549],[133.6583,-32.4506],[133.6612,-32.4475],[133.6616,-32.444],[133.663,-32.4431],[133.6674,-32.4432],[133.669,-32.4415],[133.67,-32.4386],[133.6691,-32.4364],[133.6724,-32.4349],[133.6749,-32.4355],[133.6757,-32.4346],[133.6787,-32.4345],[133.6793,-32.436],[133.6815,-32.4384]]],[[[133.6916,-32.4359],[133.6921,-32.4335],[133.6943,-32.4326],[133.6932,-32.4359],[133.6902,-32.4376],[133.6916,-32.4359]]],[[[133.7187,-32.3991],[133.7193,-32.3989],[133.719,-32.3995],[133.7187,-32.3991]]],[[[133.8468,-32.3783],[133.8492,-32.3777],[133.8488,-32.3795],[133.8468,-32.3783]]],[[[133.8449,-32.3761],[133.8475,-32.376],[133.8464,-32.3768],[133.8449,-32.3761]]],[[[133.8131,-32.3585],[133.8093,-32.3587],[133.8076,-32.3579],[133.8072,-32.3591],[133.8089,-32.3606],[133.8123,-32.3613],[133.8117,-32.3593],[133.8138,-32.3613],[133.8112,-32.3626],[133.8154,-32.3632],[133.8183,-32.3645],[133.8171,-32.3627],[133.8197,-32.3633],[133.8185,-32.3619],[133.8209,-32.3624],[133.8206,-32.3611],[133.8244,-32.3633],[133.8216,-32.3626],[133.8213,-32.3655],[133.8249,-32.3661],[133.8262,-32.3687],[133.8325,-32.3717],[133.8342,-32.3707],[133.8303,-32.369],[133.8311,-32.3685],[133.8385,-32.3721],[133.8409,-32.372],[133.8405,-32.3733],[133.8371,-32.3726],[133.8373,-32.3751],[133.8427,-32.3779],[133.8447,-32.3805],[133.8467,-32.3811],[133.8517,-32.3805],[133.8527,-32.3825],[133.8558,-32.3851],[133.8568,-32.3879],[133.8481,-32.3848],[133.8447,-32.3815],[133.8393,-32.379],[133.832,-32.3773],[133.8241,-32.3769],[133.8197,-32.3763],[133.8166,-32.3738],[133.8127,-32.3715],[133.8076,-32.3671],[133.8049,-32.3654],[133.8021,-32.3646],[133.7934,-32.3631],[133.7881,-32.3588],[133.7915,-32.3571],[133.7949,-32.3548],[133.7975,-32.3543],[133.8059,-32.3548],[133.8147,-32.356],[133.8131,-32.3585]]],[[[133.8429,-32.363],[133.845,-32.3646],[133.8444,-32.3659],[133.842,-32.3632],[133.8389,-32.3614],[133.8429,-32.363]]],[[[133.7597,-32.3642],[133.7629,-32.3641],[133.7688,-32.3623],[133.7724,-32.3615],[133.7748,-32.3618],[133.7742,-32.3626],[133.7664,-32.3647],[133.7617,-32.3655],[133.7597,-32.3642]]],[[[133.8368,-32.3604],[133.838,-32.3607],[133.8375,-32.3611],[133.8368,-32.3604]]],[[[133.7587,-32.3589],[133.7605,-32.3608],[133.7582,-32.3603],[133.7587,-32.3589]]],[[[133.8181,-32.3545],[133.8162,-32.3547],[133.8221,-32.3523],[133.8267,-32.3517],[133.83,-32.3523],[133.8327,-32.3536],[133.8348,-32.3556],[133.8323,-32.3568],[133.832,-32.3553],[133.8297,-32.3553],[133.8289,-32.3541],[133.8271,-32.3557],[133.8327,-32.3579],[133.8354,-32.3597],[133.833,-32.3594],[133.8312,-32.3581],[133.8286,-32.3576],[133.8268,-32.3582],[133.8227,-32.3556],[133.8255,-32.3586],[133.822,-32.358],[133.8181,-32.3545]]],[[[133.6082,-32.3039],[133.6087,-32.3043],[133.6079,-32.3047],[133.6082,-32.3039]]],[[[133.5501,-32.2671],[133.5482,-32.2662],[133.5509,-32.2637],[133.5535,-32.2652],[133.5558,-32.2649],[133.5589,-32.2625],[133.5612,-32.2645],[133.5632,-32.2648],[133.5652,-32.2667],[133.5671,-32.2669],[133.5689,-32.2659],[133.5784,-32.255],[133.581,-32.2536],[133.5857,-32.2542],[133.5892,-32.252],[133.5936,-32.251],[133.5933,-32.2516],[133.5872,-32.2542],[133.5863,-32.2555],[133.5846,-32.2557],[133.5824,-32.2589],[133.5826,-32.2613],[133.5772,-32.266],[133.5758,-32.2679],[133.5786,-32.2688],[133.5833,-32.2679],[133.5889,-32.2641],[133.5919,-32.2631],[133.5978,-32.2593],[133.6037,-32.255],[133.6041,-32.2542],[133.6086,-32.2515],[133.6117,-32.2483],[133.6155,-32.2462],[133.6187,-32.243],[133.6238,-32.2393],[133.6273,-32.2394],[133.6299,-32.2406],[133.6348,-32.2394],[133.64,-32.2372],[133.6441,-32.2364],[133.6519,-32.2332],[133.6554,-32.2322],[133.6624,-32.2317],[133.6673,-32.2309],[133.67,-32.2312],[133.6739,-32.2324],[133.6701,-32.234],[133.6633,-32.2356],[133.6574,-32.2364],[133.6536,-32.2374],[133.6485,-32.2382],[133.6482,-32.2374],[133.6449,-32.2375],[133.644,-32.2384],[133.6476,-32.2395],[133.6405,-32.2414],[133.636,-32.2433],[133.6356,-32.2448],[133.6324,-32.2461],[133.6273,-32.2488],[133.6222,-32.2509],[133.6196,-32.2526],[133.6143,-32.2568],[133.6113,-32.2605],[133.6105,-32.2628],[133.6116,-32.2658],[133.6151,-32.2703],[133.6192,-32.2737],[133.623,-32.2735],[133.6272,-32.2715],[133.6252,-32.273],[133.616,-32.2788],[133.6138,-32.2806],[133.6111,-32.2841],[133.6102,-32.288],[133.6087,-32.2909],[133.6088,-32.2921],[133.6075,-32.2972],[133.6078,-32.3012],[133.6036,-32.3041],[133.6007,-32.3077],[133.5997,-32.308],[133.596,-32.3043],[133.5927,-32.3042],[133.5907,-32.3062],[133.5851,-32.3061],[133.5803,-32.3066],[133.5793,-32.3075],[133.5793,-32.3108],[133.5807,-32.3133],[133.5772,-32.316],[133.5757,-32.3154],[133.5734,-32.317],[133.5749,-32.3183],[133.5713,-32.3191],[133.5671,-32.3162],[133.5633,-32.3171],[133.561,-32.3145],[133.5603,-32.3107],[133.5573,-32.3082],[133.5533,-32.3072],[133.5514,-32.3085],[133.5494,-32.3075],[133.5507,-32.3049],[133.5479,-32.3012],[133.545,-32.2985],[133.5443,-32.2951],[133.5445,-32.2896],[133.5438,-32.2862],[133.5438,-32.282],[133.541,-32.2811],[133.5403,-32.2787],[133.5514,-32.2731],[133.5516,-32.2714],[133.5501,-32.2671]]],[[[133.602,-32.2432],[133.6061,-32.2407],[133.6087,-32.241],[133.5986,-32.2472],[133.5986,-32.2464],[133.602,-32.2432]]],[[[134.0898,-31.9628],[134.0862,-31.9697],[134.0781,-31.976],[134.0763,-31.9787],[134.0692,-31.9747],[134.0686,-31.9732],[134.0607,-31.9697],[134.0583,-31.9672],[134.0529,-31.9657],[133.9252,-31.8996],[133.8965,-31.8845],[133.8935,-31.8834],[133.8884,-31.8803],[133.8513,-31.8802],[133.8512,-31.8496],[133.8001,-31.8521],[133.7393,-31.855],[133.727,-31.8554],[133.6751,-31.8554],[133.6752,-31.8443],[133.6106,-31.8443],[133.6106,-31.8117],[133.5297,-31.8118],[133.4578,-31.8119],[133.3847,-31.7999],[133.2856,-31.7832],[133.2464,-31.7728],[133.2394,-31.7699],[133.213,-31.7521],[133.2127,-31.7521],[133.2128,-31.8237],[133.2129,-31.9938],[133.2133,-32.0163],[133.2135,-32.1855],[133.2107,-32.185],[133.207,-32.1835],[133.203,-32.1807],[133.1956,-32.177],[133.1869,-32.1738],[133.179,-32.1717],[133.172,-32.1706],[133.1647,-32.1701],[133.1585,-32.1703],[133.1548,-32.1712],[133.15,-32.1728],[133.1466,-32.1748],[133.1445,-32.1784],[133.1428,-32.1834],[133.1432,-32.1866],[133.1456,-32.1879],[133.1489,-32.1883],[133.1507,-32.1879],[133.1499,-32.1901],[133.1474,-32.1933],[133.1475,-32.1945],[133.1458,-32.1964],[133.143,-32.1977],[133.1386,-32.1976],[133.1355,-32.2002],[133.1355,-32.2014],[133.1335,-32.2041],[133.1295,-32.2075],[133.1251,-32.2083],[133.1279,-32.2033],[133.1308,-32.2022],[133.1313,-32.1996],[133.1329,-32.1989],[133.1331,-32.1968],[133.1309,-32.1937],[133.1296,-32.1939],[133.1283,-32.1908],[133.131,-32.1892],[133.1298,-32.1874],[133.1314,-32.1864],[133.1342,-32.1872],[133.1369,-32.1853],[133.1382,-32.183],[133.1382,-32.1812],[133.14,-32.1796],[133.1381,-32.1749],[133.136,-32.1708],[133.1303,-32.164],[133.121,-32.1547],[133.1144,-32.1479],[133.1078,-32.1427],[133.0996,-32.1351],[133.0912,-32.1293],[133.0883,-32.127],[133.0829,-32.1241],[133.0781,-32.1211],[133.0712,-32.1159],[133.0591,-32.108],[133.0546,-32.1047],[133.0516,-32.1033],[133.0424,-32.1003],[133.0358,-32.0991],[133.0328,-32.098],[133.0236,-32.0918],[133.0208,-32.0901],[133.0107,-32.085],[133.0076,-32.0837],[133.0033,-32.0835],[133.0022,-32.0843],[133.0024,-32.0869],[133.0,-32.0867],[132.9968,-32.0879],[132.9932,-32.0919],[132.9905,-32.0932],[132.9879,-32.0963],[132.9887,-32.0982],[132.9916,-32.0992],[132.9906,-32.1],[132.9901,-32.1027],[132.9877,-32.1025],[132.986,-32.1039],[132.9831,-32.1035],[132.9812,-32.1057],[132.9794,-32.1064],[132.9791,-32.1052],[132.9804,-32.1005],[132.9821,-32.1],[132.9824,-32.097],[132.9802,-32.0936],[132.9778,-32.0928],[132.978,-32.0911],[132.9816,-32.0896],[132.9823,-32.0845],[132.9814,-32.0818],[132.9783,-32.0812],[132.9791,-32.0786],[132.9777,-32.0763],[132.9742,-32.0725],[132.9673,-32.068],[132.9636,-32.0652],[132.9493,-32.0564],[132.9472,-32.0543],[132.9434,-32.0548],[132.9348,-32.0545],[132.9338,-32.0526],[132.9315,-32.0528],[132.9287,-32.0497],[132.925,-32.0481],[132.923,-32.0445],[132.9174,-32.0404],[132.912,-32.0384],[132.909,-32.0385],[132.9083,-32.0373],[132.9031,-32.0357],[132.9011,-32.0321],[132.8945,-32.0281],[132.894,-32.0266],[132.8911,-32.0256],[132.8907,-32.0241],[132.8884,-32.0225],[132.8829,-32.0195],[132.8804,-32.0172],[132.8774,-32.0156],[132.8757,-32.0138],[132.8705,-32.0112],[132.8701,-32.0092],[132.8659,-32.0062],[132.862,-32.0045],[132.8608,-32.0025],[132.8591,-32.0015],[132.8552,-32.0023],[132.8506,-31.9975],[132.8497,-31.9954],[132.8478,-31.9938],[132.8421,-31.9908],[132.8386,-31.9884],[132.8331,-31.9858],[132.8324,-31.985],[132.8217,-31.9791],[132.8112,-31.9742],[132.801,-31.969],[132.7875,-31.963],[132.7788,-31.9594],[132.7637,-31.9546],[132.7613,-31.9535],[132.7528,-31.9514],[132.7507,-31.9504],[132.7449,-31.9491],[132.7407,-31.9491],[132.7367,-31.9501],[132.7352,-31.952],[132.7347,-31.9563],[132.7314,-31.9556],[132.7308,-31.9542],[132.726,-31.954],[132.7212,-31.9549],[132.7189,-31.9539],[132.7169,-31.9541],[132.7147,-31.9559],[132.7106,-31.9549],[132.709,-31.9537],[132.705,-31.9553],[132.704,-31.9532],[132.7024,-31.9524],[132.6999,-31.9524],[132.696,-31.9542],[132.694,-31.9531],[132.694,-31.9517],[132.6864,-31.9507],[132.6826,-31.9552],[132.6802,-31.9546],[132.677,-31.9576],[132.6737,-31.9559],[132.6706,-31.9569],[132.669,-31.9553],[132.6663,-31.9571],[132.6626,-31.9558],[132.6606,-31.9572],[132.6597,-31.9555],[132.6585,-31.9555],[132.6579,-31.9519],[132.6555,-31.9482],[132.6537,-31.9483],[132.653,-31.95],[132.6496,-31.9472],[132.6458,-31.9455],[132.6442,-31.9464],[132.6401,-31.9453],[132.6364,-31.9431],[132.6348,-31.9431],[132.63,-31.9415],[132.6218,-31.9398],[132.615,-31.9386],[132.6137,-31.938],[132.6089,-31.9374],[132.6049,-31.9362],[132.6024,-31.936],[132.5952,-31.9343],[132.586,-31.9339],[132.5727,-31.933],[132.5537,-31.9328],[132.5499,-31.9334],[132.5473,-31.9333],[132.5418,-31.9341],[132.5376,-31.9341],[132.5354,-31.935],[132.5313,-31.9349],[132.5178,-31.9375],[132.5139,-31.938],[132.504,-31.9404],[132.4955,-31.9416],[132.4857,-31.9443],[132.4825,-31.9448],[132.478,-31.9465],[132.4726,-31.9492],[132.4677,-31.952],[132.4599,-31.9572],[132.455,-31.9607],[132.4498,-31.9657],[132.4464,-31.9707],[132.4428,-31.9776],[132.4406,-31.9826],[132.4373,-31.9934],[132.4377,-32.0003],[132.4406,-32.0043],[132.4416,-32.007],[132.446,-32.0088],[132.445,-32.0072],[132.4468,-32.0062],[132.4493,-32.0066],[132.4523,-32.0089],[132.4559,-32.0099],[132.4604,-32.01],[132.4617,-32.0107],[132.4614,-32.0127],[132.4627,-32.0139],[132.4631,-32.0161],[132.4676,-32.0196],[132.471,-32.0211],[132.4761,-32.0258],[132.4752,-32.028],[132.4732,-32.0301],[132.4725,-32.0296],[132.4688,-32.0305],[132.4678,-32.0281],[132.4644,-32.0264],[132.4609,-32.0233],[132.4597,-32.0235],[132.4581,-32.0219],[132.4562,-32.0221],[132.4541,-32.0239],[132.4494,-32.0227],[132.4484,-32.0219],[132.4485,-32.0198],[132.4453,-32.0186],[132.4446,-32.017],[132.4413,-32.0152],[132.4408,-32.0141],[132.4377,-32.0131],[132.438,-32.0108],[132.4352,-32.0111],[132.4342,-32.0128],[132.4322,-32.0127],[132.433,-32.0107],[132.432,-32.008],[132.4307,-32.0067],[132.4275,-32.005],[132.4236,-32.0014],[132.421,-31.9998],[132.4155,-31.9988],[132.407,-31.9993],[132.3975,-32.0004],[132.3926,-32.0022],[132.388,-32.0064],[132.3865,-32.0112],[132.3882,-32.0135],[132.3877,-32.0144],[132.3838,-32.0157],[132.3828,-32.0113],[132.3817,-32.0101],[132.3787,-32.0104],[132.3781,-32.0119],[132.3716,-32.0114],[132.3708,-32.0122],[132.3636,-32.0121],[132.3532,-32.0116],[132.3491,-32.0131],[132.3432,-32.0145],[132.3413,-32.0159],[132.3402,-32.0197],[132.341,-32.0227],[132.339,-32.0237],[132.3392,-32.0251],[132.3353,-32.029],[132.3322,-32.0288],[132.3292,-32.0269],[132.3277,-32.0275],[132.3251,-32.0262],[132.3226,-32.0272],[132.322,-32.0261],[132.3191,-32.0275],[132.3183,-32.0263],[132.3151,-32.0276],[132.3143,-32.0268],[132.3123,-32.0281],[132.3087,-32.0276],[132.3066,-32.0261],[132.3034,-32.0275],[132.2988,-32.0256],[132.2947,-32.0251],[132.2925,-32.0258],[132.2912,-32.0247],[132.2894,-32.0248],[132.2879,-32.0227],[132.2841,-32.0225],[132.2805,-32.0243],[132.2781,-32.0238],[132.2761,-32.0245],[132.2753,-32.0259],[132.2714,-32.0278],[132.2722,-32.0308],[132.2711,-32.0324],[132.2672,-32.0315],[132.2652,-32.0327],[132.2637,-32.0317],[132.2603,-32.0322],[132.2582,-32.0309],[132.2575,-32.0316],[132.2554,-32.0295],[132.2534,-32.0304],[132.2527,-32.0294],[132.2418,-32.0279],[132.236,-32.0281],[132.2332,-32.0276],[132.2312,-32.0261],[132.2275,-32.0258],[132.2263,-32.0251],[132.2229,-32.0252],[132.22,-32.0246],[132.2156,-32.0254],[132.2131,-32.0271],[132.2124,-32.0261],[132.2101,-32.0256],[132.2091,-32.0241],[132.2069,-32.0247],[132.2077,-32.0269],[132.2052,-32.0243],[132.2037,-32.0248],[132.2027,-32.0275],[132.1995,-32.0267],[132.1993,-32.0255],[132.1959,-32.0229],[132.1906,-32.0211],[132.1889,-32.0215],[132.1875,-32.0201],[132.184,-32.0182],[132.1792,-32.0186],[132.1764,-32.0183],[132.1747,-32.0149],[132.1721,-32.0115],[132.1706,-32.0105],[132.1678,-32.0074],[132.1672,-32.0055],[132.1641,-32.0039],[132.1612,-32.0047],[132.1611,-32.0027],[132.1569,-32.0014],[132.152,-32.0031],[132.1514,-32.0013],[132.1495,-32.0011],[132.1477,-31.9994],[132.148,-31.9976],[132.1452,-31.9928],[132.1412,-31.9899],[132.1349,-31.9823],[132.133,-31.9819],[132.1309,-31.9803],[132.1315,-31.976],[132.1287,-31.9748],[132.128,-31.9713],[132.1261,-31.9713],[132.1244,-31.9679],[132.1217,-31.9678],[132.1213,-31.9657],[132.1168,-31.9611],[132.1157,-31.959],[132.1173,-31.9554],[132.1155,-31.9536],[132.1157,-31.9524],[132.1142,-31.9514],[132.1129,-31.9468],[132.1106,-31.9482],[132.1041,-31.9415],[132.0948,-31.9359],[132.0916,-31.9334],[132.0897,-31.9332],[132.0842,-31.9295],[132.083,-31.9277],[132.0805,-31.9267],[132.0777,-31.9242],[132.0768,-31.9211],[132.073,-31.9177],[132.0674,-31.9153],[132.0662,-31.9137],[132.0638,-31.9132],[132.0586,-31.9092],[132.0557,-31.9078],[132.0481,-31.9029],[132.0414,-31.9],[132.0375,-31.8976],[132.0357,-31.8959],[132.0316,-31.8934],[132.0213,-31.8883],[132.0175,-31.8867],[132.0148,-31.8845],[132.0057,-31.8789],[132.001,-31.8771],[131.9935,-31.8721],[131.9904,-31.8689],[131.9858,-31.8657],[131.9803,-31.8629],[131.9784,-31.8608],[131.9752,-31.8586],[131.9727,-31.856],[131.9687,-31.8536],[131.9605,-31.8467],[131.9572,-31.845],[131.9541,-31.8423],[131.9471,-31.8378],[131.9382,-31.8328],[131.9339,-31.8311],[131.9323,-31.8298],[131.9233,-31.824],[131.9184,-31.82],[131.9164,-31.8191],[131.9094,-31.8143],[131.9055,-31.812],[131.9014,-31.8102],[131.8885,-31.803],[131.8846,-31.8017],[131.8698,-31.7934],[131.8653,-31.7915],[131.8624,-31.7888],[131.8579,-31.7875],[131.8562,-31.7861],[131.8519,-31.7789],[131.8466,-31.776],[131.8429,-31.7731],[131.837,-31.7677],[131.8326,-31.7653],[131.8291,-31.7623],[131.8178,-31.755],[131.8151,-31.7536],[131.8124,-31.7514],[131.807,-31.7486],[131.8028,-31.7449],[131.7976,-31.7423],[131.7947,-31.7413],[131.7864,-31.7362],[131.7801,-31.734],[131.7747,-31.7296],[131.7715,-31.7276],[131.7615,-31.7228],[131.7586,-31.7203],[131.7495,-31.7163],[131.7408,-31.7121],[131.7383,-31.7101],[131.7328,-31.7078],[131.726,-31.7032],[131.719,-31.7006],[131.7019,-31.691],[131.6946,-31.6881],[131.6924,-31.6864],[131.6878,-31.6845],[131.683,-31.6815],[131.6772,-31.6794],[131.6678,-31.6744],[131.6618,-31.6722],[131.6549,-31.669],[131.6518,-31.6668],[131.6357,-31.6595],[131.6315,-31.6566],[131.6267,-31.6552],[131.6154,-31.6493],[131.6063,-31.6452],[131.5987,-31.6423],[131.5947,-31.6398],[131.5926,-31.639],[131.5813,-31.633],[131.5781,-31.632],[131.57,-31.6276],[131.5651,-31.626],[131.5584,-31.6228],[131.5555,-31.6217],[131.5405,-31.6142],[131.5269,-31.609],[131.522,-31.6066],[131.5197,-31.6049],[131.4996,-31.596],[131.492,-31.5935],[131.4901,-31.5923],[131.4802,-31.588],[131.4702,-31.5847],[131.4626,-31.5813],[131.4551,-31.5788],[131.4507,-31.5763],[131.4457,-31.5744],[131.4422,-31.5718],[131.4392,-31.5717],[131.4353,-31.5702],[131.4338,-31.5689],[131.4293,-31.5667],[131.4248,-31.5655],[131.4225,-31.5639],[131.4188,-31.564],[131.4171,-31.562],[131.4142,-31.5624],[131.4119,-31.5612],[131.4103,-31.5594],[131.4085,-31.5595],[131.4025,-31.5578],[131.4006,-31.556],[131.3964,-31.5548],[131.3926,-31.5533],[131.389,-31.5539],[131.388,-31.5521],[131.3858,-31.5521],[131.3856,-31.5494],[131.3833,-31.5483],[131.381,-31.5482],[131.3763,-31.5452],[131.3722,-31.5457],[131.3691,-31.544],[131.3647,-31.5408],[131.3591,-31.5395],[131.3555,-31.5378],[131.3518,-31.5374],[131.3476,-31.5344],[131.3407,-31.5325],[131.3345,-31.5292],[131.3295,-31.5271],[131.3235,-31.5252],[131.3185,-31.5217],[131.3139,-31.5209],[131.3111,-31.5189],[131.299,-31.5149],[131.2978,-31.5138],[131.2934,-31.5126],[131.2894,-31.51],[131.2847,-31.5087],[131.2775,-31.5052],[131.2739,-31.5052],[131.2721,-31.5045],[131.2695,-31.5024],[131.265,-31.5003],[131.2509,-31.4951],[131.2448,-31.4923],[131.2414,-31.4917],[131.235,-31.4898],[131.2316,-31.4891],[131.228,-31.4864],[131.2238,-31.4855],[131.2197,-31.4835],[131.2084,-31.4792],[131.203,-31.4783],[131.2005,-31.4767],[131.192,-31.4744],[131.1869,-31.472],[131.1805,-31.4711],[131.1715,-31.4683],[131.1641,-31.4665],[131.1594,-31.4658],[131.156,-31.4648],[131.1486,-31.4637],[131.138,-31.4636],[131.1339,-31.4648],[131.1296,-31.4644],[131.126,-31.4663],[131.1244,-31.4683],[131.1224,-31.4695],[131.1216,-31.4713],[131.1198,-31.4721],[131.1149,-31.4758],[131.1098,-31.4766],[131.1044,-31.4798],[131.1016,-31.482],[131.0986,-31.4827],[131.0967,-31.4842],[131.0895,-31.4864],[131.0863,-31.4891],[131.0818,-31.4909],[131.0763,-31.496],[131.0715,-31.5017],[131.0655,-31.5058],[131.0646,-31.5102],[131.063,-31.5127],[131.0627,-31.5155],[131.0614,-31.5177],[131.0576,-31.5215],[131.0491,-31.5265],[131.0459,-31.5271],[131.0429,-31.5297],[131.0378,-31.5317],[131.0362,-31.5331],[131.0335,-31.5337],[131.0264,-31.5376],[131.0158,-31.5412],[131.0115,-31.5421],[131.0078,-31.5442],[130.9992,-31.5463],[130.9963,-31.5476],[130.987,-31.5506],[130.9831,-31.5533],[130.9773,-31.5545],[130.9731,-31.5564],[130.9703,-31.5569],[130.9639,-31.559],[130.9573,-31.5603],[130.946,-31.5648],[130.9396,-31.5671],[130.9354,-31.5693],[130.9293,-31.57],[130.9241,-31.5719],[130.9195,-31.5726],[130.9112,-31.5749],[130.9073,-31.5753],[130.9025,-31.5768],[130.8972,-31.5793],[130.8934,-31.5798],[130.8893,-31.5821],[130.8851,-31.5839],[130.8773,-31.5865],[130.8753,-31.5869],[130.8651,-31.5906],[130.8605,-31.5928],[130.8536,-31.5948],[130.8461,-31.5978],[130.8363,-31.6001],[130.8303,-31.6006],[130.8251,-31.6015],[130.8218,-31.6026],[130.8141,-31.6039],[130.8113,-31.6039],[130.8061,-31.6056],[130.8002,-31.6058],[130.7956,-31.6067],[130.7914,-31.607],[130.7878,-31.6066],[130.7787,-31.6076],[130.7742,-31.607],[130.7686,-31.6074],[130.7646,-31.6065],[130.7609,-31.6061],[130.7459,-31.606],[130.7445,-31.6057],[130.7345,-31.6061],[130.7301,-31.6049],[130.7232,-31.6049],[130.7132,-31.6039],[130.7075,-31.6027],[130.7031,-31.6034],[130.6934,-31.6019],[130.6897,-31.6019],[130.6812,-31.6006],[130.6726,-31.6006],[130.6689,-31.5999],[130.6643,-31.5997],[130.6547,-31.5979],[130.6509,-31.598],[130.6476,-31.5969],[130.6435,-31.5968],[130.6397,-31.5952],[130.6371,-31.5952],[130.6332,-31.5941],[130.6249,-31.5933],[130.6201,-31.592],[130.6134,-31.5916],[130.6105,-31.5907],[130.6038,-31.5898],[130.5994,-31.5887],[130.582,-31.5872],[130.5795,-31.5876],[130.5738,-31.5872],[130.5679,-31.5857],[130.5625,-31.5866],[130.5551,-31.5857],[130.5486,-31.5866],[130.5466,-31.5865],[130.54,-31.5874],[130.5348,-31.5902],[130.5253,-31.5924],[130.5167,-31.5925],[130.5146,-31.593],[130.5102,-31.5924],[130.5014,-31.5928],[130.4945,-31.5928],[130.4888,-31.593],[130.4856,-31.5923],[130.4802,-31.5922],[130.4739,-31.5908],[130.4707,-31.5909],[130.4664,-31.5897],[130.4632,-31.5898],[130.457,-31.5886],[130.4518,-31.5867],[130.4461,-31.5866],[130.4435,-31.5861],[130.4355,-31.5857],[130.4293,-31.5839],[130.4211,-31.5836],[130.4182,-31.5843],[130.4068,-31.5848],[130.4031,-31.5837],[130.39,-31.5838],[130.3849,-31.5833],[130.377,-31.5846],[130.372,-31.5847],[130.3614,-31.584],[130.3512,-31.584],[130.3484,-31.5835],[130.345,-31.5836],[130.343,-31.5828],[130.3384,-31.5821],[130.3357,-31.5811],[130.3328,-31.5815],[130.3277,-31.5813],[130.3241,-31.5796],[130.3137,-31.5799],[130.3075,-31.579],[130.3046,-31.5777],[130.3011,-31.5778],[130.2971,-31.5772],[130.2884,-31.5752],[130.2807,-31.5755],[130.2751,-31.5737],[130.2698,-31.5738],[130.2661,-31.5734],[130.2639,-31.574],[130.2575,-31.5739],[130.2569,-31.5736],[130.2474,-31.5738],[130.2437,-31.5752],[130.2398,-31.5754],[130.2316,-31.5779],[130.2222,-31.5798],[130.216,-31.5798],[130.2114,-31.5793],[130.206,-31.5782],[130.2021,-31.5781],[130.1995,-31.5787],[130.1917,-31.5784],[130.1895,-31.5775],[130.1862,-31.578],[130.1843,-31.5771],[130.1813,-31.5775],[130.1724,-31.5775],[130.1712,-31.5766],[130.1658,-31.5771],[130.1635,-31.5779],[130.1576,-31.5765],[130.1522,-31.5765],[130.1502,-31.5773],[130.1465,-31.5774],[130.1439,-31.5788],[130.1389,-31.5797],[130.1371,-31.5806],[130.1338,-31.5798],[130.1259,-31.5848],[130.1204,-31.5864],[130.1136,-31.5867],[130.112,-31.5861],[130.1066,-31.5863],[130.1054,-31.5858],[130.1014,-31.5865],[130.0971,-31.5859],[130.0935,-31.5865],[130.0898,-31.5858],[130.0838,-31.5863],[130.0805,-31.5871],[130.0777,-31.5867],[130.0684,-31.5875],[130.064,-31.5873],[130.0581,-31.5878],[130.0559,-31.5874],[130.0506,-31.5879],[130.0443,-31.5874],[130.0393,-31.5878],[130.032,-31.5868],[130.0273,-31.5868],[130.0202,-31.586],[130.0154,-31.5864],[130.0107,-31.5861],[130.0057,-31.5869],[130.0021,-31.5867],[129.9961,-31.5877],[129.9883,-31.588],[129.9821,-31.5894],[129.9704,-31.5911],[129.9634,-31.591],[129.9533,-31.5902],[129.9456,-31.589],[129.9384,-31.5886],[129.9265,-31.59],[129.9182,-31.5903],[129.9091,-31.5918],[129.904,-31.592],[129.8986,-31.5942],[129.8923,-31.5951],[129.886,-31.5956],[129.8787,-31.5979],[129.873,-31.6012],[129.8661,-31.604],[129.8569,-31.6053],[129.8514,-31.6067],[129.8431,-31.6077],[129.838,-31.6078],[129.8329,-31.6083],[129.8294,-31.6079],[129.827,-31.6084],[129.82,-31.6082],[129.814,-31.6083],[129.8109,-31.6076],[129.8046,-31.6082],[129.797,-31.6079],[129.7867,-31.6081],[129.7821,-31.6084],[129.7797,-31.6075],[129.7748,-31.6081],[129.77,-31.608],[129.7602,-31.6104],[129.7555,-31.6111],[129.7506,-31.6108],[129.7481,-31.6118],[129.7366,-31.6124],[129.7307,-31.6137],[129.7229,-31.6142],[129.7178,-31.6137],[129.7074,-31.6145],[129.7024,-31.6138],[129.7001,-31.6141],[129.6936,-31.6158],[129.6841,-31.6159],[129.6809,-31.6167],[129.6665,-31.6164],[129.661,-31.6158],[129.6575,-31.6158],[129.653,-31.6165],[129.6468,-31.6166],[129.6349,-31.6157],[129.6296,-31.6157],[129.6244,-31.6164],[129.6155,-31.6164],[129.6099,-31.6174],[129.5999,-31.6186],[129.5901,-31.6187],[129.5892,-31.6184],[129.585,-31.6192],[129.5771,-31.62],[129.5722,-31.6197],[129.5675,-31.62],[129.5576,-31.6217],[129.5468,-31.6214],[129.5404,-31.6223],[129.5278,-31.6227],[129.5224,-31.6236],[129.519,-31.6246],[129.5132,-31.625],[129.5107,-31.6263],[129.5082,-31.626],[129.5039,-31.6263],[129.4985,-31.6282],[129.4854,-31.6293],[129.4738,-31.6317],[129.463,-31.6318],[129.4585,-31.6331],[129.4539,-31.6339],[129.4485,-31.634],[129.447,-31.6346],[129.4328,-31.6372],[129.4278,-31.6377],[129.4197,-31.6376],[129.4073,-31.6385],[129.4001,-31.6395],[129.3943,-31.6398],[129.3903,-31.641],[129.3851,-31.6411],[129.3774,-31.6403],[129.3702,-31.6403],[129.3641,-31.6418],[129.3567,-31.6424],[129.3468,-31.6448],[129.338,-31.6461],[129.3261,-31.6457],[129.3174,-31.6479],[129.312,-31.6484],[129.3073,-31.6483],[129.3044,-31.649],[129.2983,-31.6495],[129.2949,-31.6494],[129.2892,-31.6518],[129.2846,-31.6518],[129.2806,-31.6523],[129.2717,-31.652],[129.2529,-31.654],[129.2457,-31.6542],[129.2397,-31.656],[129.2334,-31.656],[129.2186,-31.6576],[129.2075,-31.6577],[129.2019,-31.6587],[129.1947,-31.6587],[129.1864,-31.6604],[129.1749,-31.6622],[129.1625,-31.6636],[129.1543,-31.6659],[129.1473,-31.6663],[129.1395,-31.6679],[129.1233,-31.6682],[129.1112,-31.6694],[129.1006,-31.6691],[129.0902,-31.6709],[129.0788,-31.671],[129.0731,-31.6728],[129.07,-31.6733],[129.0654,-31.6734],[129.0566,-31.6744],[129.0528,-31.6742],[129.0499,-31.6751],[129.0446,-31.6757],[129.0409,-31.6764],[129.0375,-31.6778],[129.0319,-31.6792],[129.029,-31.6792],[129.0256,-31.681],[129.0217,-31.6823],[129.0167,-31.6846],[129.0019,-31.687],[129.0019,-30.7637],[129.0966,-30.7512],[129.5098,-30.7085],[129.509,-30.7031],[129.5173,-30.7023],[129.5181,-30.7077],[129.7268,-30.6856],[129.8843,-30.6687],[130.3959,-30.612],[130.3943,-30.6012],[130.4161,-30.5988],[130.4177,-30.6096],[130.9856,-30.544],[131.3001,-30.5062],[131.5041,-30.4816],[131.6145,-30.4681],[131.6289,-30.4663],[131.7718,-30.4637],[131.7984,-30.4632],[131.8433,-30.4539],[131.8464,-30.4537],[131.8524,-30.4553],[131.8691,-30.4589],[131.8782,-30.4632],[131.8884,-30.4643],[131.8925,-30.4651],[131.8983,-30.4634],[131.9032,-30.4638],[131.9086,-30.4636],[131.9134,-30.4652],[131.9171,-30.4656],[131.9266,-30.4676],[131.9387,-30.4718],[131.9492,-30.4724],[131.9537,-30.4743],[131.9605,-30.4734],[131.9642,-30.4743],[131.967,-30.4755],[131.972,-30.4758],[131.974,-30.4754],[131.9785,-30.4726],[131.9829,-30.4714],[131.9857,-30.4695],[131.9902,-30.4679],[131.9938,-30.4672],[131.9975,-30.4678],[132.0036,-30.4701],[132.0097,-30.4694],[132.0162,-30.4709],[132.0236,-30.4683],[132.0278,-30.4685],[132.0636,-30.4771],[132.0726,-30.4785],[132.0748,-30.4784],[132.0774,-30.4775],[132.0827,-30.4738],[132.0878,-30.4726],[132.092,-30.4724],[132.0956,-30.4735],[132.1058,-30.4784],[132.1078,-30.4804],[132.1105,-30.4819],[132.1138,-30.4818],[132.1165,-30.4809],[132.1217,-30.4805],[132.1265,-30.4823],[132.1297,-30.4845],[132.1351,-30.4853],[132.1439,-30.4907],[132.146,-30.4928],[132.1554,-30.498],[132.1687,-30.5008],[132.1752,-30.5037],[132.1786,-30.5042],[132.1846,-30.5033],[132.1894,-30.5011],[132.1954,-30.5013],[132.2032,-30.5009],[132.2085,-30.5028],[132.2123,-30.5028],[132.2169,-30.5037],[132.2242,-30.504],[132.2279,-30.5052],[132.2338,-30.5058],[132.2395,-30.5053],[132.2435,-30.5041],[132.2478,-30.5044],[132.2535,-30.5033],[132.258,-30.5029],[132.2635,-30.4986],[132.267,-30.4974],[132.2732,-30.4965],[132.2762,-30.4967],[132.2853,-30.4951],[132.2886,-30.4954],[132.2974,-30.494],[132.3008,-30.4927],[132.3059,-30.4921],[132.3092,-30.4925],[132.3131,-30.4922],[132.317,-30.4898],[132.3206,-30.4883],[132.3247,-30.488],[132.3328,-30.489],[132.3556,-30.4858],[132.3679,-30.487],[132.3895,-30.4851],[132.4023,-30.4863],[132.4127,-30.4824],[132.4183,-30.483],[132.4225,-30.4824],[132.4323,-30.4832],[132.4381,-30.4822],[132.4792,-30.4859],[132.493,-30.492],[132.4994,-30.4914],[132.5147,-30.4928],[132.521,-30.4949],[132.5243,-30.4955],[132.5303,-30.4943],[132.5353,-30.4938],[132.544,-30.4965],[132.5497,-30.4954],[132.5709,-30.4994],[132.5793,-30.5035],[132.5865,-30.5064],[132.5974,-30.5066],[132.602,-30.5084],[132.6111,-30.5086],[132.6155,-30.5095],[132.6206,-30.509],[132.6318,-30.512],[132.6349,-30.5138],[132.6386,-30.5138],[132.6424,-30.5149],[132.6481,-30.514],[132.6589,-30.5169],[132.6601,-30.5134],[132.6661,-30.515],[132.6648,-30.5185],[132.6751,-30.5204],[132.6911,-30.5243],[132.6958,-30.5284],[132.7026,-30.5312],[132.7063,-30.5352],[132.7083,-30.5362],[132.7146,-30.5373],[132.7198,-30.54],[132.725,-30.541],[132.7287,-30.5426],[132.732,-30.5425],[132.7358,-30.5405],[132.745,-30.5402],[132.7558,-30.5453],[132.7604,-30.5482],[132.7651,-30.5499],[132.7723,-30.5498],[132.7782,-30.5519],[132.7851,-30.5488],[132.789,-30.5496],[132.7935,-30.552],[132.8055,-30.5532],[132.8085,-30.5539],[132.8144,-30.5579],[132.8177,-30.5619],[132.8209,-30.563],[132.8265,-30.5633],[132.8361,-30.5685],[132.8384,-30.5701],[132.8462,-30.5728],[132.8496,-30.573],[132.8585,-30.5711],[132.8645,-30.5727],[132.8761,-30.5716],[132.8841,-30.5718],[132.8887,-30.5713],[132.8986,-30.5716],[132.9084,-30.5722],[132.9158,-30.5683],[132.9268,-30.5676],[132.9321,-30.5684],[132.9422,-30.5655],[132.9476,-30.5635],[132.9522,-30.564],[132.9588,-30.565],[132.9648,-30.5669],[132.97,-30.566],[132.9784,-30.5687],[133.0003,-30.5683],[133.0047,-30.5697],[133.0058,-30.5695],[133.0065,-30.487],[133.0028,-30.4868],[133.0009,-29.9986],[132.9981,-29.4526],[132.9939,-28.1174],[133.3585,-28.115],[133.3599,-27.8421],[133.4782,-27.842],[133.6753,-27.8417],[133.6758,-27.5604],[133.5015,-27.5603],[133.4456,-27.5609],[133.4463,-27.411],[133.4465,-27.2736],[133.4929,-27.2738],[133.4926,-27.1469],[133.4421,-27.0728],[133.3715,-26.9991],[133.3702,-26.9962],[133.3662,-26.9111],[133.3568,-26.8768],[133.3514,-26.8623],[133.3423,-26.8462],[133.3319,-26.8081],[133.3319,-26.8072],[133.3655,-26.7167],[133.3088,-26.7167],[133.0995,-26.7174],[133.0471,-26.6313],[133.056,-26.5369],[133.0543,-26.4815],[133.0893,-26.3588],[133.1002,-26.3503],[133.1088,-26.3517],[133.1118,-25.9986],[133.2988,-25.9986],[133.3149,-25.9986],[133.4996,-25.9986],[133.5033,-25.9985],[134.2393,-25.9985],[134.9544,-25.9985],[136.0017,-25.9985],[136.1649,-25.9984],[136.2493,-25.9983],[136.5826,-25.998],[136.6659,-25.998],[137.1659,-25.9976],[137.2492,-25.9975],[137.6659,-25.9971],[137.7492,-25.9971],[137.9991,-25.9969],[138.9897,-25.9967],[139.3915,-25.9966],[139.7934,-25.9966],[139.8378,-25.9965],[140.3562,-25.9965],[140.7582,-25.9964],[140.9994,-25.9964],[140.9994,-26.4048],[140.9994,-26.5212],[140.9994,-26.6816],[140.9995,-26.9142],[140.9995,-27.1033],[140.9996,-27.1906],[140.9996,-27.656],[140.9996,-27.8745],[140.9995,-28.0055],[140.9994,-28.1508],[140.9994,-28.363],[140.9994,-28.4966],[140.9993,-28.9991],[140.9996,-29.2048],[140.9998,-29.3296],[140.9999,-29.4721],[141.0002,-29.904],[141.0,-29.9985],[141.0003,-30.0506],[141.0004,-30.2661],[141.0007,-30.7075],[141.0007,-30.7571],[141.0007,-30.8151],[141.0006,-31.0476],[141.0006,-31.0927],[141.0006,-31.2],[141.0013,-31.8291],[141.0013,-31.8935],[141.0014,-32.0826],[141.0024,-33.3278],[141.003,-34.0219],[141.0006,-34.0201],[140.9976,-34.0199],[140.9961,-34.0209],[140.9943,-34.0244],[140.9945,-34.0294],[140.9919,-34.0318],[140.9898,-34.0317],[140.9873,-34.0297],[140.9857,-34.0275],[140.9853,-34.0247],[140.9858,-34.0219],[140.9853,-34.0203],[140.9816,-34.0178],[140.9805,-34.016],[140.9823,-34.0133],[140.9853,-34.0125],[140.9868,-34.0113],[140.9866,-34.01],[140.9848,-34.0092],[140.9806,-34.0093],[140.9765,-34.0099],[140.9752,-34.0091],[140.9765,-34.007],[140.9795,-34.0061],[140.9808,-34.0046],[140.9811,-34.0015],[140.9804,-33.9996],[140.9763,-33.9972],[140.9707,-33.9979],[140.9684,-33.996],[140.9682,-33.9918],[140.9686,-33.9885],[140.9701,-33.9854],[140.9698,-33.9835],[140.9682,-33.9818],[140.9657,-33.9807],[140.9637,-33.9806],[140.959,-33.9791],[140.9593,-33.9753],[140.9587,-33.9684],[140.9551,-33.9641],[140.9526,-33.9628],[140.9496,-33.9629],[140.9403,-33.9685],[140.936,-33.9687],[140.9326,-33.9656],[140.9284,-33.9676],[140.9265,-33.9669],[140.9249,-33.9652],[140.922,-33.9647],[140.9197,-33.9653],[140.919,-33.9668],[140.9193,-33.9689],[140.9227,-33.9707],[140.9243,-33.9728],[140.9226,-33.9741],[140.9184,-33.9731],[140.9052,-33.9689],[140.9018,-33.9689],[140.8972,-33.9699],[140.8934,-33.9715],[140.8919,-33.9733],[140.8916,-33.9752],[140.8927,-33.9783],[140.8948,-33.9807],[140.8976,-33.9825],[140.9014,-33.9829],[140.9039,-33.9822],[140.907,-33.9795],[140.9099,-33.9791],[140.9131,-33.9805],[140.9143,-33.9828],[140.914,-33.9853],[140.9127,-33.9865],[140.9085,-33.9926],[140.9046,-33.996],[140.899,-33.9998],[140.8938,-34.0012],[140.8902,-34.0007],[140.8857,-33.9953],[140.8842,-33.9945],[140.8812,-33.9947],[140.8796,-33.9964],[140.881,-34.0018],[140.8836,-34.0046],[140.8882,-34.0112],[140.8884,-34.014],[140.8871,-34.0169],[140.8849,-34.019],[140.8821,-34.0202],[140.8779,-34.0204],[140.8756,-34.0191],[140.8722,-34.0149],[140.8691,-34.0146],[140.8674,-34.0165],[140.8688,-34.0198],[140.8685,-34.0213],[140.8667,-34.022],[140.864,-34.0207],[140.8639,-34.0183],[140.8647,-34.0149],[140.8631,-34.014],[140.8602,-34.0141],[140.8573,-34.0133],[140.8551,-34.0144],[140.8549,-34.0182],[140.8524,-34.0197],[140.8472,-34.0183],[140.8444,-34.0201],[140.8439,-34.0216],[140.8454,-34.0256],[140.8451,-34.0267],[140.8428,-34.0275],[140.838,-34.0252],[140.8352,-34.0253],[140.8341,-34.0268],[140.8342,-34.0286],[140.8364,-34.0307],[140.8409,-34.032],[140.8435,-34.0343],[140.8435,-34.0366],[140.8414,-34.039],[140.839,-34.0396],[140.8275,-34.0402],[140.8253,-34.0409],[140.8229,-34.0437],[140.8233,-34.0491],[140.8258,-34.0515],[140.8276,-34.052],[140.8313,-34.0511],[140.8337,-34.0516],[140.834,-34.0531],[140.8294,-34.0539],[140.8262,-34.0534],[140.8195,-34.0532],[140.817,-34.0494],[140.8143,-34.0484],[140.8127,-34.0494],[140.8119,-34.0515],[140.8132,-34.0549],[140.8127,-34.0581],[140.8101,-34.0594],[140.8088,-34.0617],[140.8097,-34.0636],[140.8114,-34.0645],[140.8154,-34.0651],[140.8142,-34.0677],[140.8106,-34.0678],[140.8069,-34.0668],[140.8054,-34.0678],[140.8054,-34.0694],[140.8092,-34.0712],[140.8081,-34.0722],[140.8039,-34.072],[140.7972,-34.071],[140.7931,-34.0697],[140.7719,-34.0608],[140.7665,-34.0594],[140.7618,-34.0595],[140.7569,-34.0605],[140.7528,-34.0618],[140.7503,-34.0634],[140.747,-34.0689],[140.7441,-34.0712],[140.7426,-34.0737],[140.7434,-34.0775],[140.7456,-34.0787],[140.749,-34.0793],[140.7528,-34.0792],[140.7551,-34.0806],[140.7561,-34.083],[140.7559,-34.0867],[140.7577,-34.0904],[140.7597,-34.0926],[140.7662,-34.0967],[140.7676,-34.099],[140.7677,-34.1018],[140.7648,-34.1039],[140.7579,-34.1049],[140.7563,-34.1066],[140.7581,-34.1095],[140.7626,-34.1095],[140.768,-34.1061],[140.7712,-34.1058],[140.7739,-34.1072],[140.7776,-34.1073],[140.7806,-34.1053],[140.7921,-34.1055],[140.7953,-34.1077],[140.7962,-34.1094],[140.7959,-34.1115],[140.7938,-34.1156],[140.7916,-34.117],[140.7876,-34.1177],[140.7833,-34.1175],[140.7767,-34.1151],[140.7731,-34.1149],[140.7711,-34.1173],[140.7713,-34.1196],[140.7739,-34.1217],[140.7811,-34.1232],[140.7821,-34.1244],[140.7798,-34.1318],[140.7784,-34.1336],[140.7736,-34.1365],[140.7734,-34.1397],[140.7771,-34.1412],[140.7828,-34.1402],[140.7797,-34.1534],[140.7773,-34.157],[140.7662,-34.1629],[140.7623,-34.1642],[140.7584,-34.1649],[140.7577,-34.1638],[140.761,-34.1598],[140.7617,-34.1575],[140.7648,-34.1538],[140.7641,-34.1528],[140.7602,-34.1523],[140.7574,-34.1495],[140.758,-34.1477],[140.7598,-34.1467],[140.7611,-34.1445],[140.7588,-34.1431],[140.7568,-34.1405],[140.7521,-34.136],[140.7505,-34.1337],[140.7506,-34.1297],[140.7529,-34.1283],[140.7528,-34.1271],[140.7494,-34.1238],[140.7474,-34.1233],[140.7467,-34.1213],[140.7435,-34.1217],[140.743,-34.1207],[140.7407,-34.1212],[140.7386,-34.1186],[140.7366,-34.1176],[140.7358,-34.1143],[140.7364,-34.1127],[140.7348,-34.1132],[140.7287,-34.1078],[140.7276,-34.1055],[140.7279,-34.1027],[140.7298,-34.1009],[140.727,-34.0952],[140.7263,-34.0907],[140.7272,-34.0896],[140.73,-34.0893],[140.7308,-34.0878],[140.7245,-34.0809],[140.7231,-34.078],[140.7195,-34.0748],[140.7154,-34.0758],[140.7114,-34.0748],[140.7085,-34.0729],[140.7055,-34.0722],[140.7017,-34.0681],[140.7017,-34.0654],[140.6967,-34.0648],[140.6738,-34.0626],[140.665,-34.0615],[140.6641,-34.0639],[140.6471,-34.064],[140.6353,-34.0643],[140.6578,-34.0853],[140.6572,-34.0878],[140.6573,-34.1164],[140.6572,-34.1534],[140.6573,-34.1552],[140.6514,-34.1784],[140.6452,-34.1987],[140.6455,-34.2049],[140.5646,-34.205],[140.5429,-34.2047],[140.5338,-34.2047],[140.5338,-34.2194],[140.541,-34.2197],[140.5381,-34.2254],[140.5374,-34.2353],[140.5337,-34.2355],[140.5295,-34.2541],[140.5266,-34.2538],[140.5202,-34.2519],[140.514,-34.2507],[140.5049,-34.2511],[140.5019,-34.2503],[140.4939,-34.249],[140.4964,-34.245],[140.5008,-34.2407],[140.5046,-34.2383],[140.5108,-34.2361],[140.5157,-34.2354],[140.5221,-34.2354],[140.5243,-34.2349],[140.5226,-34.2327],[140.506,-34.2168],[140.5049,-34.2159],[140.5036,-34.2097],[140.5011,-34.2051],[140.495,-34.1985],[140.4918,-34.1935],[140.4842,-34.1894],[140.4797,-34.1887],[140.473,-34.1864],[140.4731,-34.1324],[140.4062,-34.1335],[140.3742,-34.1194],[140.3702,-34.1209],[140.3553,-34.1327],[140.3548,-34.1363],[140.3284,-34.1364],[140.3284,-34.1458],[140.3239,-34.1464],[140.3206,-34.1497],[140.3202,-34.1513],[140.3235,-34.1515],[140.3226,-34.1613],[140.314,-34.1687],[140.3068,-34.1731],[140.3031,-34.1773],[140.2989,-34.1802],[140.2948,-34.186],[140.2934,-34.1868],[140.2865,-34.1854],[140.2825,-34.1838],[140.2707,-34.1749],[140.2651,-34.1725],[140.2557,-34.1694],[140.2522,-34.17],[140.2453,-34.1732],[140.2412,-34.1755],[140.2366,-34.1799],[140.2335,-34.1805],[140.2212,-34.1762],[140.2162,-34.1741],[140.2162,-34.0552],[140.2075,-34.0554],[140.1502,-34.0562],[140.0553,-34.0572],[140.0533,-33.9597],[140.0448,-33.9524],[139.9971,-33.9485],[139.9836,-33.9319],[139.98,-33.9443],[139.9167,-33.944],[139.9166,-34.0079],[139.9157,-34.0082],[139.9008,-34.0243],[139.8574,-34.0244],[139.8571,-33.8753],[139.6992,-33.8752],[139.7,-33.8006],[139.6248,-33.8011],[139.5277,-33.8018],[139.4185,-33.8026],[139.3559,-33.803],[139.3552,-33.5428],[139.3546,-33.3254],[139.3545,-33.2521],[139.3546,-33.2405],[139.3545,-33.2045],[139.3544,-33.2042],[139.3543,-33.0976],[139.3541,-32.9693],[139.354,-32.8878],[139.3539,-32.795],[139.3535,-32.594],[139.263,-32.5942],[139.1412,-32.5945],[139.0658,-32.5946],[138.9908,-32.5947],[138.8901,-32.5947],[138.8901,-32.5147],[138.8902,-32.485],[138.8901,-32.484],[138.8901,-32.4146],[138.8265,-32.4147],[138.8254,-32.1597],[138.7545,-32.1596],[138.7545,-32.1203],[138.651,-32.1206],[138.5262,-32.1209],[138.4395,-32.121],[138.4395,-32.1981],[138.4404,-32.2123],[138.4403,-32.2485],[138.4401,-32.3232],[138.3925,-32.3231],[138.391,-32.3258],[138.3718,-32.3258],[138.3431,-32.324],[138.3431,-32.4152],[138.3274,-32.4149],[138.2425,-32.4147],[138.1572,-32.4148],[138.157,-32.4633],[138.1568,-32.4634],[138.1567,-32.5271],[138.1317,-32.5176],[138.1246,-32.5145],[138.1129,-32.5086],[138.1076,-32.5039],[138.1045,-32.5044],[138.1023,-32.5061],[138.096,-32.5086],[138.0946,-32.5097],[138.0885,-32.5104],[138.0837,-32.5063],[138.0733,-32.5064],[138.0714,-32.5047],[138.0706,-32.5064],[138.0092,-32.5063],[138.0082,-32.5059],[138.0062,-32.4972],[137.9807,-32.497],[137.9807,-32.4973],[137.9711,-32.4973],[137.9711,-32.4949],[137.923,-32.4946],[137.9231,-32.4153],[137.8916,-32.4157],[137.8915,-32.4155],[137.8489,-32.4154],[137.7486,-32.4154],[137.7467,-32.412],[137.749,-32.4111],[137.7491,-32.41],[137.7473,-32.4059],[137.7476,-32.4025],[137.7522,-32.4003],[137.7522,-32.3983],[137.7509,-32.3967],[137.7514,-32.3943],[137.7503,-32.3927],[137.7508,-32.3897],[137.7521,-32.3868],[137.7564,-32.384],[137.7565,-32.3812],[137.7541,-32.3773],[137.7561,-32.374],[137.7587,-32.3719],[137.7619,-32.3676],[137.7634,-32.3644],[137.7648,-32.3633],[137.7649,-32.3604],[137.7623,-32.3588],[137.7606,-32.3548],[137.7199,-32.355],[137.6204,-32.3554],[137.6202,-32.4863],[137.6201,-32.5325],[137.6202,-32.6731],[137.5959,-32.6724],[137.5966,-32.682],[137.596,-32.6873],[137.5974,-32.6901],[137.6095,-32.8211],[137.6136,-32.8692],[137.6148,-32.8775],[137.5067,-32.8776],[137.4079,-32.9449],[137.3134,-33.0094],[137.3135,-33.1167],[137.3135,-33.1544],[137.2788,-33.1544],[137.2788,-33.1646],[137.2791,-33.3262],[137.2364,-33.3264],[137.2364,-33.3262],[137.19,-33.3263],[137.1016,-33.3265],[137.0647,-33.3267],[137.0647,-33.3266],[137.0129,-33.3267],[136.9056,-33.3269],[136.8106,-33.327],[136.8109,-33.1243],[136.8094,-33.1241],[136.7685,-33.1241],[136.6644,-33.1244],[136.6644,-33.125],[136.5991,-33.1251],[136.5983,-33.1237],[136.5983,-33.0518],[136.5986,-33.0355],[136.5986,-32.9951],[136.5973,-32.9971],[136.5948,-32.9987],[136.5907,-32.9967],[136.5876,-32.9964],[136.5852,-32.9969],[136.5819,-33.0],[136.5781,-33.0001],[136.5763,-33.0025],[136.5716,-33.003],[136.5705,-33.0051],[136.5751,-33.0064],[136.5773,-33.0085],[136.5769,-33.0126],[136.5753,-33.0153],[136.5761,-33.0177],[136.5858,-33.0254],[136.5629,-33.0254],[136.5098,-33.0251],[136.51,-32.95],[136.507,-32.95],[136.4965,-32.9381],[136.4904,-32.9271],[136.485,-32.9194],[136.4816,-32.9121],[136.4785,-32.9069],[136.4577,-32.9069],[136.4597,-32.8908],[136.4612,-32.881],[136.453,-32.8811],[136.4386,-32.8623],[136.4388,-32.8547],[136.4313,-32.8546],[136.4253,-32.854],[136.4232,-32.8526],[136.4199,-32.8482],[136.4178,-32.8488],[136.409,-32.8414],[136.4051,-32.8387],[136.4013,-32.8341],[136.3978,-32.8319],[136.3918,-32.8259],[136.3699,-32.8257],[136.3698,-32.8215],[136.3703,-32.819],[136.3703,-32.8113],[136.3641,-32.8125],[136.3518,-32.8155],[136.3379,-32.8182],[136.3352,-32.819],[136.3209,-32.8218],[136.3139,-32.8246],[136.2621,-32.8204],[136.2536,-32.815],[136.2532,-32.7423],[136.2532,-32.7421],[136.2061,-32.7426],[136.2036,-32.6309],[136.1981,-32.6216],[136.1867,-32.622],[136.1862,-32.6139],[136.0161,-32.6119],[136.0015,-32.616],[135.9534,-32.6266],[135.9413,-32.6274],[135.9046,-32.6264],[135.9049,-32.6247],[135.8417,-32.6245],[135.8376,-32.6186],[135.8348,-32.6072],[135.8242,-32.6022],[135.7165,-32.6025],[135.7044,-32.6349],[135.6952,-32.6991],[135.7917,-32.7025],[135.7823,-32.7975],[135.7432,-32.7876],[135.7371,-32.781],[135.713,-32.7812],[135.7129,-32.7663],[135.4804,-32.7673],[135.4805,-32.8061],[135.4798,-32.8068],[135.4785,-32.8077],[135.4702,-32.8078],[135.4683,-32.8085],[135.4621,-32.8088],[135.4604,-32.8068],[135.4544,-32.8083],[135.4316,-32.8098],[135.4246,-32.8111],[135.4198,-32.81],[135.4124,-32.8108],[135.4091,-32.8127],[135.4068,-32.8114],[135.4012,-32.81],[135.3993,-32.8103],[135.398,-32.8087],[135.3941,-32.8085],[135.3922,-32.8069],[135.3875,-32.8062],[135.3879,-32.8098],[135.3783,-32.8133],[135.3781,-32.8147],[135.3757,-32.8148],[135.3748,-32.8138],[135.3687,-32.8127],[135.3637,-32.815],[135.3597,-32.8151],[135.3596,-32.7674],[135.3085,-32.7675],[135.3085,-32.6216],[135.2549,-32.6219],[135.1555,-32.6223],[135.1445,-32.6221],[135.1366,-32.6222],[135.1366,-32.5732],[135.1305,-32.5727],[135.1199,-32.5759],[135.1146,-32.5725],[135.1057,-32.5723],[135.0906,-32.5142],[135.0014,-32.5143],[134.941,-32.5144],[134.8566,-32.5144],[134.8556,-32.2368],[134.8511,-32.2364],[134.8445,-32.2311],[134.8295,-32.2311],[134.7364,-32.2315],[134.6321,-32.2318],[134.513,-32.2321],[134.513,-32.2069],[134.5129,-32.0868],[134.2905,-32.0871],[134.2903,-31.8676],[134.1201,-31.868],[134.1201,-31.9758],[134.0898,-31.9628]],[[133.6745,-27.0249],[133.6804,-26.999],[133.7449,-26.7182],[133.5889,-26.7183],[133.5013,-26.7168],[133.4367,-26.7182],[133.3676,-26.7167],[133.3339,-26.8075],[133.3339,-26.8079],[133.3442,-26.8456],[133.3532,-26.8616],[133.3588,-26.8763],[133.3683,-26.9109],[133.371,-26.9696],[133.381,-26.9692],[133.3812,-26.9737],[133.3732,-26.974],[133.3713,-26.9768],[133.3722,-26.9958],[133.3732,-26.9982],[133.4438,-27.0718],[133.4926,-27.1434],[133.4926,-27.1381],[133.5174,-27.1377],[133.6428,-27.1376],[133.6386,-27.1201],[133.6354,-27.0678],[133.6412,-27.0474],[133.6745,-27.0249]]],[[[139.1855,-35.5137],[139.1935,-35.5106],[139.1961,-35.5109],[139.1999,-35.5124],[139.2006,-35.5135],[139.204,-35.515],[139.2087,-35.5146],[139.2152,-35.5157],[139.2177,-35.5181],[139.2203,-35.5169],[139.2228,-35.5177],[139.2265,-35.5175],[139.2345,-35.5213],[139.2361,-35.5234],[139.2395,-35.5244],[139.2425,-35.5273],[139.2445,-35.5286],[139.2494,-35.5291],[139.2514,-35.5319],[139.2536,-35.5326],[139.2581,-35.5323],[139.2596,-35.5332],[139.2596,-35.5363],[139.2625,-35.5385],[139.2668,-35.539],[139.2726,-35.5402],[139.2743,-35.5402],[139.2772,-35.5416],[139.279,-35.5417],[139.2824,-35.5439],[139.2829,-35.5451],[139.2848,-35.5454],[139.2888,-35.5486],[139.2921,-35.5496],[139.2933,-35.5508],[139.2962,-35.5522],[139.2961,-35.5529],[139.3018,-35.5548],[139.3035,-35.5571],[139.3075,-35.558],[139.309,-35.5603],[139.3111,-35.5605],[139.3176,-35.5659],[139.3257,-35.57],[139.3357,-35.574],[139.342,-35.5779],[139.3452,-35.5807],[139.3512,-35.5843],[139.3521,-35.5842],[139.3611,-35.5907],[139.3682,-35.5967],[139.3705,-35.5996],[139.374,-35.6032],[139.3751,-35.6049],[139.3729,-35.6064],[139.3758,-35.6077],[139.3749,-35.6093],[139.3701,-35.609],[139.3686,-35.6097],[139.3641,-35.6104],[139.3614,-35.6096],[139.3585,-35.6119],[139.3548,-35.6134],[139.3507,-35.618],[139.3489,-35.6247],[139.3485,-35.63],[139.3473,-35.6335],[139.3474,-35.6357],[139.346,-35.6363],[139.3473,-35.6405],[139.3464,-35.6422],[139.3461,-35.6452],[139.3464,-35.6537],[139.3451,-35.6571],[139.344,-35.6615],[139.3438,-35.6712],[139.3427,-35.6735],[139.3409,-35.6804],[139.3414,-35.6813],[139.3394,-35.6849],[139.3368,-35.6872],[139.3325,-35.6884],[139.3307,-35.6896],[139.327,-35.69],[139.3217,-35.6896],[139.3142,-35.6899],[139.3113,-35.6893],[139.309,-35.6862],[139.3067,-35.6863],[139.3014,-35.6837],[139.2988,-35.6839],[139.2931,-35.6861],[139.286,-35.6882],[139.2798,-35.6911],[139.2776,-35.6935],[139.2712,-35.697],[139.2667,-35.6988],[139.2613,-35.6996],[139.2604,-35.7015],[139.2649,-35.7016],[139.2625,-35.707],[139.2651,-35.7065],[139.2687,-35.7077],[139.2703,-35.7091],[139.2731,-35.7099],[139.273,-35.7141],[139.2715,-35.7155],[139.2687,-35.7144],[139.2685,-35.7169],[139.2706,-35.7184],[139.2709,-35.7217],[139.2726,-35.7209],[139.2752,-35.7221],[139.2756,-35.7276],[139.2731,-35.7282],[139.2741,-35.7295],[139.2708,-35.7329],[139.2688,-35.7327],[139.2665,-35.7353],[139.2642,-35.7357],[139.2598,-35.7344],[139.2586,-35.7325],[139.2613,-35.7313],[139.2637,-35.7292],[139.2621,-35.7287],[139.259,-35.73],[139.2575,-35.7298],[139.2579,-35.7277],[139.2564,-35.7262],[139.2565,-35.7247],[139.2546,-35.7249],[139.2539,-35.7221],[139.2558,-35.7214],[139.2551,-35.7193],[139.256,-35.7184],[139.258,-35.7185],[139.2555,-35.7147],[139.2586,-35.7152],[139.2616,-35.7103],[139.2594,-35.709],[139.2561,-35.7106],[139.2566,-35.7078],[139.2538,-35.7081],[139.2529,-35.7065],[139.256,-35.7058],[139.2549,-35.7044],[139.2545,-35.702],[139.2557,-35.7007],[139.2532,-35.6981],[139.2472,-35.696],[139.2401,-35.6954],[139.2355,-35.6959],[139.2322,-35.695],[139.2306,-35.6923],[139.2253,-35.689],[139.2241,-35.6865],[139.2217,-35.6856],[139.2212,-35.6837],[139.2194,-35.6837],[139.2205,-35.6822],[139.2252,-35.6785],[139.2256,-35.6773],[139.2241,-35.6761],[139.2232,-35.6716],[139.22,-35.6695],[139.2178,-35.6712],[139.2164,-35.6672],[139.2145,-35.6683],[139.213,-35.6716],[139.2103,-35.6737],[139.2095,-35.673],[139.2115,-35.6697],[139.2098,-35.6693],[139.2132,-35.6677],[139.2135,-35.6647],[139.211,-35.6626],[139.212,-35.661],[139.2156,-35.6624],[139.2176,-35.6614],[139.2174,-35.6589],[139.2165,-35.6602],[139.2129,-35.6609],[139.2103,-35.659],[139.2088,-35.6597],[139.2058,-35.6584],[139.209,-35.6583],[139.2091,-35.6568],[139.2056,-35.657],[139.2038,-35.6562],[139.2046,-35.6546],[139.2001,-35.6534],[139.1992,-35.6537],[139.1992,-35.6514],[139.2028,-35.6524],[139.2009,-35.6475],[139.2034,-35.6479],[139.2023,-35.6488],[139.2029,-35.6516],[139.2044,-35.6523],[139.207,-35.651],[139.2107,-35.6517],[139.2152,-35.6504],[139.2165,-35.6496],[139.2247,-35.6466],[139.2275,-35.6451],[139.2341,-35.6432],[139.2344,-35.6428],[139.2398,-35.6425],[139.2438,-35.6411],[139.2493,-35.6411],[139.2549,-35.6393],[139.2555,-35.6373],[139.2589,-35.6366],[139.2617,-35.6341],[139.264,-35.6299],[139.2657,-35.6252],[139.2611,-35.6243],[139.26,-35.6246],[139.2541,-35.6222],[139.25,-35.6234],[139.2485,-35.6247],[139.2455,-35.6235],[139.2452,-35.6225],[139.2403,-35.6233],[139.237,-35.6262],[139.2336,-35.6267],[139.2285,-35.6253],[139.2276,-35.6263],[139.2285,-35.6277],[139.2252,-35.6281],[139.2241,-35.6264],[139.2221,-35.6262],[139.2166,-35.6268],[139.2139,-35.6252],[139.2132,-35.6239],[139.2144,-35.6204],[139.2143,-35.6185],[139.2109,-35.6171],[139.2114,-35.6158],[139.2089,-35.6127],[139.2133,-35.6124],[139.2168,-35.6112],[139.2177,-35.6114],[139.2239,-35.608],[139.2268,-35.6076],[139.2338,-35.6042],[139.2401,-35.5984],[139.2408,-35.5965],[139.2428,-35.5942],[139.2443,-35.5937],[139.2449,-35.5911],[139.2475,-35.5894],[139.25,-35.5857],[139.2514,-35.5818],[139.2524,-35.5775],[139.2505,-35.5786],[139.2481,-35.584],[139.2461,-35.5873],[139.2412,-35.5871],[139.238,-35.5864],[139.2363,-35.5846],[139.2365,-35.5814],[139.2383,-35.5805],[139.239,-35.5779],[139.2383,-35.5755],[139.2401,-35.5724],[139.2368,-35.5711],[139.2417,-35.5708],[139.2446,-35.5656],[139.25,-35.5621],[139.2543,-35.5579],[139.2571,-35.5527],[139.2587,-35.5524],[139.2597,-35.5505],[139.2585,-35.5506],[139.2561,-35.5526],[139.2527,-35.5528],[139.2508,-35.5542],[139.248,-35.5532],[139.2489,-35.5526],[139.2418,-35.5525],[139.2415,-35.5506],[139.2402,-35.5496],[139.2395,-35.5468],[139.2409,-35.5458],[139.2339,-35.5423],[139.2349,-35.5409],[139.23,-35.5421],[139.2272,-35.5398],[139.2265,-35.5385],[139.228,-35.5347],[139.226,-35.5347],[139.2247,-35.5318],[139.2209,-35.5301],[139.2182,-35.5309],[139.212,-35.5296],[139.2081,-35.5317],[139.2049,-35.5305],[139.2026,-35.5287],[139.1998,-35.5289],[139.1977,-35.5277],[139.1944,-35.5271],[139.1907,-35.5255],[139.1886,-35.5255],[139.1878,-35.5277],[139.1837,-35.5268],[139.1834,-35.5251],[139.1777,-35.5205],[139.1775,-35.5192],[139.1744,-35.5184],[139.1733,-35.5158],[139.175,-35.5153],[139.1756,-35.5137],[139.1787,-35.5135],[139.1795,-35.5152],[139.1833,-35.5153],[139.1855,-35.5137]],[[139.248,-35.5816],[139.248,-35.5818],[139.2483,-35.5817],[139.248,-35.5816]],[[139.2274,-35.6885],[139.2278,-35.689],[139.2278,-35.6885],[139.2274,-35.6885]],[[139.2452,-35.5823],[139.2443,-35.5825],[139.2455,-35.5829],[139.2452,-35.5823]],[[139.2632,-35.7278],[139.2633,-35.7273],[139.2617,-35.7277],[139.2632,-35.7278]],[[139.2692,-35.7312],[139.2677,-35.7321],[139.2695,-35.7321],[139.2692,-35.7312]],[[139.2719,-35.7265],[139.2698,-35.7265],[139.2701,-35.7285],[139.2728,-35.7282],[139.2719,-35.7265]],[[139.264,-35.727],[139.2665,-35.7263],[139.2658,-35.7244],[139.2645,-35.724],[139.2627,-35.7262],[139.264,-35.727]]],[[[136.1209,-35.3359],[136.1228,-35.3352],[136.1262,-35.3387],[136.1262,-35.3402],[136.1182,-35.3398],[136.1173,-35.3386],[136.115,-35.338],[136.1144,-35.335],[136.1125,-35.3355],[136.1108,-35.3342],[136.1125,-35.3325],[136.1146,-35.3344],[136.1183,-35.3338],[136.1209,-35.3359]]],[[[136.1154,-35.3291],[136.1121,-35.3294],[136.1101,-35.3265],[136.1102,-35.3241],[136.1126,-35.3227],[136.1142,-35.3186],[136.117,-35.3181],[136.1183,-35.3169],[136.1193,-35.3192],[136.1179,-35.3235],[136.1144,-35.325],[136.1154,-35.3291]]],[[[136.0762,-35.2271],[136.0775,-35.2258],[136.0808,-35.2248],[136.0851,-35.2269],[136.0833,-35.228],[136.0797,-35.2275],[136.0766,-35.2283],[136.0762,-35.2271]]],[[[136.4834,-35.1839],[136.4824,-35.1858],[136.4812,-35.1836],[136.4834,-35.1839]]],[[[136.491,-35.1798],[136.4932,-35.1807],[136.4916,-35.1819],[136.491,-35.1798]]],[[[136.0756,-35.165],[136.0771,-35.1656],[136.0744,-35.1657],[136.0756,-35.165]]],[[[136.4514,-35.135],[136.4536,-35.1343],[136.4549,-35.1356],[136.4573,-35.1357],[136.4596,-35.138],[136.462,-35.1429],[136.4674,-35.1467],[136.4707,-35.15],[136.4742,-35.1518],[136.4802,-35.154],[136.4859,-35.1571],[136.4875,-35.1574],[136.4902,-35.1595],[136.493,-35.1598],[136.4941,-35.1619],[136.4923,-35.1639],[136.4941,-35.1665],[136.4926,-35.1701],[136.4917,-35.1755],[136.4896,-35.1765],[136.4859,-35.176],[136.4843,-35.1734],[136.4822,-35.1715],[136.4797,-35.1712],[136.4804,-35.17],[136.479,-35.1688],[136.4728,-35.1677],[136.471,-35.1658],[136.4713,-35.1645],[136.4687,-35.1634],[136.4636,-35.1624],[136.4607,-35.1653],[136.4578,-35.165],[136.4527,-35.1659],[136.4478,-35.1621],[136.4444,-35.1603],[136.4417,-35.1562],[136.4427,-35.152],[136.4414,-35.1502],[136.4423,-35.148],[136.4459,-35.1473],[136.4483,-35.1484],[136.4501,-35.1481],[136.4525,-35.1451],[136.4537,-35.1449],[136.4539,-35.1417],[136.4531,-35.1384],[136.4547,-35.1373],[136.4541,-35.1361],[136.4514,-35.135]]],[[[136.4785,-35.1214],[136.4746,-35.1223],[136.4723,-35.1235],[136.4675,-35.1222],[136.4669,-35.121],[136.4639,-35.1186],[136.4639,-35.1172],[136.4681,-35.1175],[136.4707,-35.1157],[136.4724,-35.1169],[136.4752,-35.1169],[136.4783,-35.12],[136.4785,-35.1214]]],[[[136.1335,-34.9891],[136.1308,-34.9879],[136.1293,-34.9865],[136.1263,-34.9862],[136.1223,-34.9838],[136.1201,-34.9818],[136.1173,-34.9804],[136.1171,-34.9784],[136.1145,-34.9787],[136.1107,-34.976],[136.1106,-34.9698],[136.1039,-34.9671],[136.1014,-34.9667],[136.0988,-34.9674],[136.0969,-34.9668],[136.0926,-34.9687],[136.0896,-34.9689],[136.084,-34.9667],[136.0837,-34.9644],[136.085,-34.9597],[136.0892,-34.956],[136.0865,-34.9543],[136.0839,-34.9544],[136.0821,-34.9554],[136.0813,-34.9536],[136.0787,-34.9522],[136.0794,-34.9501],[136.0825,-34.9473],[136.0828,-34.9454],[136.0861,-34.9442],[136.0887,-34.942],[136.0912,-34.9411],[136.0919,-34.9389],[136.0935,-34.9405],[136.0966,-34.9407],[136.0982,-34.9401],[136.1003,-34.9378],[136.104,-34.9324],[136.1073,-34.9324],[136.109,-34.934],[136.1159,-34.9453],[136.1174,-34.9467],[136.1216,-34.9472],[136.1236,-34.9497],[136.1295,-34.9524],[136.1292,-34.9568],[136.1308,-34.9621],[136.1352,-34.97],[136.1364,-34.9708],[136.1415,-34.9788],[136.1443,-34.9807],[136.1458,-34.9838],[136.1499,-34.9879],[136.154,-34.9912],[136.158,-34.9937],[136.1631,-34.9941],[136.163,-34.9952],[136.166,-34.9975],[136.1676,-34.997],[136.1689,-34.9978],[136.1699,-35.0015],[136.1761,-35.0058],[136.182,-35.0076],[136.1859,-35.0076],[136.1896,-35.0043],[136.1906,-35.0074],[136.1896,-35.0097],[136.1903,-35.0117],[136.1934,-35.0136],[136.1945,-35.0162],[136.1909,-35.0199],[136.1896,-35.0238],[136.1911,-35.0253],[136.1913,-35.0297],[136.1925,-35.0337],[136.1946,-35.0345],[136.1935,-35.0365],[136.1922,-35.0408],[136.1925,-35.0443],[136.1954,-35.0504],[136.1986,-35.0527],[136.2014,-35.0511],[136.2043,-35.0521],[136.2044,-35.0535],[136.2025,-35.056],[136.2031,-35.0579],[136.2027,-35.0602],[136.2033,-35.0641],[136.2015,-35.0632],[136.2018,-35.0646],[136.2,-35.0654],[136.1974,-35.0645],[136.1975,-35.0635],[136.1957,-35.0599],[136.1922,-35.0566],[136.1903,-35.0542],[136.1899,-35.0525],[136.1878,-35.052],[136.186,-35.0531],[136.1844,-35.0558],[136.1824,-35.0546],[136.1789,-35.0543],[136.179,-35.059],[136.1769,-35.0615],[136.1753,-35.0611],[136.1716,-35.0579],[136.1693,-35.059],[136.1679,-35.0588],[136.1624,-35.0537],[136.1619,-35.0512],[136.1597,-35.0502],[136.1582,-35.048],[136.1558,-35.0472],[136.1544,-35.0443],[136.1549,-35.0407],[136.1542,-35.0397],[136.1521,-35.0397],[136.1514,-35.0353],[136.1541,-35.0349],[136.1509,-35.0321],[136.1494,-35.0291],[136.1479,-35.0284],[136.1468,-35.0266],[136.1474,-35.0247],[136.1522,-35.0252],[136.1559,-35.0227],[136.1581,-35.0226],[136.1592,-35.0208],[136.1572,-35.0173],[136.1571,-35.0158],[136.1585,-35.0143],[136.1557,-35.0116],[136.1572,-35.0097],[136.1575,-35.0079],[136.1561,-35.0058],[136.1535,-35.0032],[136.1474,-35.001],[136.1475,-34.9995],[136.1456,-34.9977],[136.1429,-34.9971],[136.1421,-34.9948],[136.1409,-34.9948],[136.1378,-34.9917],[136.1355,-34.9911],[136.1335,-34.9891]]],[[[138.5416,-34.8097],[138.5401,-34.811],[138.5368,-34.8121],[138.531,-34.8117],[138.5247,-34.8103],[138.5285,-34.8073],[138.5312,-34.8034],[138.5377,-34.8014],[138.5388,-34.8017],[138.5402,-34.8052],[138.5439,-34.8059],[138.5416,-34.8097]]],[[[138.5135,-34.7582],[138.5149,-34.7567],[138.5181,-34.7569],[138.5214,-34.7598],[138.5244,-34.7639],[138.5279,-34.77],[138.5288,-34.773],[138.5324,-34.777],[138.5343,-34.7799],[138.5377,-34.784],[138.5411,-34.7871],[138.543,-34.7903],[138.5462,-34.7983],[138.5458,-34.8019],[138.5426,-34.8003],[138.5364,-34.8002],[138.5293,-34.8019],[138.5277,-34.8031],[138.5278,-34.8042],[138.5237,-34.809],[138.5209,-34.8077],[138.5182,-34.805],[138.518,-34.8027],[138.5164,-34.7996],[138.5161,-34.7962],[138.5176,-34.7913],[138.5188,-34.7814],[138.5217,-34.7749],[138.5225,-34.7697],[138.5211,-34.7662],[138.5171,-34.7615],[138.5148,-34.7607],[138.5135,-34.7582]]],[[[138.5156,-34.7555],[138.5127,-34.7575],[138.5096,-34.7571],[138.5118,-34.7555],[138.5156,-34.7555]]],[[[136.354,-34.6594],[136.3581,-34.6621],[136.3591,-34.6638],[136.358,-34.6651],[136.3522,-34.6652],[136.3507,-34.6669],[136.3503,-34.6692],[136.3476,-34.6697],[136.3449,-34.6727],[136.3442,-34.6755],[136.3478,-34.6795],[136.3479,-34.6816],[136.347,-34.683],[136.3445,-34.6826],[136.3421,-34.6798],[136.3417,-34.6776],[136.342,-34.6736],[136.3393,-34.6713],[136.3365,-34.6709],[136.3337,-34.6681],[136.3335,-34.6661],[136.3295,-34.6627],[136.3299,-34.6584],[136.3312,-34.6555],[136.3357,-34.6508],[136.3374,-34.6511],[136.3416,-34.6505],[136.3446,-34.6505],[136.3488,-34.6525],[136.3529,-34.6531],[136.3555,-34.6555],[136.3556,-34.6569],[136.3538,-34.6582],[136.354,-34.6594]]],[[[136.2793,-34.5333],[136.2786,-34.5358],[136.2792,-34.5396],[136.2824,-34.5411],[136.2838,-34.5406],[136.2852,-34.545],[136.2865,-34.5453],[136.2858,-34.5469],[136.2838,-34.5483],[136.276,-34.5497],[136.274,-34.5478],[136.2716,-34.5467],[136.2708,-34.5445],[136.2707,-34.541],[136.2758,-34.5379],[136.2769,-34.5358],[136.2769,-34.5323],[136.2759,-34.5307],[136.276,-34.5265],[136.2778,-34.5244],[136.2781,-34.5223],[136.2766,-34.519],[136.2797,-34.511],[136.2796,-34.5088],[136.2784,-34.5075],[136.2796,-34.5063],[136.2798,-34.5042],[136.2811,-34.5028],[136.2838,-34.5035],[136.2859,-34.5052],[136.2873,-34.5077],[136.2924,-34.5067],[136.2944,-34.5048],[136.2953,-34.5025],[136.3014,-34.5019],[136.3034,-34.5025],[136.3056,-34.5051],[136.3031,-34.5073],[136.2967,-34.5056],[136.2918,-34.508],[136.2876,-34.5116],[136.2845,-34.5155],[136.2831,-34.518],[136.283,-34.5217],[136.2853,-34.5227],[136.2856,-34.5239],[136.2839,-34.525],[136.2843,-34.5281],[136.2874,-34.5297],[136.2871,-34.5305],[136.2839,-34.5296],[136.2812,-34.5305],[136.2793,-34.5333]]],[[[137.3569,-34.4702],[137.3585,-34.4702],[137.361,-34.4686],[137.3614,-34.4629],[137.3635,-34.4625],[137.3667,-34.4647],[137.3731,-34.4676],[137.3749,-34.4688],[137.3763,-34.4729],[137.3762,-34.4748],[137.3744,-34.4784],[137.3736,-34.4831],[137.3767,-34.4861],[137.3761,-34.4919],[137.378,-34.4952],[137.3788,-34.4947],[137.3817,-34.4971],[137.3805,-34.4973],[137.3783,-34.4992],[137.3741,-34.5018],[137.3713,-34.5062],[137.3699,-34.5141],[137.3684,-34.5173],[137.3683,-34.5198],[137.3656,-34.523],[137.3653,-34.5247],[137.3667,-34.5278],[137.3652,-34.5295],[137.3631,-34.5302],[137.3607,-34.5291],[137.3579,-34.5293],[137.3533,-34.5322],[137.352,-34.5341],[137.3497,-34.5288],[137.3476,-34.5277],[137.341,-34.5263],[137.3408,-34.5243],[137.3426,-34.5236],[137.3413,-34.5205],[137.3414,-34.5167],[137.342,-34.5142],[137.3418,-34.5076],[137.3393,-34.5061],[137.3398,-34.5022],[137.3373,-34.4991],[137.3391,-34.4985],[137.3377,-34.4936],[137.3389,-34.4936],[137.3393,-34.4912],[137.3383,-34.4885],[137.3404,-34.4869],[137.3432,-34.4879],[137.3468,-34.4848],[137.3477,-34.4828],[137.3498,-34.482],[137.3497,-34.4795],[137.353,-34.4793],[137.354,-34.4782],[137.354,-34.4761],[137.3566,-34.4756],[137.3574,-34.4728],[137.3569,-34.4702]]],[[[137.4036,-34.4619],[137.4047,-34.4618],[137.4039,-34.4625],[137.4036,-34.4619]]],[[[137.3657,-34.4552],[137.366,-34.4571],[137.3625,-34.457],[137.3626,-34.4559],[137.3657,-34.4552]]],[[[137.3613,-34.4518],[137.3622,-34.4523],[137.362,-34.4536],[137.3613,-34.4518]]],[[[140.4874,-34.383],[140.4817,-34.3797],[140.4773,-34.3778],[140.4741,-34.377],[140.4684,-34.3775],[140.4622,-34.3805],[140.4582,-34.3812],[140.4494,-34.3795],[140.4474,-34.3797],[140.4435,-34.3813],[140.4398,-34.3843],[140.4375,-34.388],[140.4359,-34.3939],[140.4343,-34.3963],[140.4311,-34.3974],[140.4301,-34.3965],[140.4237,-34.3893],[140.4172,-34.3826],[140.4118,-34.3746],[140.4085,-34.3704],[140.3991,-34.3596],[140.3966,-34.355],[140.3935,-34.3462],[140.3927,-34.3421],[140.3916,-34.3388],[140.3898,-34.3363],[140.3863,-34.3335],[140.4039,-34.3336],[140.4099,-34.3334],[140.4286,-34.3353],[140.4318,-34.3339],[140.4345,-34.3316],[140.4406,-34.3304],[140.4546,-34.3345],[140.4572,-34.3301],[140.4573,-34.3281],[140.4511,-34.3248],[140.4492,-34.3245],[140.4473,-34.319],[140.4456,-34.3167],[140.4456,-34.3127],[140.4522,-34.313],[140.459,-34.3018],[140.4575,-34.2989],[140.4619,-34.2973],[140.4631,-34.2947],[140.4762,-34.2946],[140.476,-34.2929],[140.4822,-34.2942],[140.4906,-34.297],[140.4992,-34.3017],[140.503,-34.3023],[140.5052,-34.3033],[140.5006,-34.3066],[140.5048,-34.3066],[140.5039,-34.3079],[140.5052,-34.3086],[140.5041,-34.3103],[140.5055,-34.311],[140.5033,-34.3142],[140.5058,-34.3143],[140.5058,-34.3184],[140.5101,-34.3184],[140.5121,-34.3215],[140.5145,-34.3272],[140.5146,-34.3359],[140.518,-34.3355],[140.5256,-34.3354],[140.5262,-34.3339],[140.5281,-34.3349],[140.5373,-34.3511],[140.5227,-34.3568],[140.5155,-34.3557],[140.5122,-34.3516],[140.5081,-34.3574],[140.5195,-34.3809],[140.5161,-34.3973],[140.5019,-34.3947],[140.4895,-34.3957],[140.4881,-34.3927],[140.4835,-34.3913],[140.4823,-34.3902],[140.4821,-34.3881],[140.4875,-34.3869],[140.4883,-34.3841],[140.4874,-34.383]]],[[[137.5648,-33.0491],[137.5661,-33.0516],[137.5631,-33.0517],[137.5654,-33.0536],[137.5619,-33.0532],[137.5621,-33.0545],[137.5651,-33.057],[137.5626,-33.0575],[137.561,-33.0593],[137.5569,-33.0596],[137.5545,-33.0573],[137.5568,-33.0618],[137.5581,-33.0633],[137.5564,-33.0643],[137.5576,-33.0651],[137.5569,-33.0666],[137.5539,-33.0695],[137.5519,-33.0637],[137.5439,-33.0424],[137.5544,-33.0401],[137.5567,-33.0399],[137.563,-33.0404],[137.563,-33.0491],[137.5648,-33.0491]]],[[[137.5726,-33.0246],[137.5748,-33.0213],[137.575,-33.0197],[137.5778,-33.0187],[137.5767,-33.016],[137.5753,-33.0164],[137.5759,-33.0108],[137.5773,-33.0093],[137.5729,-33.0088],[137.5729,-33.0044],[137.5719,-33.003],[137.5744,-33.0032],[137.5771,-33.0003],[137.5825,-32.9855],[137.5824,-32.9824],[137.574,-32.9466],[137.5979,-32.9415],[137.617,-32.9376],[137.6231,-32.9247],[137.6341,-32.9176],[137.6396,-32.9165],[137.6639,-32.9353],[137.6669,-32.9443],[137.6685,-32.9511],[137.6675,-32.9541],[137.6625,-32.9523],[137.661,-32.951],[137.6571,-32.9509],[137.6572,-32.9523],[137.6538,-32.9532],[137.6482,-32.9538],[137.6471,-32.9551],[137.6418,-32.9552],[137.6383,-32.9586],[137.6382,-32.96],[137.6346,-32.9587],[137.633,-32.9613],[137.631,-32.9615],[137.6305,-32.9642],[137.6195,-32.9695],[137.6117,-32.9743],[137.6086,-32.9779],[137.6035,-32.9864],[137.6023,-32.9894],[137.5986,-32.9938],[137.5952,-32.9986],[137.5956,-33.0005],[137.5947,-33.0014],[137.5963,-33.0068],[137.5978,-33.0064],[137.5987,-33.0043],[137.6013,-33.0009],[137.6032,-33.002],[137.6004,-33.0067],[137.5958,-33.0121],[137.5975,-33.0116],[137.6011,-33.0128],[137.6018,-33.0148],[137.6,-33.0181],[137.5997,-33.0211],[137.5974,-33.0197],[137.5952,-33.0209],[137.5917,-33.021],[137.5901,-33.0185],[137.5872,-33.0194],[137.5857,-33.0221],[137.5869,-33.0231],[137.5864,-33.0255],[137.5878,-33.0276],[137.5893,-33.0275],[137.5896,-33.0297],[137.593,-33.031],[137.5957,-33.0352],[137.593,-33.0374],[137.5936,-33.0384],[137.5906,-33.0409],[137.5901,-33.0404],[137.5883,-33.039],[137.5903,-33.0361],[137.588,-33.035],[137.5889,-33.0337],[137.5861,-33.0323],[137.5763,-33.0264],[137.5726,-33.0246]]]]}}]}
